image_id,class_name,threshold,object_recall_bound,target_objects,available_objects,qualified_patches
P0003,large-vehicle,0,1.0,40,40,11
P0003,large-vehicle,16,1.0,40,40,11
P0003,large-vehicle,64,1.0,40,40,11
P0003,large-vehicle,256,0.55,40,22,9
P0003,small-vehicle,0,1.0,15,15,7
P0003,small-vehicle,16,1.0,15,15,7
P0003,small-vehicle,64,1.0,15,15,5
P0003,small-vehicle,256,0.0,15,0,0
P0004,large-vehicle,0,1.0,87,87,10
P0004,large-vehicle,16,1.0,87,87,10
P0004,large-vehicle,64,1.0,87,87,10
P0004,large-vehicle,256,0.9425287356321839,87,82,9
P0004,small-vehicle,0,1.0,20,20,10
P0004,small-vehicle,16,1.0,20,20,10
P0004,small-vehicle,64,1.0,20,20,8
P0004,small-vehicle,256,0.0,20,0,0
P0007,large-vehicle,0,1.0,100,100,28
P0007,large-vehicle,16,1.0,100,100,28
P0007,large-vehicle,64,1.0,100,100,28
P0007,large-vehicle,256,1.0,100,100,24
P0007,small-vehicle,0,1.0,58,58,15
P0007,small-vehicle,16,1.0,58,58,15
P0007,small-vehicle,64,1.0,58,58,11
P0007,small-vehicle,256,0.0,58,0,0
P0019,harbor,0,1.0,55,55,70
P0019,harbor,16,1.0,55,55,70
P0019,harbor,64,1.0,55,55,69
P0019,harbor,256,0.9454545454545454,55,52,61
P0019,large-vehicle,0,1.0,1,1,2
P0019,large-vehicle,16,1.0,1,1,2
P0019,large-vehicle,64,1.0,1,1,1
P0019,large-vehicle,256,0.0,1,0,0
P0019,ship,0,1.0,28,28,43
P0019,ship,16,1.0,28,28,40
P0019,ship,64,0.7142857142857143,28,20,22
P0019,ship,256,0.03571428571428571,28,1,1
P0019,small-vehicle,0,1.0,25,25,29
P0019,small-vehicle,16,1.0,25,25,29
P0019,small-vehicle,64,0.8,25,20,20
P0019,small-vehicle,256,0.08,25,2,3
P0027,harbor,0,1.0,32,32,28
P0027,harbor,16,1.0,32,32,28
P0027,harbor,64,0.96875,32,31,26
P0027,harbor,256,0.3125,32,10,9
P0027,ship,0,1.0,7,7,14
P0027,ship,16,1.0,7,7,10
P0027,ship,64,0.0,7,0,0
P0027,ship,256,0.0,7,0,0
P0027,small-vehicle,0,1.0,5,5,11
P0027,small-vehicle,16,1.0,5,5,8
P0027,small-vehicle,64,0.0,5,0,0
P0027,small-vehicle,256,0.0,5,0,0
P0047,baseball-diamond,0,1.0,3,3,11
P0047,baseball-diamond,16,1.0,3,3,11
P0047,baseball-diamond,64,1.0,3,3,11
P0047,baseball-diamond,256,1.0,3,3,11
P0047,ground-track-field,0,1.0,1,1,5
P0047,ground-track-field,16,1.0,1,1,5
P0047,ground-track-field,64,1.0,1,1,5
P0047,ground-track-field,256,1.0,1,1,5
P0047,large-vehicle,0,1.0,4,4,13
P0047,large-vehicle,16,1.0,4,4,7
P0047,large-vehicle,64,0.0,4,0,0
P0047,large-vehicle,256,0.0,4,0,0
P0047,small-vehicle,0,1.0,109,109,12
P0047,small-vehicle,16,0.981651376146789,109,107,8
P0047,small-vehicle,64,0.0,109,0,0
P0047,small-vehicle,256,0.0,109,0,0
P0047,soccer-ball-field,0,1.0,1,1,6
P0047,soccer-ball-field,16,1.0,1,1,6
P0047,soccer-ball-field,64,1.0,1,1,6
P0047,soccer-ball-field,256,1.0,1,1,6
P0053,large-vehicle,0,1.0,11,11,9
P0053,large-vehicle,16,1.0,11,11,9
P0053,large-vehicle,64,1.0,11,11,5
P0053,large-vehicle,256,0.0,11,0,0
P0053,ship,0,1.0,79,79,20
P0053,ship,16,1.0,79,79,20
P0053,ship,64,1.0,79,79,20
P0053,ship,256,0.6962025316455697,79,55,18
P0053,small-vehicle,0,1.0,19,19,13
P0053,small-vehicle,16,1.0,19,19,13
P0053,small-vehicle,64,0.8947368421052632,19,17,11
P0053,small-vehicle,256,0.05263157894736842,19,1,4
P0056,large-vehicle,0,1.0,18,18,10
P0056,large-vehicle,16,1.0,18,18,10
P0056,large-vehicle,64,1.0,18,18,10
P0056,large-vehicle,256,1.0,18,18,10
P0056,small-vehicle,0,1.0,9,9,4
P0056,small-vehicle,16,1.0,9,9,4
P0056,small-vehicle,64,1.0,9,9,3
P0056,small-vehicle,256,0.0,9,0,0
P0060,large-vehicle,0,1.0,4,4,11
P0060,large-vehicle,16,1.0,4,4,8
P0060,large-vehicle,64,0.5,4,2,3
P0060,large-vehicle,256,0.0,4,0,0
P0060,ship,0,1.0,4,4,9
P0060,ship,16,1.0,4,4,7
P0060,ship,64,0.75,4,3,3
P0060,ship,256,0.0,4,0,0
P0060,small-vehicle,0,1.0,351,351,69
P0060,small-vehicle,16,1.0,351,351,64
P0060,small-vehicle,64,0.03133903133903134,351,11,17
P0060,small-vehicle,256,0.0,351,0,0
P0060,swimming-pool,0,1.0,147,147,69
P0060,swimming-pool,16,1.0,147,147,69
P0060,swimming-pool,64,1.0,147,147,69
P0060,swimming-pool,256,0.36054421768707484,147,53,38
P0075,roundabout,0,1.0,1,1,3
P0075,roundabout,16,1.0,1,1,3
P0075,roundabout,64,1.0,1,1,3
P0075,roundabout,256,1.0,1,1,3
P0075,swimming-pool,0,1.0,1,1,2
P0075,swimming-pool,16,1.0,1,1,1
P0075,swimming-pool,64,1.0,1,1,1
P0075,swimming-pool,256,1.0,1,1,1
P0079,roundabout,0,1.0,1,1,5
P0079,roundabout,16,1.0,1,1,5
P0079,roundabout,64,1.0,1,1,5
P0079,roundabout,256,1.0,1,1,5
P0079,small-vehicle,0,1.0,2,2,3
P0079,small-vehicle,16,1.0,2,2,3
P0079,small-vehicle,64,1.0,2,2,3
P0079,small-vehicle,256,0.0,2,0,0
P0079,swimming-pool,0,1.0,1,1,3
P0079,swimming-pool,16,1.0,1,1,3
P0079,swimming-pool,64,1.0,1,1,3
P0079,swimming-pool,256,1.0,1,1,1
P0081,roundabout,0,1.0,1,1,5
P0081,roundabout,16,1.0,1,1,5
P0081,roundabout,64,1.0,1,1,5
P0081,roundabout,256,1.0,1,1,5
P0086,roundabout,0,1.0,1,1,6
P0086,roundabout,16,1.0,1,1,6
P0086,roundabout,64,1.0,1,1,6
P0086,roundabout,256,1.0,1,1,6
P0086,small-vehicle,0,1.0,145,145,15
P0086,small-vehicle,16,1.0,145,145,15
P0086,small-vehicle,64,0.8068965517241379,145,117,11
P0086,small-vehicle,256,0.0,145,0,0
P0086,swimming-pool,0,1.0,2,2,9
P0086,swimming-pool,16,1.0,2,2,9
P0086,swimming-pool,64,1.0,2,2,9
P0086,swimming-pool,256,1.0,2,2,4
P0104,roundabout,0,1.0,1,1,8
P0104,roundabout,16,1.0,1,1,8
P0104,roundabout,64,1.0,1,1,8
P0104,roundabout,256,1.0,1,1,8
P0104,small-vehicle,0,1.0,69,69,11
P0104,small-vehicle,16,0.6811594202898551,69,47,11
P0104,small-vehicle,64,0.43478260869565216,69,30,9
P0104,small-vehicle,256,0.0,69,0,0
P0104,swimming-pool,0,1.0,1,1,2
P0104,swimming-pool,16,1.0,1,1,2
P0104,swimming-pool,64,1.0,1,1,2
P0104,swimming-pool,256,1.0,1,1,2
P0110,harbor,0,1.0,2,2,13
P0110,harbor,16,1.0,2,2,13
P0110,harbor,64,1.0,2,2,13
P0110,harbor,256,1.0,2,2,13
P0110,ship,0,1.0,6,6,16
P0110,ship,16,1.0,6,6,16
P0110,ship,64,0.6666666666666666,6,4,11
P0110,ship,256,0.6666666666666666,6,4,11
P0110,tennis-court,0,1.0,2,2,8
P0110,tennis-court,16,1.0,2,2,4
P0110,tennis-court,64,0.0,2,0,0
P0110,tennis-court,256,0.0,2,0,0
P0117,baseball-diamond,0,1.0,2,2,10
P0117,baseball-diamond,16,1.0,2,2,10
P0117,baseball-diamond,64,1.0,2,2,10
P0117,baseball-diamond,256,1.0,2,2,10
P0117,large-vehicle,0,1.0,1,1,6
P0117,large-vehicle,16,1.0,1,1,2
P0117,large-vehicle,64,0.0,1,0,0
P0117,large-vehicle,256,0.0,1,0,0
P0117,small-vehicle,0,1.0,15,15,8
P0117,small-vehicle,16,0.06666666666666667,15,1,2
P0117,small-vehicle,64,0.0,15,0,0
P0117,small-vehicle,256,0.0,15,0,0
P0123,large-vehicle,0,1.0,3,3,4
P0123,large-vehicle,16,1.0,3,3,2
P0123,large-vehicle,64,0.0,3,0,0
P0123,large-vehicle,256,0.0,3,0,0
P0123,small-vehicle,0,1.0,100,100,8
P0123,small-vehicle,16,0.99,100,99,8
P0123,small-vehicle,64,0.0,100,0,0
P0123,small-vehicle,256,0.0,100,0,0
P0123,tennis-court,0,1.0,11,11,8
P0123,tennis-court,16,1.0,11,11,8
P0123,tennis-court,64,1.0,11,11,8
P0123,tennis-court,256,1.0,11,11,8
P0128,harbor,0,1.0,10,10,14
P0128,harbor,16,1.0,10,10,14
P0128,harbor,64,0.9,10,9,14
P0128,harbor,256,0.9,10,9,13
P0128,large-vehicle,0,1.0,20,20,14
P0128,large-vehicle,16,1.0,20,20,13
P0128,large-vehicle,64,0.65,20,13,4
P0128,large-vehicle,256,0.0,20,0,0
P0128,ship,0,1.0,104,104,18
P0128,ship,16,0.9903846153846154,104,103,18
P0128,ship,64,0.5961538461538461,104,62,17
P0128,ship,256,0.2692307692307692,104,28,14
P0128,small-vehicle,0,1.0,112,112,17
P0128,small-vehicle,16,0.9732142857142857,112,109,12
P0128,small-vehicle,64,0.0,112,0,0
P0128,small-vehicle,256,0.0,112,0,0
P0130,baseball-diamond,0,1.0,8,8,5
P0130,baseball-diamond,16,1.0,8,8,5
P0130,baseball-diamond,64,1.0,8,8,5
P0130,baseball-diamond,256,0.375,8,3,2
P0130,ground-track-field,0,1.0,1,1,5
P0130,ground-track-field,16,1.0,1,1,5
P0130,ground-track-field,64,1.0,1,1,5
P0130,ground-track-field,256,1.0,1,1,5
P0130,swimming-pool,0,1.0,59,59,5
P0130,swimming-pool,16,0.4576271186440678,59,27,5
P0130,swimming-pool,64,0.01694915254237288,59,1,2
P0130,swimming-pool,256,0.0,59,0,0
P0130,tennis-court,0,1.0,3,3,3
P0130,tennis-court,16,1.0,3,3,3
P0130,tennis-court,64,0.0,3,0,0
P0130,tennis-court,256,0.0,3,0,0
P0131,baseball-diamond,0,1.0,2,2,10
P0131,baseball-diamond,16,1.0,2,2,10
P0131,baseball-diamond,64,1.0,2,2,10
P0131,baseball-diamond,256,1.0,2,2,10
P0131,basketball-court,0,1.0,4,4,7
P0131,basketball-court,16,1.0,4,4,7
P0131,basketball-court,64,1.0,4,4,7
P0131,basketball-court,256,1.0,4,4,7
P0131,ground-track-field,0,1.0,1,1,6
P0131,ground-track-field,16,1.0,1,1,6
P0131,ground-track-field,64,1.0,1,1,6
P0131,ground-track-field,256,1.0,1,1,6
P0131,large-vehicle,0,1.0,2,2,5
P0131,large-vehicle,16,1.0,2,2,3
P0131,large-vehicle,64,0.0,2,0,0
P0131,large-vehicle,256,0.0,2,0,0
P0131,small-vehicle,0,1.0,175,175,15
P0131,small-vehicle,16,0.9885714285714285,175,173,11
P0131,small-vehicle,64,0.0,175,0,0
P0131,small-vehicle,256,0.0,175,0,0
P0131,soccer-ball-field,0,1.0,1,1,6
P0131,soccer-ball-field,16,1.0,1,1,6
P0131,soccer-ball-field,64,1.0,1,1,6
P0131,soccer-ball-field,256,1.0,1,1,6
P0131,swimming-pool,0,1.0,22,22,12
P0131,swimming-pool,16,1.0,22,22,12
P0131,swimming-pool,64,0.9090909090909091,22,20,12
P0131,swimming-pool,256,0.18181818181818182,22,4,5
P0131,tennis-court,0,1.0,9,9,8
P0131,tennis-court,16,1.0,9,9,8
P0131,tennis-court,64,1.0,9,9,8
P0131,tennis-court,256,1.0,9,9,4
P0143,ground-track-field,0,1.0,1,1,5
P0143,ground-track-field,16,1.0,1,1,5
P0143,ground-track-field,64,1.0,1,1,5
P0143,ground-track-field,256,1.0,1,1,5
P0143,soccer-ball-field,0,1.0,1,1,5
P0143,soccer-ball-field,16,1.0,1,1,5
P0143,soccer-ball-field,64,1.0,1,1,5
P0143,soccer-ball-field,256,1.0,1,1,5
P0143,swimming-pool,0,1.0,1,1,3
P0143,swimming-pool,16,1.0,1,1,3
P0143,swimming-pool,64,0.0,1,0,0
P0143,swimming-pool,256,0.0,1,0,0
P0146,baseball-diamond,0,1.0,4,4,15
P0146,baseball-diamond,16,1.0,4,4,15
P0146,baseball-diamond,64,1.0,4,4,15
P0146,baseball-diamond,256,1.0,4,4,15
P0146,basketball-court,0,1.0,2,2,5
P0146,basketball-court,16,1.0,2,2,5
P0146,basketball-court,64,1.0,2,2,5
P0146,basketball-court,256,1.0,2,2,5
P0146,large-vehicle,0,1.0,6,6,6
P0146,large-vehicle,16,1.0,6,6,6
P0146,large-vehicle,64,0.8333333333333334,6,5,3
P0146,large-vehicle,256,0.0,6,0,0
P0146,small-vehicle,0,1.0,392,392,35
P0146,small-vehicle,16,0.9795918367346939,392,384,25
P0146,small-vehicle,64,0.0,392,0,0
P0146,small-vehicle,256,0.0,392,0,0
P0146,soccer-ball-field,0,1.0,5,5,17
P0146,soccer-ball-field,16,1.0,5,5,17
P0146,soccer-ball-field,64,1.0,5,5,17
P0146,soccer-ball-field,256,1.0,5,5,17
P0146,tennis-court,0,1.0,3,3,2
P0146,tennis-court,16,1.0,3,3,2
P0146,tennis-court,64,1.0,3,3,2
P0146,tennis-court,256,1.0,3,3,1
P0150,baseball-diamond,0,1.0,1,1,5
P0150,baseball-diamond,16,1.0,1,1,5
P0150,baseball-diamond,64,1.0,1,1,5
P0150,baseball-diamond,256,1.0,1,1,5
P0150,small-vehicle,0,1.0,80,80,5
P0150,small-vehicle,16,0.0,80,0,0
P0150,small-vehicle,64,0.0,80,0,0
P0150,small-vehicle,256,0.0,80,0,0
P0150,tennis-court,0,1.0,1,1,5
P0150,tennis-court,16,1.0,1,1,5
P0150,tennis-court,64,1.0,1,1,5
P0150,tennis-court,256,0.0,1,0,0
P0161,basketball-court,0,1.0,1,1,6
P0161,basketball-court,16,1.0,1,1,6
P0161,basketball-court,64,1.0,1,1,6
P0161,basketball-court,256,1.0,1,1,2
P0161,large-vehicle,0,1.0,66,66,33
P0161,large-vehicle,16,0.6060606060606061,66,40,17
P0161,large-vehicle,64,0.0,66,0,0
P0161,large-vehicle,256,0.0,66,0,0
P0161,plane,0,1.0,15,15,24
P0161,plane,16,1.0,15,15,24
P0161,plane,64,1.0,15,15,24
P0161,plane,256,0.8666666666666667,15,13,24
P0161,small-vehicle,0,1.0,1458,1458,46
P0161,small-vehicle,16,0.0,1458,0,0
P0161,small-vehicle,64,0.0,1458,0,0
P0161,small-vehicle,256,0.0,1458,0,0
P0168,helicopter,0,1.0,9,9,8
P0168,helicopter,16,1.0,9,9,8
P0168,helicopter,64,1.0,9,9,8
P0168,helicopter,256,1.0,9,9,4
P0168,large-vehicle,0,1.0,5,5,3
P0168,large-vehicle,16,1.0,5,5,1
P0168,large-vehicle,64,0.0,5,0,0
P0168,large-vehicle,256,0.0,5,0,0
P0168,plane,0,1.0,27,27,20
P0168,plane,16,1.0,27,27,20
P0168,plane,64,1.0,27,27,20
P0168,plane,256,1.0,27,27,20
P0168,small-vehicle,0,1.0,90,90,18
P0168,small-vehicle,16,0.26666666666666666,90,24,12
P0168,small-vehicle,64,0.0,90,0,0
P0168,small-vehicle,256,0.0,90,0,0
P0170,large-vehicle,0,1.0,3,3,6
P0170,large-vehicle,16,1.0,3,3,6
P0170,large-vehicle,64,1.0,3,3,6
P0170,large-vehicle,256,0.6666666666666666,3,2,4
P0170,plane,0,1.0,27,27,19
P0170,plane,16,1.0,27,27,19
P0170,plane,64,1.0,27,27,19
P0170,plane,256,1.0,27,27,19
P0170,small-vehicle,0,1.0,26,26,8
P0170,small-vehicle,16,1.0,26,26,8
P0170,small-vehicle,64,0.9615384615384616,26,25,3
P0170,small-vehicle,256,0.0,26,0,0
P0173,large-vehicle,0,1.0,3,3,6
P0173,large-vehicle,16,1.0,3,3,6
P0173,large-vehicle,64,1.0,3,3,6
P0173,large-vehicle,256,0.3333333333333333,3,1,3
P0173,plane,0,1.0,9,9,7
P0173,plane,16,1.0,9,9,7
P0173,plane,64,1.0,9,9,7
P0173,plane,256,1.0,9,9,7
P0173,small-vehicle,0,1.0,1,1,3
P0173,small-vehicle,16,1.0,1,1,3
P0173,small-vehicle,64,1.0,1,1,2
P0173,small-vehicle,256,0.0,1,0,0
P0175,small-vehicle,0,1.0,2,2,5
P0175,small-vehicle,16,1.0,2,2,5
P0175,small-vehicle,64,0.5,2,1,1
P0175,small-vehicle,256,0.0,2,0,0
P0175,tennis-court,0,1.0,10,10,11
P0175,tennis-court,16,1.0,10,10,11
P0175,tennis-court,64,1.0,10,10,11
P0175,tennis-court,256,1.0,10,10,11
P0179,large-vehicle,0,1.0,4,4,8
P0179,large-vehicle,16,1.0,4,4,8
P0179,large-vehicle,64,1.0,4,4,6
P0179,large-vehicle,256,0.0,4,0,0
P0179,plane,0,1.0,83,83,57
P0179,plane,16,1.0,83,83,57
P0179,plane,64,1.0,83,83,57
P0179,plane,256,1.0,83,83,54
P0179,ship,0,1.0,3,3,7
P0179,ship,16,1.0,3,3,7
P0179,ship,64,1.0,3,3,5
P0179,ship,256,0.3333333333333333,3,1,1
P0179,small-vehicle,0,0.8688524590163934,183,159,36
P0179,small-vehicle,16,0.8688524590163934,183,159,36
P0179,small-vehicle,64,0.7486338797814208,183,137,26
P0179,small-vehicle,256,0.0,183,0,0
P0179,swimming-pool,0,1.0,1,1,2
P0179,swimming-pool,16,1.0,1,1,2
P0179,swimming-pool,64,1.0,1,1,2
P0179,swimming-pool,256,1.0,1,1,1
P0179,tennis-court,0,1.0,1,1,3
P0179,tennis-court,16,1.0,1,1,3
P0179,tennis-court,64,1.0,1,1,3
P0179,tennis-court,256,1.0,1,1,3
P0186,tennis-court,0,1.0,8,8,8
P0186,tennis-court,16,1.0,8,8,8
P0186,tennis-court,64,1.0,8,8,8
P0186,tennis-court,256,1.0,8,8,8
P0189,large-vehicle,0,1.0,36,36,5
P0189,large-vehicle,16,1.0,36,36,5
P0189,large-vehicle,64,1.0,36,36,5
P0189,large-vehicle,256,0.9722222222222222,36,35,5
P0189,small-vehicle,0,1.0,26,26,5
P0189,small-vehicle,16,1.0,26,26,5
P0189,small-vehicle,64,1.0,26,26,5
P0189,small-vehicle,256,0.0,26,0,0
P0194,small-vehicle,0,1.0,6,6,2
P0194,small-vehicle,16,1.0,6,6,2
P0194,small-vehicle,64,1.0,6,6,1
P0194,small-vehicle,256,0.0,6,0,0
P0194,tennis-court,0,1.0,8,8,7
P0194,tennis-court,16,1.0,8,8,7
P0194,tennis-court,64,1.0,8,8,7
P0194,tennis-court,256,1.0,8,8,7
P0198,tennis-court,0,1.0,19,19,16
P0198,tennis-court,16,1.0,19,19,16
P0198,tennis-court,64,1.0,19,19,16
P0198,tennis-court,256,1.0,19,19,16
P0199,small-vehicle,0,1.0,58,58,11
P0199,small-vehicle,16,1.0,58,58,11
P0199,small-vehicle,64,0.9655172413793104,58,56,4
P0199,small-vehicle,256,0.0,58,0,0
P0199,tennis-court,0,1.0,24,24,15
P0199,tennis-court,16,1.0,24,24,15
P0199,tennis-court,64,1.0,24,24,15
P0199,tennis-court,256,1.0,24,24,15
P0206,small-vehicle,0,1.0,1,1,8
P0206,small-vehicle,16,1.0,1,1,8
P0206,small-vehicle,64,1.0,1,1,4
P0206,small-vehicle,256,0.0,1,0,0
P0206,tennis-court,0,1.0,10,10,11
P0206,tennis-court,16,1.0,10,10,11
P0206,tennis-court,64,1.0,10,10,11
P0206,tennis-court,256,1.0,10,10,11
P0213,large-vehicle,0,1.0,8,8,10
P0213,large-vehicle,16,1.0,8,8,7
P0213,large-vehicle,64,0.25,8,2,2
P0213,large-vehicle,256,0.0,8,0,0
P0213,plane,0,1.0,43,43,18
P0213,plane,16,1.0,43,43,18
P0213,plane,64,1.0,43,43,18
P0213,plane,256,0.23255813953488372,43,10,11
P0213,small-vehicle,0,1.0,141,141,18
P0213,small-vehicle,16,1.0,141,141,12
P0213,small-vehicle,64,0.0,141,0,0
P0213,small-vehicle,256,0.0,141,0,0
P0217,large-vehicle,0,1.0,3,3,8
P0217,large-vehicle,16,1.0,3,3,7
P0217,large-vehicle,64,0.3333333333333333,3,1,2
P0217,large-vehicle,256,0.0,3,0,0
P0217,plane,0,1.0,26,26,18
P0217,plane,16,1.0,26,26,18
P0217,plane,64,1.0,26,26,18
P0217,plane,256,1.0,26,26,18
P0217,small-vehicle,0,1.0,10,10,14
P0217,small-vehicle,16,1.0,10,10,10
P0217,small-vehicle,64,0.0,10,0,0
P0217,small-vehicle,256,0.0,10,0,0
P0228,small-vehicle,0,1.0,1,1,3
P0228,small-vehicle,16,1.0,1,1,3
P0228,small-vehicle,64,1.0,1,1,2
P0228,small-vehicle,256,0.0,1,0,0
P0228,tennis-court,0,1.0,12,12,10
P0228,tennis-court,16,1.0,12,12,10
P0228,tennis-court,64,1.0,12,12,10
P0228,tennis-court,256,1.0,12,12,10
P0237,large-vehicle,0,1.0,1,1,2
P0237,large-vehicle,16,1.0,1,1,2
P0237,large-vehicle,64,1.0,1,1,1
P0237,large-vehicle,256,0.0,1,0,0
P0237,small-vehicle,0,1.0,13,13,3
P0237,small-vehicle,16,1.0,13,13,3
P0237,small-vehicle,64,1.0,13,13,2
P0237,small-vehicle,256,0.0,13,0,0
P0237,tennis-court,0,1.0,8,8,5
P0237,tennis-court,16,1.0,8,8,5
P0237,tennis-court,64,1.0,8,8,5
P0237,tennis-court,256,1.0,8,8,5
P0242,basketball-court,0,1.0,1,1,6
P0242,basketball-court,16,1.0,1,1,6
P0242,basketball-court,64,1.0,1,1,6
P0242,basketball-court,256,1.0,1,1,6
P0242,soccer-ball-field,0,1.0,1,1,3
P0242,soccer-ball-field,16,1.0,1,1,3
P0242,soccer-ball-field,64,1.0,1,1,3
P0242,soccer-ball-field,256,1.0,1,1,3
P0242,tennis-court,0,1.0,8,8,10
P0242,tennis-court,16,1.0,8,8,10
P0242,tennis-court,64,1.0,8,8,10
P0242,tennis-court,256,1.0,8,8,10
P0246,large-vehicle,0,1.0,23,23,5
P0246,large-vehicle,16,1.0,23,23,5
P0246,large-vehicle,64,1.0,23,23,5
P0246,large-vehicle,256,0.7391304347826086,23,17,4
P0246,small-vehicle,0,1.0,12,12,5
P0246,small-vehicle,16,1.0,12,12,5
P0246,small-vehicle,64,1.0,12,12,5
P0246,small-vehicle,256,0.0,12,0,0
P0249,plane,0,1.0,24,24,14
P0249,plane,16,1.0,24,24,14
P0249,plane,64,1.0,24,24,13
P0249,plane,256,0.041666666666666664,24,1,1
P0249,small-vehicle,0,1.0,31,31,14
P0249,small-vehicle,16,1.0,31,31,12
P0249,small-vehicle,64,0.0,31,0,0
P0249,small-vehicle,256,0.0,31,0,0
P0257,large-vehicle,0,1.0,11,11,11
P0257,large-vehicle,16,1.0,11,11,11
P0257,large-vehicle,64,0.2727272727272727,11,3,2
P0257,large-vehicle,256,0.0,11,0,0
P0257,plane,0,1.0,32,32,14
P0257,plane,16,1.0,32,32,14
P0257,plane,64,1.0,32,32,14
P0257,plane,256,0.875,32,28,14
P0257,small-vehicle,0,1.0,298,298,12
P0257,small-vehicle,16,1.0,298,298,8
P0257,small-vehicle,64,0.0,298,0,0
P0257,small-vehicle,256,0.0,298,0,0
P0259,harbor,0,1.0,2,2,14
P0259,harbor,16,1.0,2,2,14
P0259,harbor,64,1.0,2,2,14
P0259,harbor,256,1.0,2,2,14
P0259,large-vehicle,0,1.0,2,2,3
P0259,large-vehicle,16,1.0,2,2,1
P0259,large-vehicle,64,0.0,2,0,0
P0259,large-vehicle,256,0.0,2,0,0
P0259,plane,0,1.0,5,5,9
P0259,plane,16,1.0,5,5,9
P0259,plane,64,1.0,5,5,9
P0259,plane,256,1.0,5,5,5
P0259,ship,0,1.0,14,14,27
P0259,ship,16,1.0,14,14,27
P0259,ship,64,1.0,14,14,27
P0259,ship,256,1.0,14,14,27
P0259,small-vehicle,0,1.0,108,108,17
P0259,small-vehicle,16,1.0,108,108,12
P0259,small-vehicle,64,0.0,108,0,0
P0259,small-vehicle,256,0.0,108,0,0
P0261,large-vehicle,0,1.0,13,13,12
P0261,large-vehicle,16,1.0,13,13,12
P0261,large-vehicle,64,0.3076923076923077,13,4,7
P0261,large-vehicle,256,0.0,13,0,0
P0261,plane,0,1.0,1,1,6
P0261,plane,16,1.0,1,1,6
P0261,plane,64,1.0,1,1,6
P0261,plane,256,1.0,1,1,2
P0261,ship,0,1.0,2,2,9
P0261,ship,16,1.0,2,2,9
P0261,ship,64,1.0,2,2,9
P0261,ship,256,1.0,2,2,9
P0261,small-vehicle,0,1.0,183,183,14
P0261,small-vehicle,16,1.0,183,183,10
P0261,small-vehicle,64,0.0,183,0,0
P0261,small-vehicle,256,0.0,183,0,0
P0262,harbor,0,1.0,24,24,34
P0262,harbor,16,1.0,24,24,34
P0262,harbor,64,1.0,24,24,34
P0262,harbor,256,1.0,24,24,33
P0262,large-vehicle,0,1.0,5,5,12
P0262,large-vehicle,16,1.0,5,5,10
P0262,large-vehicle,64,0.2,5,1,2
P0262,large-vehicle,256,0.0,5,0,0
P0262,roundabout,0,1.0,1,1,2
P0262,roundabout,16,1.0,1,1,2
P0262,roundabout,64,1.0,1,1,2
P0262,roundabout,256,1.0,1,1,1
P0262,ship,0,1.0,657,657,42
P0262,ship,16,0.9908675799086758,657,651,42
P0262,ship,64,0.9178082191780822,657,603,38
P0262,ship,256,0.0213089802130898,657,14,13
P0262,small-vehicle,0,1.0,189,189,28
P0262,small-vehicle,16,0.9947089947089947,189,188,20
P0262,small-vehicle,64,0.0,189,0,0
P0262,small-vehicle,256,0.0,189,0,0
P0300,harbor,0,1.0,2,2,8
P0300,harbor,16,1.0,2,2,8
P0300,harbor,64,1.0,2,2,8
P0300,harbor,256,1.0,2,2,8
P0300,ship,0,1.0,1,1,7
P0300,ship,16,1.0,1,1,7
P0300,ship,64,1.0,1,1,7
P0300,ship,256,1.0,1,1,7
P0300,small-vehicle,0,1.0,42,42,5
P0300,small-vehicle,16,0.0,42,0,0
P0300,small-vehicle,64,0.0,42,0,0
P0300,small-vehicle,256,0.0,42,0,0
P0305,large-vehicle,0,1.0,6,6,5
P0305,large-vehicle,16,1.0,6,6,5
P0305,large-vehicle,64,1.0,6,6,5
P0305,large-vehicle,256,0.8333333333333334,6,5,4
P0305,small-vehicle,0,1.0,22,22,5
P0305,small-vehicle,16,1.0,22,22,5
P0305,small-vehicle,64,1.0,22,22,5
P0305,small-vehicle,256,0.0,22,0,0
P0309,harbor,0,1.0,7,7,13
P0309,harbor,16,1.0,7,7,13
P0309,harbor,64,1.0,7,7,13
P0309,harbor,256,1.0,7,7,13
P0309,ship,0,1.0,1,1,7
P0309,ship,16,1.0,1,1,5
P0309,ship,64,0.0,1,0,0
P0309,ship,256,0.0,1,0,0
P0329,large-vehicle,0,1.0,11,11,5
P0329,large-vehicle,16,1.0,11,11,5
P0329,large-vehicle,64,1.0,11,11,5
P0329,large-vehicle,256,0.8181818181818182,11,9,4
P0329,small-vehicle,0,1.0,13,13,5
P0329,small-vehicle,16,1.0,13,13,5
P0329,small-vehicle,64,1.0,13,13,5
P0329,small-vehicle,256,0.0,13,0,0
P0331,harbor,0,1.0,12,12,28
P0331,harbor,16,1.0,12,12,28
P0331,harbor,64,1.0,12,12,28
P0331,harbor,256,1.0,12,12,28
P0331,ship,0,1.0,10,10,14
P0331,ship,16,1.0,10,10,14
P0331,ship,64,0.7,10,7,12
P0331,ship,256,0.3,10,3,2
P0331,small-vehicle,0,1.0,16,16,13
P0331,small-vehicle,16,1.0,16,16,13
P0331,small-vehicle,64,1.0,16,16,10
P0331,small-vehicle,256,0.0,16,0,0
P0331,swimming-pool,0,1.0,8,8,18
P0331,swimming-pool,16,1.0,8,8,18
P0331,swimming-pool,64,1.0,8,8,17
P0331,swimming-pool,256,1.0,8,8,15
P0336,harbor,0,1.0,10,10,28
P0336,harbor,16,1.0,10,10,28
P0336,harbor,64,1.0,10,10,28
P0336,harbor,256,1.0,10,10,28
P0336,ship,0,1.0,9,9,26
P0336,ship,16,1.0,9,9,26
P0336,ship,64,1.0,9,9,26
P0336,ship,256,0.5555555555555556,9,5,8
P0336,small-vehicle,0,1.0,4,4,8
P0336,small-vehicle,16,1.0,4,4,8
P0336,small-vehicle,64,1.0,4,4,4
P0336,small-vehicle,256,0.0,4,0,0
P0336,swimming-pool,0,1.0,5,5,9
P0336,swimming-pool,16,1.0,5,5,9
P0336,swimming-pool,64,1.0,5,5,9
P0336,swimming-pool,256,1.0,5,5,9
P0342,large-vehicle,0,1.0,28,28,10
P0342,large-vehicle,16,1.0,28,28,10
P0342,large-vehicle,64,1.0,28,28,10
P0342,large-vehicle,256,0.7857142857142857,28,22,9
P0342,ship,0,1.0,2,2,5
P0342,ship,16,1.0,2,2,5
P0342,ship,64,1.0,2,2,4
P0342,ship,256,0.0,2,0,0
P0342,small-vehicle,0,1.0,10,10,8
P0342,small-vehicle,16,1.0,10,10,8
P0342,small-vehicle,64,1.0,10,10,8
P0342,small-vehicle,256,0.5,10,5,5
P0347,harbor,0,1.0,8,8,23
P0347,harbor,16,1.0,8,8,23
P0347,harbor,64,1.0,8,8,23
P0347,harbor,256,1.0,8,8,23
P0347,ship,0,1.0,2,2,8
P0347,ship,16,1.0,2,2,8
P0347,ship,64,1.0,2,2,4
P0347,ship,256,0.5,2,1,1
P0347,small-vehicle,0,1.0,12,12,11
P0347,small-vehicle,16,1.0,12,12,11
P0347,small-vehicle,64,1.0,12,12,8
P0347,small-vehicle,256,0.0,12,0,0
P0348,harbor,0,1.0,5,5,13
P0348,harbor,16,1.0,5,5,13
P0348,harbor,64,1.0,5,5,13
P0348,harbor,256,1.0,5,5,13
P0348,ship,0,1.0,1,1,3
P0348,ship,16,1.0,1,1,3
P0348,ship,64,1.0,1,1,3
P0348,ship,256,1.0,1,1,2
P0352,baseball-diamond,0,1.0,2,2,10
P0352,baseball-diamond,16,1.0,2,2,10
P0352,baseball-diamond,64,1.0,2,2,10
P0352,baseball-diamond,256,1.0,2,2,10
P0352,small-vehicle,0,1.0,14,14,10
P0352,small-vehicle,16,1.0,14,14,10
P0352,small-vehicle,64,1.0,14,14,6
P0352,small-vehicle,256,0.0,14,0,0
P0352,tennis-court,0,1.0,5,5,8
P0352,tennis-court,16,1.0,5,5,8
P0352,tennis-court,64,1.0,5,5,8
P0352,tennis-court,256,1.0,5,5,8
P0353,large-vehicle,0,1.0,20,20,12
P0353,large-vehicle,16,1.0,20,20,12
P0353,large-vehicle,64,1.0,20,20,12
P0353,large-vehicle,256,0.85,20,17,8
P0353,ship,0,1.0,1,1,4
P0353,ship,16,1.0,1,1,4
P0353,ship,64,1.0,1,1,2
P0353,ship,256,0.0,1,0,0
P0353,small-vehicle,0,1.0,39,39,13
P0353,small-vehicle,16,1.0,39,39,13
P0353,small-vehicle,64,1.0,39,39,11
P0353,small-vehicle,256,0.02564102564102564,39,1,2
P0359,tennis-court,0,1.0,6,6,5
P0359,tennis-court,16,1.0,6,6,5
P0359,tennis-court,64,1.0,6,6,5
P0359,tennis-court,256,1.0,6,6,5
P0368,basketball-court,0,1.0,1,1,3
P0368,basketball-court,16,1.0,1,1,3
P0368,basketball-court,64,1.0,1,1,3
P0368,basketball-court,256,1.0,1,1,3
P0368,small-vehicle,0,1.0,20,20,8
P0368,small-vehicle,16,1.0,20,20,8
P0368,small-vehicle,64,1.0,20,20,7
P0368,small-vehicle,256,0.0,20,0,0
P0368,soccer-ball-field,0,1.0,1,1,8
P0368,soccer-ball-field,16,1.0,1,1,8
P0368,soccer-ball-field,64,1.0,1,1,8
P0368,soccer-ball-field,256,1.0,1,1,8
P0368,tennis-court,0,1.0,4,4,6
P0368,tennis-court,16,1.0,4,4,6
P0368,tennis-court,64,1.0,4,4,6
P0368,tennis-court,256,1.0,4,4,6
P0374,baseball-diamond,0,1.0,2,2,12
P0374,baseball-diamond,16,1.0,2,2,12
P0374,baseball-diamond,64,1.0,2,2,12
P0374,baseball-diamond,256,1.0,2,2,12
P0374,basketball-court,0,1.0,2,2,8
P0374,basketball-court,16,1.0,2,2,8
P0374,basketball-court,64,1.0,2,2,8
P0374,basketball-court,256,1.0,2,2,8
P0374,small-vehicle,0,1.0,29,29,13
P0374,small-vehicle,16,1.0,29,29,13
P0374,small-vehicle,64,1.0,29,29,9
P0374,small-vehicle,256,0.0,29,0,0
P0375,small-vehicle,0,1.0,51,51,5
P0375,small-vehicle,16,1.0,51,51,5
P0375,small-vehicle,64,1.0,51,51,5
P0375,small-vehicle,256,0.0,51,0,0
P0375,tennis-court,0,1.0,5,5,4
P0375,tennis-court,16,1.0,5,5,4
P0375,tennis-court,64,1.0,5,5,4
P0375,tennis-court,256,1.0,5,5,4
P0377,tennis-court,0,1.0,5,5,5
P0377,tennis-court,16,1.0,5,5,5
P0377,tennis-court,64,1.0,5,5,5
P0377,tennis-court,256,1.0,5,5,5
P0382,baseball-diamond,0,1.0,2,2,9
P0382,baseball-diamond,16,1.0,2,2,9
P0382,baseball-diamond,64,1.0,2,2,9
P0382,baseball-diamond,256,1.0,2,2,9
P0382,small-vehicle,0,1.0,17,17,11
P0382,small-vehicle,16,1.0,17,17,11
P0382,small-vehicle,64,1.0,17,17,7
P0382,small-vehicle,256,0.0,17,0,0
P0382,tennis-court,0,1.0,4,4,10
P0382,tennis-court,16,1.0,4,4,10
P0382,tennis-court,64,1.0,4,4,10
P0382,tennis-court,256,1.0,4,4,10
P0385,basketball-court,0,1.0,1,1,2
P0385,basketball-court,16,1.0,1,1,2
P0385,basketball-court,64,1.0,1,1,2
P0385,basketball-court,256,1.0,1,1,2
P0385,small-vehicle,0,1.0,6,6,3
P0385,small-vehicle,16,1.0,6,6,3
P0385,small-vehicle,64,1.0,6,6,2
P0385,small-vehicle,256,0.0,6,0,0
P0385,tennis-court,0,1.0,3,3,5
P0385,tennis-court,16,1.0,3,3,5
P0385,tennis-court,64,1.0,3,3,5
P0385,tennis-court,256,1.0,3,3,5
P0396,tennis-court,0,1.0,7,7,12
P0396,tennis-court,16,1.0,7,7,12
P0396,tennis-court,64,1.0,7,7,12
P0396,tennis-court,256,1.0,7,7,12
P0402,baseball-diamond,0,1.0,1,1,3
P0402,baseball-diamond,16,1.0,1,1,3
P0402,baseball-diamond,64,1.0,1,1,3
P0402,baseball-diamond,256,1.0,1,1,3
P0402,tennis-court,0,1.0,4,4,5
P0402,tennis-court,16,1.0,4,4,5
P0402,tennis-court,64,1.0,4,4,5
P0402,tennis-court,256,1.0,4,4,5
P0411,harbor,0,1.0,9,9,8
P0411,harbor,16,1.0,9,9,8
P0411,harbor,64,1.0,9,9,8
P0411,harbor,256,1.0,9,9,8
P0411,large-vehicle,0,1.0,2,2,4
P0411,large-vehicle,16,0.0,2,0,0
P0411,large-vehicle,64,0.0,2,0,0
P0411,large-vehicle,256,0.0,2,0,0
P0411,ship,0,1.0,26,26,7
P0411,ship,16,0.9615384615384616,26,25,7
P0411,ship,64,0.0,26,0,0
P0411,ship,256,0.0,26,0,0
P0411,small-vehicle,0,1.0,14,14,5
P0411,small-vehicle,16,0.42857142857142855,14,6,3
P0411,small-vehicle,64,0.0,14,0,0
P0411,small-vehicle,256,0.0,14,0,0
P0414,harbor,0,1.0,9,9,8
P0414,harbor,16,1.0,9,9,8
P0414,harbor,64,0.8888888888888888,9,8,8
P0414,harbor,256,0.7777777777777778,9,7,8
P0414,ship,0,1.0,8,8,8
P0414,ship,16,1.0,8,8,8
P0414,ship,64,0.5,8,4,5
P0414,ship,256,0.0,8,0,0
P0414,small-vehicle,0,1.0,15,15,7
P0414,small-vehicle,16,1.0,15,15,7
P0414,small-vehicle,64,0.0,15,0,0
P0414,small-vehicle,256,0.0,15,0,0
P0420,harbor,0,1.0,11,11,16
P0420,harbor,16,1.0,11,11,16
P0420,harbor,64,1.0,11,11,16
P0420,harbor,256,0.7272727272727273,11,8,13
P0420,ship,0,1.0,6,6,13
P0420,ship,16,1.0,6,6,13
P0420,ship,64,0.6666666666666666,6,4,4
P0420,ship,256,0.0,6,0,0
P0420,small-vehicle,0,1.0,6,6,9
P0420,small-vehicle,16,1.0,6,6,7
P0420,small-vehicle,64,0.3333333333333333,6,2,1
P0420,small-vehicle,256,0.0,6,0,0
P0420,swimming-pool,0,1.0,3,3,5
P0420,swimming-pool,16,1.0,3,3,5
P0420,swimming-pool,64,1.0,3,3,5
P0420,swimming-pool,256,0.6666666666666666,3,2,2
P0432,harbor,0,1.0,8,8,5
P0432,harbor,16,1.0,8,8,5
P0432,harbor,64,0.875,8,7,4
P0432,harbor,256,0.0,8,0,0
P0432,ship,0,1.0,2,2,5
P0432,ship,16,1.0,2,2,5
P0432,ship,64,0.0,2,0,0
P0432,ship,256,0.0,2,0,0
P0432,small-vehicle,0,1.0,4,4,4
P0432,small-vehicle,16,0.25,4,1,2
P0432,small-vehicle,64,0.0,4,0,0
P0432,small-vehicle,256,0.0,4,0,0
P0432,swimming-pool,0,1.0,1,1,2
P0432,swimming-pool,16,1.0,1,1,2
P0432,swimming-pool,64,1.0,1,1,1
P0432,swimming-pool,256,0.0,1,0,0
P0454,large-vehicle,0,1.0,59,59,14
P0454,large-vehicle,16,1.0,59,59,14
P0454,large-vehicle,64,1.0,59,59,14
P0454,large-vehicle,256,0.8983050847457628,59,53,12
P0454,small-vehicle,0,1.0,79,79,14
P0454,small-vehicle,16,1.0,79,79,14
P0454,small-vehicle,64,1.0,79,79,14
P0454,small-vehicle,256,0.012658227848101266,79,1,3
P0457,baseball-diamond,0,1.0,1,1,3
P0457,baseball-diamond,16,1.0,1,1,3
P0457,baseball-diamond,64,1.0,1,1,3
P0457,baseball-diamond,256,1.0,1,1,3
P0457,basketball-court,0,1.0,2,2,8
P0457,basketball-court,16,1.0,2,2,8
P0457,basketball-court,64,1.0,2,2,8
P0457,basketball-court,256,1.0,2,2,8
P0457,small-vehicle,0,1.0,6,6,3
P0457,small-vehicle,16,1.0,6,6,3
P0457,small-vehicle,64,1.0,6,6,2
P0457,small-vehicle,256,0.0,6,0,0
P0457,tennis-court,0,1.0,2,2,4
P0457,tennis-court,16,1.0,2,2,4
P0457,tennis-court,64,1.0,2,2,4
P0457,tennis-court,256,1.0,2,2,3
P0466,soccer-ball-field,0,1.0,1,1,4
P0466,soccer-ball-field,16,1.0,1,1,4
P0466,soccer-ball-field,64,1.0,1,1,4
P0466,soccer-ball-field,256,1.0,1,1,4
P0466,tennis-court,0,1.0,14,14,16
P0466,tennis-court,16,1.0,14,14,16
P0466,tennis-court,64,1.0,14,14,16
P0466,tennis-court,256,1.0,14,14,16
P0476,large-vehicle,0,1.0,59,59,12
P0476,large-vehicle,16,1.0,59,59,12
P0476,large-vehicle,64,1.0,59,59,12
P0476,large-vehicle,256,0.864406779661017,59,51,8
P0476,ship,0,1.0,2,2,10
P0476,ship,16,1.0,2,2,10
P0476,ship,64,1.0,2,2,8
P0476,ship,256,0.5,2,1,1
P0476,small-vehicle,0,1.0,22,22,13
P0476,small-vehicle,16,1.0,22,22,13
P0476,small-vehicle,64,1.0,22,22,9
P0476,small-vehicle,256,0.0,22,0,0
P0486,large-vehicle,0,1.0,26,26,14
P0486,large-vehicle,16,1.0,26,26,14
P0486,large-vehicle,64,1.0,26,26,14
P0486,large-vehicle,256,0.7307692307692307,26,19,12
P0486,small-vehicle,0,1.0,37,37,13
P0486,small-vehicle,16,1.0,37,37,13
P0486,small-vehicle,64,1.0,37,37,13
P0486,small-vehicle,256,0.08108108108108109,37,3,4
P0491,baseball-diamond,0,1.0,7,7,24
P0491,baseball-diamond,16,1.0,7,7,24
P0491,baseball-diamond,64,1.0,7,7,24
P0491,baseball-diamond,256,1.0,7,7,24
P0499,small-vehicle,0,1.0,5,5,9
P0499,small-vehicle,16,1.0,5,5,9
P0499,small-vehicle,64,1.0,5,5,5
P0499,small-vehicle,256,0.0,5,0,0
P0499,tennis-court,0,1.0,6,6,12
P0499,tennis-court,16,1.0,6,6,12
P0499,tennis-court,64,1.0,6,6,12
P0499,tennis-court,256,1.0,6,6,12
P0518,harbor,0,1.0,5,5,8
P0518,harbor,16,1.0,5,5,8
P0518,harbor,64,1.0,5,5,8
P0518,harbor,256,1.0,5,5,8
P0518,ship,0,1.0,2,2,6
P0518,ship,16,1.0,2,2,6
P0518,ship,64,1.0,2,2,6
P0518,ship,256,0.5,2,1,1
P0518,swimming-pool,0,1.0,1,1,3
P0518,swimming-pool,16,1.0,1,1,2
P0518,swimming-pool,64,1.0,1,1,2
P0518,swimming-pool,256,1.0,1,1,1
P0524,harbor,0,1.0,7,7,11
P0524,harbor,16,1.0,7,7,11
P0524,harbor,64,1.0,7,7,11
P0524,harbor,256,1.0,7,7,11
P0524,ship,0,1.0,6,6,9
P0524,ship,16,1.0,6,6,9
P0524,ship,64,0.5,6,3,2
P0524,ship,256,0.0,6,0,0
P0524,small-vehicle,0,1.0,1,1,5
P0524,small-vehicle,16,1.0,1,1,1
P0524,small-vehicle,64,0.0,1,0,0
P0524,small-vehicle,256,0.0,1,0,0
P0525,harbor,0,1.0,6,6,10
P0525,harbor,16,1.0,6,6,10
P0525,harbor,64,1.0,6,6,10
P0525,harbor,256,1.0,6,6,10
P0525,ship,0,1.0,2,2,5
P0525,ship,16,1.0,2,2,5
P0525,ship,64,1.0,2,2,5
P0525,ship,256,0.0,2,0,0
P0526,harbor,0,1.0,5,5,20
P0526,harbor,16,1.0,5,5,20
P0526,harbor,64,1.0,5,5,20
P0526,harbor,256,1.0,5,5,20
P0526,ship,0,1.0,5,5,9
P0526,ship,16,1.0,5,5,9
P0526,ship,64,1.0,5,5,7
P0526,ship,256,0.2,5,1,1
P0526,small-vehicle,0,1.0,2,2,5
P0526,small-vehicle,16,1.0,2,2,5
P0526,small-vehicle,64,1.0,2,2,3
P0526,small-vehicle,256,0.0,2,0,0
P0543,harbor,0,1.0,4,4,7
P0543,harbor,16,1.0,4,4,7
P0543,harbor,64,1.0,4,4,7
P0543,harbor,256,1.0,4,4,7
P0543,ship,0,1.0,1,1,4
P0543,ship,16,1.0,1,1,4
P0543,ship,64,1.0,1,1,4
P0543,ship,256,1.0,1,1,2
P0543,swimming-pool,0,1.0,1,1,4
P0543,swimming-pool,16,1.0,1,1,4
P0543,swimming-pool,64,1.0,1,1,4
P0543,swimming-pool,256,1.0,1,1,4
P0547,large-vehicle,0,1.0,50,50,8
P0547,large-vehicle,16,1.0,50,50,8
P0547,large-vehicle,64,1.0,50,50,8
P0547,large-vehicle,256,0.64,50,32,6
P0547,ship,0,1.0,1,1,3
P0547,ship,16,1.0,1,1,3
P0547,ship,64,1.0,1,1,1
P0547,ship,256,0.0,1,0,0
P0550,harbor,0,1.0,11,11,9
P0550,harbor,16,1.0,11,11,9
P0550,harbor,64,1.0,11,11,9
P0550,harbor,256,0.9090909090909091,11,10,9
P0550,ship,0,1.0,8,8,8
P0550,ship,16,1.0,8,8,8
P0550,ship,64,0.625,8,5,5
P0550,ship,256,0.0,8,0,0
P0550,small-vehicle,0,1.0,4,4,5
P0550,small-vehicle,16,1.0,4,4,3
P0550,small-vehicle,64,0.0,4,0,0
P0550,small-vehicle,256,0.0,4,0,0
P0551,harbor,0,1.0,5,5,14
P0551,harbor,16,1.0,5,5,14
P0551,harbor,64,1.0,5,5,14
P0551,harbor,256,1.0,5,5,14
P0551,ship,0,1.0,2,2,10
P0551,ship,16,1.0,2,2,10
P0551,ship,64,1.0,2,2,7
P0551,ship,256,0.5,2,1,2
P0551,small-vehicle,0,1.0,1,1,3
P0551,small-vehicle,16,1.0,1,1,3
P0551,small-vehicle,64,1.0,1,1,2
P0551,small-vehicle,256,0.0,1,0,0
P0557,harbor,0,1.0,6,6,19
P0557,harbor,16,1.0,6,6,19
P0557,harbor,64,1.0,6,6,19
P0557,harbor,256,1.0,6,6,19
P0557,ship,0,1.0,6,6,15
P0557,ship,16,1.0,6,6,15
P0557,ship,64,1.0,6,6,15
P0557,ship,256,0.6666666666666666,6,4,7
P0557,small-vehicle,0,1.0,1,1,3
P0557,small-vehicle,16,1.0,1,1,3
P0557,small-vehicle,64,1.0,1,1,1
P0557,small-vehicle,256,0.0,1,0,0
P0558,harbor,0,1.0,8,8,10
P0558,harbor,16,1.0,8,8,10
P0558,harbor,64,1.0,8,8,10
P0558,harbor,256,0.875,8,7,10
P0558,ship,0,1.0,2,2,6
P0558,ship,16,1.0,2,2,5
P0558,ship,64,1.0,2,2,5
P0558,ship,256,0.0,2,0,0
P0559,large-vehicle,0,1.0,18,18,10
P0559,large-vehicle,16,1.0,18,18,10
P0559,large-vehicle,64,1.0,18,18,10
P0559,large-vehicle,256,0.8333333333333334,18,15,9
P0559,small-vehicle,0,1.0,10,10,9
P0559,small-vehicle,16,1.0,10,10,9
P0559,small-vehicle,64,1.0,10,10,8
P0559,small-vehicle,256,0.0,10,0,0
P0564,harbor,0,1.0,4,4,6
P0564,harbor,16,1.0,4,4,6
P0564,harbor,64,1.0,4,4,6
P0564,harbor,256,1.0,4,4,6
P0564,ship,0,1.0,2,2,6
P0564,ship,16,1.0,2,2,6
P0564,ship,64,1.0,2,2,3
P0564,ship,256,0.0,2,0,0
P0564,small-vehicle,0,1.0,3,3,4
P0564,small-vehicle,16,1.0,3,3,4
P0564,small-vehicle,64,0.0,3,0,0
P0564,small-vehicle,256,0.0,3,0,0
P0564,swimming-pool,0,1.0,1,1,3
P0564,swimming-pool,16,1.0,1,1,1
P0564,swimming-pool,64,1.0,1,1,1
P0564,swimming-pool,256,0.0,1,0,0
P0577,harbor,0,1.0,8,8,9
P0577,harbor,16,1.0,8,8,9
P0577,harbor,64,1.0,8,8,9
P0577,harbor,256,1.0,8,8,9
P0579,harbor,0,1.0,8,8,19
P0579,harbor,16,1.0,8,8,19
P0579,harbor,64,1.0,8,8,19
P0579,harbor,256,1.0,8,8,19
P0579,ship,0,1.0,3,3,11
P0579,ship,16,1.0,3,3,11
P0579,ship,64,1.0,3,3,11
P0579,ship,256,0.6666666666666666,3,2,5
P0583,harbor,0,1.0,8,8,15
P0583,harbor,16,1.0,8,8,15
P0583,harbor,64,1.0,8,8,15
P0583,harbor,256,1.0,8,8,15
P0583,ship,0,1.0,4,4,11
P0583,ship,16,1.0,4,4,11
P0583,ship,64,1.0,4,4,10
P0583,ship,256,0.25,4,1,2
P0589,harbor,0,1.0,6,6,13
P0589,harbor,16,1.0,6,6,13
P0589,harbor,64,1.0,6,6,13
P0589,harbor,256,1.0,6,6,13
P0590,large-vehicle,0,1.0,88,88,16
P0590,large-vehicle,16,1.0,88,88,16
P0590,large-vehicle,64,1.0,88,88,16
P0590,large-vehicle,256,0.625,88,55,9
P0590,small-vehicle,0,1.0,42,42,12
P0590,small-vehicle,16,1.0,42,42,12
P0590,small-vehicle,64,1.0,42,42,8
P0590,small-vehicle,256,0.0,42,0,0
P0604,harbor,0,1.0,11,11,9
P0604,harbor,16,1.0,11,11,9
P0604,harbor,64,1.0,11,11,9
P0604,harbor,256,0.7272727272727273,11,8,9
P0604,ship,0,1.0,4,4,7
P0604,ship,16,1.0,4,4,6
P0604,ship,64,0.75,4,3,4
P0604,ship,256,0.0,4,0,0
P0604,small-vehicle,0,1.0,26,26,8
P0604,small-vehicle,16,1.0,26,26,8
P0604,small-vehicle,64,0.038461538461538464,26,1,1
P0604,small-vehicle,256,0.0,26,0,0
P0604,swimming-pool,0,1.0,1,1,2
P0604,swimming-pool,16,1.0,1,1,2
P0604,swimming-pool,64,1.0,1,1,1
P0604,swimming-pool,256,0.0,1,0,0
P0613,harbor,0,1.0,6,6,7
P0613,harbor,16,1.0,6,6,7
P0613,harbor,64,1.0,6,6,7
P0613,harbor,256,0.8333333333333334,6,5,7
P0613,ship,0,1.0,2,2,6
P0613,ship,16,1.0,2,2,6
P0613,ship,64,1.0,2,2,4
P0613,ship,256,0.0,2,0,0
P0615,harbor,0,1.0,7,7,15
P0615,harbor,16,1.0,7,7,15
P0615,harbor,64,1.0,7,7,15
P0615,harbor,256,1.0,7,7,15
P0615,small-vehicle,0,1.0,4,4,14
P0615,small-vehicle,16,1.0,4,4,10
P0615,small-vehicle,64,0.0,4,0,0
P0615,small-vehicle,256,0.0,4,0,0
P0615,swimming-pool,0,1.0,3,3,8
P0615,swimming-pool,16,1.0,3,3,8
P0615,swimming-pool,64,1.0,3,3,7
P0615,swimming-pool,256,0.3333333333333333,3,1,1
P0622,harbor,0,1.0,8,8,13
P0622,harbor,16,1.0,8,8,13
P0622,harbor,64,1.0,8,8,13
P0622,harbor,256,1.0,8,8,13
P0622,ship,0,1.0,2,2,10
P0622,ship,16,1.0,2,2,10
P0622,ship,64,1.0,2,2,10
P0622,ship,256,1.0,2,2,6
P0623,large-vehicle,0,1.0,15,15,13
P0623,large-vehicle,16,1.0,15,15,13
P0623,large-vehicle,64,1.0,15,15,13
P0623,large-vehicle,256,1.0,15,15,13
P0623,small-vehicle,0,1.0,40,40,10
P0623,small-vehicle,16,1.0,40,40,10
P0623,small-vehicle,64,1.0,40,40,6
P0623,small-vehicle,256,0.0,40,0,0
P0643,large-vehicle,0,1.0,15,15,5
P0643,large-vehicle,16,1.0,15,15,5
P0643,large-vehicle,64,1.0,15,15,5
P0643,large-vehicle,256,0.9333333333333333,15,14,4
P0643,small-vehicle,0,1.0,10,10,3
P0643,small-vehicle,16,1.0,10,10,3
P0643,small-vehicle,64,1.0,10,10,3
P0643,small-vehicle,256,0.0,10,0,0
P0647,small-vehicle,0,1.0,3,3,3
P0647,small-vehicle,16,1.0,3,3,3
P0647,small-vehicle,64,1.0,3,3,3
P0647,small-vehicle,256,0.0,3,0,0
P0647,tennis-court,0,1.0,4,4,5
P0647,tennis-court,16,1.0,4,4,5
P0647,tennis-court,64,1.0,4,4,5
P0647,tennis-court,256,1.0,4,4,5
P0650,small-vehicle,0,1.0,2,2,3
P0650,small-vehicle,16,1.0,2,2,2
P0650,small-vehicle,64,1.0,2,2,2
P0650,small-vehicle,256,0.0,2,0,0
P0650,tennis-court,0,1.0,7,7,7
P0650,tennis-court,16,1.0,7,7,7
P0650,tennis-court,64,1.0,7,7,7
P0650,tennis-court,256,1.0,7,7,7
P0651,tennis-court,0,1.0,15,15,8
P0651,tennis-court,16,1.0,15,15,8
P0651,tennis-court,64,1.0,15,15,8
P0651,tennis-court,256,1.0,15,15,8
P0654,large-vehicle,0,1.0,19,19,13
P0654,large-vehicle,16,1.0,19,19,13
P0654,large-vehicle,64,1.0,19,19,13
P0654,large-vehicle,256,0.7894736842105263,19,15,9
P0654,small-vehicle,0,1.0,3,3,8
P0654,small-vehicle,16,1.0,3,3,8
P0654,small-vehicle,64,1.0,3,3,3
P0654,small-vehicle,256,0.0,3,0,0
P0659,basketball-court,0,1.0,1,1,4
P0659,basketball-court,16,1.0,1,1,4
P0659,basketball-court,64,1.0,1,1,4
P0659,basketball-court,256,1.0,1,1,4
P0659,tennis-court,0,1.0,4,4,8
P0659,tennis-court,16,1.0,4,4,8
P0659,tennis-court,64,1.0,4,4,8
P0659,tennis-court,256,1.0,4,4,8
P0660,small-vehicle,0,1.0,8,8,5
P0660,small-vehicle,16,1.0,8,8,5
P0660,small-vehicle,64,1.0,8,8,3
P0660,small-vehicle,256,0.0,8,0,0
P0660,swimming-pool,0,1.0,1,1,4
P0660,swimming-pool,16,1.0,1,1,4
P0660,swimming-pool,64,1.0,1,1,4
P0660,swimming-pool,256,1.0,1,1,4
P0660,tennis-court,0,1.0,5,5,7
P0660,tennis-court,16,1.0,5,5,7
P0660,tennis-court,64,1.0,5,5,7
P0660,tennis-court,256,1.0,5,5,7
P0665,baseball-diamond,0,1.0,1,1,6
P0665,baseball-diamond,16,1.0,1,1,6
P0665,baseball-diamond,64,1.0,1,1,6
P0665,baseball-diamond,256,1.0,1,1,6
P0665,small-vehicle,0,1.0,36,36,13
P0665,small-vehicle,16,1.0,36,36,13
P0665,small-vehicle,64,1.0,36,36,9
P0665,small-vehicle,256,0.0,36,0,0
P0665,soccer-ball-field,0,1.0,1,1,4
P0665,soccer-ball-field,16,1.0,1,1,4
P0665,soccer-ball-field,64,1.0,1,1,4
P0665,soccer-ball-field,256,1.0,1,1,4
P0665,tennis-court,0,1.0,6,6,15
P0665,tennis-court,16,1.0,6,6,15
P0665,tennis-court,64,1.0,6,6,15
P0665,tennis-court,256,1.0,6,6,15
P0673,basketball-court,0,1.0,6,6,10
P0673,basketball-court,16,1.0,6,6,10
P0673,basketball-court,64,1.0,6,6,10
P0673,basketball-court,256,1.0,6,6,10
P0673,ground-track-field,0,1.0,1,1,8
P0673,ground-track-field,16,1.0,1,1,8
P0673,ground-track-field,64,1.0,1,1,8
P0673,ground-track-field,256,1.0,1,1,8
P0673,tennis-court,0,1.0,4,4,11
P0673,tennis-court,16,1.0,4,4,11
P0673,tennis-court,64,1.0,4,4,11
P0673,tennis-court,256,1.0,4,4,11
P0683,harbor,0,1.0,3,3,18
P0683,harbor,16,1.0,3,3,18
P0683,harbor,64,1.0,3,3,18
P0683,harbor,256,1.0,3,3,18
P0683,large-vehicle,0,1.0,3,3,7
P0683,large-vehicle,16,1.0,3,3,4
P0683,large-vehicle,64,0.3333333333333333,3,1,1
P0683,large-vehicle,256,0.0,3,0,0
P0683,ship,0,1.0,13,13,24
P0683,ship,16,1.0,13,13,24
P0683,ship,64,1.0,13,13,24
P0683,ship,256,0.8461538461538461,13,11,21
P0683,small-vehicle,0,1.0,239,239,25
P0683,small-vehicle,16,1.0,239,239,17
P0683,small-vehicle,64,0.0,239,0,0
P0683,small-vehicle,256,0.0,239,0,0
P0684,large-vehicle,0,1.0,12,12,7
P0684,large-vehicle,16,1.0,12,12,7
P0684,large-vehicle,64,1.0,12,12,7
P0684,large-vehicle,256,1.0,12,12,6
P0684,small-vehicle,0,1.0,3,3,3
P0684,small-vehicle,16,1.0,3,3,3
P0684,small-vehicle,64,1.0,3,3,3
P0684,small-vehicle,256,0.0,3,0,0
P0696,harbor,0,1.0,15,15,25
P0696,harbor,16,1.0,15,15,25
P0696,harbor,64,1.0,15,15,25
P0696,harbor,256,1.0,15,15,25
P0696,ship,0,1.0,538,538,27
P0696,ship,16,0.9944237918215614,538,535,27
P0696,ship,64,0.6078066914498141,538,327,23
P0696,ship,256,0.0018587360594795538,538,1,1
P0696,small-vehicle,0,1.0,183,183,30
P0696,small-vehicle,16,1.0,183,183,24
P0696,small-vehicle,64,0.0,183,0,0
P0696,small-vehicle,256,0.0,183,0,0
P0696,swimming-pool,0,1.0,1,1,4
P0696,swimming-pool,16,1.0,1,1,4
P0696,swimming-pool,64,1.0,1,1,2
P0696,swimming-pool,256,0.0,1,0,0
P0704,harbor,0,1.0,15,15,28
P0704,harbor,16,1.0,15,15,28
P0704,harbor,64,1.0,15,15,28
P0704,harbor,256,1.0,15,15,28
P0704,large-vehicle,0,1.0,4,4,8
P0704,large-vehicle,16,1.0,4,4,6
P0704,large-vehicle,64,0.5,4,2,2
P0704,large-vehicle,256,0.0,4,0,0
P0704,roundabout,0,1.0,1,1,4
P0704,roundabout,16,1.0,1,1,4
P0704,roundabout,64,1.0,1,1,4
P0704,roundabout,256,1.0,1,1,4
P0704,ship,0,1.0,249,249,30
P0704,ship,16,1.0,249,249,30
P0704,ship,64,0.8674698795180723,249,216,29
P0704,ship,256,0.13253012048192772,249,33,12
P0704,small-vehicle,0,1.0,67,67,19
P0704,small-vehicle,16,1.0,67,67,14
P0704,small-vehicle,64,0.0,67,0,0
P0704,small-vehicle,256,0.0,67,0,0
P0704,swimming-pool,0,1.0,1,1,3
P0704,swimming-pool,16,1.0,1,1,3
P0704,swimming-pool,64,1.0,1,1,3
P0704,swimming-pool,256,1.0,1,1,3
P0706,harbor,0,1.0,5,5,12
P0706,harbor,16,1.0,5,5,12
P0706,harbor,64,1.0,5,5,12
P0706,harbor,256,1.0,5,5,12
P0706,large-vehicle,0,1.0,2,2,6
P0706,large-vehicle,16,1.0,2,2,2
P0706,large-vehicle,64,0.0,2,0,0
P0706,large-vehicle,256,0.0,2,0,0
P0706,ship,0,1.0,548,548,13
P0706,ship,16,1.0,548,548,13
P0706,ship,64,0.8083941605839416,548,443,13
P0706,ship,256,0.009124087591240875,548,5,6
P0706,small-vehicle,0,1.0,108,108,13
P0706,small-vehicle,16,1.0,108,108,9
P0706,small-vehicle,64,0.0,108,0,0
P0706,small-vehicle,256,0.0,108,0,0
P0712,large-vehicle,0,1.0,37,37,11
P0712,large-vehicle,16,1.0,37,37,11
P0712,large-vehicle,64,1.0,37,37,11
P0712,large-vehicle,256,0.8918918918918919,37,33,9
P0712,small-vehicle,0,1.0,17,17,10
P0712,small-vehicle,16,1.0,17,17,10
P0712,small-vehicle,64,1.0,17,17,8
P0712,small-vehicle,256,0.0,17,0,0
P0715,harbor,0,1.0,20,20,17
P0715,harbor,16,1.0,20,20,17
P0715,harbor,64,1.0,20,20,17
P0715,harbor,256,0.95,20,19,17
P0715,ship,0,1.0,30,30,18
P0715,ship,16,1.0,30,30,17
P0715,ship,64,0.36666666666666664,30,11,15
P0715,ship,256,0.06666666666666667,30,2,7
P0715,small-vehicle,0,1.0,15,15,8
P0715,small-vehicle,16,1.0,15,15,5
P0715,small-vehicle,64,0.0,15,0,0
P0715,small-vehicle,256,0.0,15,0,0
P0715,swimming-pool,0,1.0,5,5,13
P0715,swimming-pool,16,1.0,5,5,13
P0715,swimming-pool,64,0.8,5,4,10
P0715,swimming-pool,256,0.2,5,1,3
P0715,tennis-court,0,1.0,1,1,3
P0715,tennis-court,16,1.0,1,1,3
P0715,tennis-court,64,1.0,1,1,3
P0715,tennis-court,256,1.0,1,1,2
P0725,harbor,0,1.0,15,15,13
P0725,harbor,16,1.0,15,15,13
P0725,harbor,64,1.0,15,15,13
P0725,harbor,256,1.0,15,15,13
P0725,ship,0,1.0,20,20,12
P0725,ship,16,1.0,20,20,12
P0725,ship,64,1.0,20,20,12
P0725,ship,256,0.3,20,6,9
P0725,small-vehicle,0,1.0,19,19,10
P0725,small-vehicle,16,1.0,19,19,10
P0725,small-vehicle,64,1.0,19,19,6
P0725,small-vehicle,256,0.0,19,0,0
P0725,swimming-pool,0,1.0,1,1,5
P0725,swimming-pool,16,1.0,1,1,5
P0725,swimming-pool,64,1.0,1,1,5
P0725,swimming-pool,256,1.0,1,1,1
P0729,harbor,0,1.0,10,10,10
P0729,harbor,16,1.0,10,10,10
P0729,harbor,64,1.0,10,10,10
P0729,harbor,256,1.0,10,10,10
P0729,ship,0,1.0,21,21,10
P0729,ship,16,1.0,21,21,10
P0729,ship,64,1.0,21,21,10
P0729,ship,256,0.14285714285714285,21,3,8
P0729,small-vehicle,0,1.0,5,5,4
P0729,small-vehicle,16,1.0,5,5,3
P0729,small-vehicle,64,1.0,5,5,3
P0729,small-vehicle,256,0.0,5,0,0
P0729,swimming-pool,0,1.0,1,1,3
P0729,swimming-pool,16,1.0,1,1,3
P0729,swimming-pool,64,1.0,1,1,3
P0729,swimming-pool,256,1.0,1,1,2
P0749,harbor,0,1.0,11,11,9
P0749,harbor,16,1.0,11,11,9
P0749,harbor,64,1.0,11,11,9
P0749,harbor,256,1.0,11,11,9
P0749,ship,0,1.0,36,36,9
P0749,ship,16,1.0,36,36,9
P0749,ship,64,1.0,36,36,9
P0749,ship,256,0.2777777777777778,36,10,9
P0749,small-vehicle,0,1.0,17,17,7
P0749,small-vehicle,16,1.0,17,17,7
P0749,small-vehicle,64,1.0,17,17,7
P0749,small-vehicle,256,0.0,17,0,0
P0761,harbor,0,1.0,23,23,17
P0761,harbor,16,1.0,23,23,17
P0761,harbor,64,1.0,23,23,17
P0761,harbor,256,1.0,23,23,16
P0761,large-vehicle,0,1.0,1,1,3
P0761,large-vehicle,16,1.0,1,1,3
P0761,large-vehicle,64,1.0,1,1,2
P0761,large-vehicle,256,0.0,1,0,0
P0761,ship,0,1.0,56,56,17
P0761,ship,16,1.0,56,56,17
P0761,ship,64,0.9107142857142857,56,51,16
P0761,ship,256,0.25,56,14,7
P0761,small-vehicle,0,1.0,35,35,16
P0761,small-vehicle,16,1.0,35,35,16
P0761,small-vehicle,64,1.0,35,35,12
P0761,small-vehicle,256,0.0,35,0,0
P0763,harbor,0,1.0,34,34,13
P0763,harbor,16,1.0,34,34,13
P0763,harbor,64,1.0,34,34,13
P0763,harbor,256,1.0,34,34,13
P0763,large-vehicle,0,1.0,1,1,6
P0763,large-vehicle,16,1.0,1,1,6
P0763,large-vehicle,64,1.0,1,1,2
P0763,large-vehicle,256,0.0,1,0,0
P0763,ship,0,1.0,38,38,12
P0763,ship,16,1.0,38,38,12
P0763,ship,64,0.9210526315789473,38,35,12
P0763,ship,256,0.07894736842105263,38,3,6
P0763,small-vehicle,0,1.0,32,32,15
P0763,small-vehicle,16,1.0,32,32,15
P0763,small-vehicle,64,1.0,32,32,11
P0763,small-vehicle,256,0.0,32,0,0
P0764,basketball-court,0,1.0,1,1,3
P0764,basketball-court,16,1.0,1,1,3
P0764,basketball-court,64,1.0,1,1,3
P0764,basketball-court,256,1.0,1,1,1
P0764,bridge,0,1.0,1,1,6
P0764,bridge,16,1.0,1,1,6
P0764,bridge,64,1.0,1,1,6
P0764,bridge,256,1.0,1,1,6
P0764,harbor,0,1.0,33,33,14
P0764,harbor,16,1.0,33,33,14
P0764,harbor,64,1.0,33,33,14
P0764,harbor,256,1.0,33,33,12
P0764,large-vehicle,0,1.0,2,2,5
P0764,large-vehicle,16,1.0,2,2,5
P0764,large-vehicle,64,1.0,2,2,3
P0764,large-vehicle,256,0.0,2,0,0
P0764,ship,0,1.0,37,37,14
P0764,ship,16,1.0,37,37,14
P0764,ship,64,0.8918918918918919,37,33,14
P0764,ship,256,0.16216216216216217,37,6,9
P0764,small-vehicle,0,1.0,27,27,16
P0764,small-vehicle,16,1.0,27,27,16
P0764,small-vehicle,64,1.0,27,27,11
P0764,small-vehicle,256,0.0,27,0,0
P0770,baseball-diamond,0,1.0,2,2,9
P0770,baseball-diamond,16,1.0,2,2,9
P0770,baseball-diamond,64,1.0,2,2,9
P0770,baseball-diamond,256,1.0,2,2,9
P0770,ground-track-field,0,1.0,1,1,8
P0770,ground-track-field,16,1.0,1,1,8
P0770,ground-track-field,64,1.0,1,1,8
P0770,ground-track-field,256,1.0,1,1,8
P0770,small-vehicle,0,1.0,118,118,18
P0770,small-vehicle,16,1.0,118,118,14
P0770,small-vehicle,64,0.0,118,0,0
P0770,small-vehicle,256,0.0,118,0,0
P0770,soccer-ball-field,0,1.0,1,1,6
P0770,soccer-ball-field,16,1.0,1,1,6
P0770,soccer-ball-field,64,1.0,1,1,6
P0770,soccer-ball-field,256,1.0,1,1,6
P0770,swimming-pool,0,1.0,10,10,11
P0770,swimming-pool,16,1.0,10,10,11
P0770,swimming-pool,64,1.0,10,10,11
P0770,swimming-pool,256,0.2,10,2,5
P0770,tennis-court,0,1.0,10,10,12
P0770,tennis-court,16,1.0,10,10,12
P0770,tennis-court,64,1.0,10,10,12
P0770,tennis-court,256,1.0,10,10,12
P0787,large-vehicle,0,1.0,55,55,12
P0787,large-vehicle,16,1.0,55,55,12
P0787,large-vehicle,64,1.0,55,55,12
P0787,large-vehicle,256,0.7090909090909091,55,39,8
P0787,small-vehicle,0,1.0,20,20,11
P0787,small-vehicle,16,1.0,20,20,11
P0787,small-vehicle,64,1.0,20,20,11
P0787,small-vehicle,256,0.05,20,1,2
P0789,harbor,0,1.0,16,16,15
P0789,harbor,16,1.0,16,16,15
P0789,harbor,64,1.0,16,16,15
P0789,harbor,256,1.0,16,16,15
P0789,large-vehicle,0,1.0,1,1,4
P0789,large-vehicle,16,1.0,1,1,4
P0789,large-vehicle,64,1.0,1,1,2
P0789,large-vehicle,256,0.0,1,0,0
P0789,ship,0,1.0,217,217,16
P0789,ship,16,1.0,217,217,16
P0789,ship,64,0.8755760368663594,217,190,16
P0789,ship,256,0.055299539170506916,217,12,8
P0789,small-vehicle,0,1.0,82,82,11
P0789,small-vehicle,16,1.0,82,82,9
P0789,small-vehicle,64,0.012195121951219513,82,1,2
P0789,small-vehicle,256,0.0,82,0,0
P0791,baseball-diamond,0,1.0,1,1,6
P0791,baseball-diamond,16,1.0,1,1,6
P0791,baseball-diamond,64,1.0,1,1,6
P0791,baseball-diamond,256,1.0,1,1,6
P0791,small-vehicle,0,1.0,50,50,10
P0791,small-vehicle,16,1.0,50,50,10
P0791,small-vehicle,64,1.0,50,50,6
P0791,small-vehicle,256,0.0,50,0,0
P0791,tennis-court,0,1.0,7,7,12
P0791,tennis-court,16,1.0,7,7,12
P0791,tennis-court,64,1.0,7,7,12
P0791,tennis-court,256,1.0,7,7,12
P0795,harbor,0,1.0,10,10,29
P0795,harbor,16,1.0,10,10,29
P0795,harbor,64,1.0,10,10,29
P0795,harbor,256,1.0,10,10,29
P0795,large-vehicle,0,1.0,1,1,2
P0795,large-vehicle,16,1.0,1,1,2
P0795,large-vehicle,64,1.0,1,1,1
P0795,large-vehicle,256,0.0,1,0,0
P0795,ship,0,1.0,314,314,41
P0795,ship,16,1.0,314,314,41
P0795,ship,64,0.9904458598726115,314,311,41
P0795,ship,256,0.7770700636942676,314,244,37
P0795,small-vehicle,0,1.0,29,29,18
P0795,small-vehicle,16,1.0,29,29,18
P0795,small-vehicle,64,1.0,29,29,13
P0795,small-vehicle,256,0.0,29,0,0
P0795,swimming-pool,0,1.0,1,1,3
P0795,swimming-pool,16,1.0,1,1,3
P0795,swimming-pool,64,1.0,1,1,3
P0795,swimming-pool,256,1.0,1,1,2
P0796,harbor,0,1.0,12,12,15
P0796,harbor,16,1.0,12,12,15
P0796,harbor,64,1.0,12,12,15
P0796,harbor,256,1.0,12,12,15
P0796,ship,0,1.0,228,228,15
P0796,ship,16,0.9956140350877193,228,227,15
P0796,ship,64,0.706140350877193,228,161,15
P0796,ship,256,0.021929824561403508,228,5,8
P0796,small-vehicle,0,1.0,62,62,15
P0796,small-vehicle,16,1.0,62,62,15
P0796,small-vehicle,64,0.0,62,0,0
P0796,small-vehicle,256,0.0,62,0,0
P0796,swimming-pool,0,1.0,4,4,11
P0796,swimming-pool,16,1.0,4,4,10
P0796,swimming-pool,64,1.0,4,4,10
P0796,swimming-pool,256,0.5,4,2,3
P0796,tennis-court,0,1.0,3,3,6
P0796,tennis-court,16,1.0,3,3,5
P0796,tennis-court,64,1.0,3,3,5
P0796,tennis-court,256,1.0,3,3,5
P0799,harbor,0,1.0,19,19,22
P0799,harbor,16,1.0,19,19,22
P0799,harbor,64,1.0,19,19,22
P0799,harbor,256,1.0,19,19,22
P0799,roundabout,0,1.0,1,1,6
P0799,roundabout,16,1.0,1,1,6
P0799,roundabout,64,1.0,1,1,6
P0799,roundabout,256,1.0,1,1,2
P0799,ship,0,1.0,317,317,24
P0799,ship,16,1.0,317,317,24
P0799,ship,64,0.807570977917981,317,256,24
P0799,ship,256,0.025236593059936908,317,8,11
P0799,small-vehicle,0,1.0,75,75,21
P0799,small-vehicle,16,1.0,75,75,15
P0799,small-vehicle,64,0.0,75,0,0
P0799,small-vehicle,256,0.0,75,0,0
P0799,swimming-pool,0,1.0,1,1,3
P0799,swimming-pool,16,1.0,1,1,3
P0799,swimming-pool,64,1.0,1,1,3
P0799,swimming-pool,256,1.0,1,1,1
P0799,tennis-court,0,1.0,2,2,2
P0799,tennis-court,16,1.0,2,2,2
P0799,tennis-court,64,1.0,2,2,2
P0799,tennis-court,256,1.0,2,2,1
P0801,harbor,0,1.0,9,9,37
P0801,harbor,16,1.0,9,9,37
P0801,harbor,64,1.0,9,9,37
P0801,harbor,256,1.0,9,9,37
P0801,ship,0,1.0,337,337,53
P0801,ship,16,1.0,337,337,53
P0801,ship,64,1.0,337,337,53
P0801,ship,256,0.8991097922848664,337,303,46
P0801,small-vehicle,0,1.0,119,119,21
P0801,small-vehicle,16,1.0,119,119,21
P0801,small-vehicle,64,1.0,119,119,17
P0801,small-vehicle,256,0.01680672268907563,119,2,3
P0814,small-vehicle,0,1.0,8,8,8
P0814,small-vehicle,16,1.0,8,8,8
P0814,small-vehicle,64,1.0,8,8,8
P0814,small-vehicle,256,0.0,8,0,0
P0814,tennis-court,0,1.0,7,7,10
P0814,tennis-court,16,1.0,7,7,10
P0814,tennis-court,64,1.0,7,7,10
P0814,tennis-court,256,1.0,7,7,10
P0815,baseball-diamond,0,1.0,1,1,4
P0815,baseball-diamond,16,1.0,1,1,4
P0815,baseball-diamond,64,1.0,1,1,4
P0815,baseball-diamond,256,1.0,1,1,4
P0815,tennis-court,0,1.0,6,6,7
P0815,tennis-court,16,1.0,6,6,7
P0815,tennis-court,64,1.0,6,6,7
P0815,tennis-court,256,1.0,6,6,7
P0816,small-vehicle,0,1.0,25,25,5
P0816,small-vehicle,16,1.0,25,25,5
P0816,small-vehicle,64,1.0,25,25,4
P0816,small-vehicle,256,0.0,25,0,0
P0816,tennis-court,0,1.0,6,6,8
P0816,tennis-court,16,1.0,6,6,8
P0816,tennis-court,64,1.0,6,6,8
P0816,tennis-court,256,1.0,6,6,8
P0822,basketball-court,0,1.0,1,1,3
P0822,basketball-court,16,1.0,1,1,2
P0822,basketball-court,64,1.0,1,1,2
P0822,basketball-court,256,1.0,1,1,2
P0822,tennis-court,0,1.0,6,6,8
P0822,tennis-court,16,1.0,6,6,8
P0822,tennis-court,64,1.0,6,6,8
P0822,tennis-court,256,1.0,6,6,8
P0833,basketball-court,0,1.0,8,8,12
P0833,basketball-court,16,1.0,8,8,12
P0833,basketball-court,64,1.0,8,8,12
P0833,basketball-court,256,1.0,8,8,12
P0833,small-vehicle,0,1.0,36,36,6
P0833,small-vehicle,16,1.0,36,36,6
P0833,small-vehicle,64,1.0,36,36,3
P0833,small-vehicle,256,0.0,36,0,0
P0833,tennis-court,0,1.0,10,10,11
P0833,tennis-court,16,1.0,10,10,11
P0833,tennis-court,64,1.0,10,10,11
P0833,tennis-court,256,1.0,10,10,11
P0837,harbor,0,1.0,7,7,26
P0837,harbor,16,1.0,7,7,26
P0837,harbor,64,1.0,7,7,26
P0837,harbor,256,1.0,7,7,26
P0837,ship,0,1.0,233,233,36
P0837,ship,16,1.0,233,233,36
P0837,ship,64,1.0,233,233,36
P0837,ship,256,0.8927038626609443,233,208,31
P0837,small-vehicle,0,1.0,1,1,3
P0837,small-vehicle,16,1.0,1,1,3
P0837,small-vehicle,64,1.0,1,1,1
P0837,small-vehicle,256,0.0,1,0,0
P0838,harbor,0,1.0,9,9,22
P0838,harbor,16,1.0,9,9,22
P0838,harbor,64,1.0,9,9,22
P0838,harbor,256,1.0,9,9,22
P0838,ship,0,1.0,597,597,24
P0838,ship,16,1.0,597,597,24
P0838,ship,64,0.9229480737018425,597,551,23
P0838,ship,256,0.010050251256281407,597,6,8
P0838,small-vehicle,0,1.0,72,72,8
P0838,small-vehicle,16,1.0,72,72,5
P0838,small-vehicle,64,0.0,72,0,0
P0838,small-vehicle,256,0.0,72,0,0
P0839,harbor,0,1.0,11,11,15
P0839,harbor,16,1.0,11,11,15
P0839,harbor,64,1.0,11,11,15
P0839,harbor,256,1.0,11,11,15
P0839,ship,0,1.0,433,433,15
P0839,ship,16,1.0,433,433,15
P0839,ship,64,0.9030023094688222,433,391,15
P0839,ship,256,0.009237875288683603,433,4,4
P0839,small-vehicle,0,1.0,18,18,6
P0839,small-vehicle,16,1.0,18,18,4
P0839,small-vehicle,64,0.0,18,0,0
P0839,small-vehicle,256,0.0,18,0,0
P0841,large-vehicle,0,1.0,16,16,22
P0841,large-vehicle,16,1.0,16,16,21
P0841,large-vehicle,64,0.5,16,8,8
P0841,large-vehicle,256,0.0,16,0,0
P0841,plane,0,1.0,24,24,42
P0841,plane,16,1.0,24,24,42
P0841,plane,64,1.0,24,24,42
P0841,plane,256,1.0,24,24,42
P0841,small-vehicle,0,1.0,456,456,32
P0841,small-vehicle,16,1.0,456,456,24
P0841,small-vehicle,64,0.0,456,0,0
P0841,small-vehicle,256,0.0,456,0,0
P0844,small-vehicle,0,1.0,1,1,2
P0844,small-vehicle,16,1.0,1,1,1
P0844,small-vehicle,64,1.0,1,1,1
P0844,small-vehicle,256,0.0,1,0,0
P0844,tennis-court,0,1.0,8,8,8
P0844,tennis-court,16,1.0,8,8,8
P0844,tennis-court,64,1.0,8,8,8
P0844,tennis-court,256,1.0,8,8,8
P0858,harbor,0,1.0,18,18,20
P0858,harbor,16,1.0,18,18,20
P0858,harbor,64,1.0,18,18,20
P0858,harbor,256,1.0,18,18,20
P0858,large-vehicle,0,1.0,7,7,9
P0858,large-vehicle,16,1.0,7,7,9
P0858,large-vehicle,64,1.0,7,7,6
P0858,large-vehicle,256,0.0,7,0,0
P0858,ship,0,1.0,428,428,26
P0858,ship,16,1.0,428,428,26
P0858,ship,64,0.8271028037383178,428,354,23
P0858,ship,256,0.007009345794392523,428,3,6
P0858,small-vehicle,0,1.0,119,119,18
P0858,small-vehicle,16,1.0,119,119,13
P0858,small-vehicle,64,0.008403361344537815,119,1,1
P0858,small-vehicle,256,0.0,119,0,0
P0864,harbor,0,1.0,14,14,30
P0864,harbor,16,1.0,14,14,30
P0864,harbor,64,1.0,14,14,30
P0864,harbor,256,1.0,14,14,30
P0864,roundabout,0,1.0,1,1,3
P0864,roundabout,16,1.0,1,1,3
P0864,roundabout,64,1.0,1,1,3
P0864,roundabout,256,1.0,1,1,1
P0864,ship,0,1.0,514,514,40
P0864,ship,16,1.0,514,514,40
P0864,ship,64,0.9571984435797666,514,492,39
P0864,ship,256,0.06420233463035019,514,33,27
P0864,small-vehicle,0,1.0,179,179,17
P0864,small-vehicle,16,1.0,179,179,11
P0864,small-vehicle,64,0.0,179,0,0
P0864,small-vehicle,256,0.0,179,0,0
P0882,basketball-court,0,1.0,1,1,3
P0882,basketball-court,16,1.0,1,1,3
P0882,basketball-court,64,1.0,1,1,3
P0882,basketball-court,256,1.0,1,1,3
P0882,small-vehicle,0,1.0,55,55,10
P0882,small-vehicle,16,1.0,55,55,10
P0882,small-vehicle,64,1.0,55,55,8
P0882,small-vehicle,256,0.0,55,0,0
P0882,swimming-pool,0,1.0,3,3,7
P0882,swimming-pool,16,1.0,3,3,7
P0882,swimming-pool,64,1.0,3,3,7
P0882,swimming-pool,256,1.0,3,3,7
P0882,tennis-court,0,1.0,13,13,12
P0882,tennis-court,16,1.0,13,13,12
P0882,tennis-court,64,1.0,13,13,12
P0882,tennis-court,256,1.0,13,13,12
P0887,harbor,0,1.0,11,11,29
P0887,harbor,16,1.0,11,11,29
P0887,harbor,64,1.0,11,11,29
P0887,harbor,256,1.0,11,11,29
P0887,ship,0,1.0,225,225,36
P0887,ship,16,1.0,225,225,36
P0887,ship,64,1.0,225,225,36
P0887,ship,256,0.6577777777777778,225,148,29
P0887,small-vehicle,0,1.0,40,40,28
P0887,small-vehicle,16,1.0,40,40,28
P0887,small-vehicle,64,1.0,40,40,19
P0887,small-vehicle,256,0.0,40,0,0
P0897,harbor,0,1.0,32,32,45
P0897,harbor,16,1.0,32,32,45
P0897,harbor,64,1.0,32,32,45
P0897,harbor,256,1.0,32,32,45
P0897,large-vehicle,0,1.0,8,8,20
P0897,large-vehicle,16,1.0,8,8,12
P0897,large-vehicle,64,0.0,8,0,0
P0897,large-vehicle,256,0.0,8,0,0
P0897,ship,0,1.0,1505,1505,60
P0897,ship,16,0.9993355481727575,1505,1504,59
P0897,ship,64,0.8179401993355482,1505,1231,55
P0897,ship,256,0.030564784053156147,1505,46,25
P0897,small-vehicle,0,1.0,456,456,39
P0897,small-vehicle,16,1.0,456,456,27
P0897,small-vehicle,64,0.0,456,0,0
P0897,small-vehicle,256,0.0,456,0,0
P0904,roundabout,0,1.0,1,1,6
P0904,roundabout,16,1.0,1,1,6
P0904,roundabout,64,1.0,1,1,6
P0904,roundabout,256,1.0,1,1,6
P0904,small-vehicle,0,1.0,15,15,9
P0904,small-vehicle,16,1.0,15,15,9
P0904,small-vehicle,64,1.0,15,15,7
P0904,small-vehicle,256,0.0,15,0,0
P0904,tennis-court,0,1.0,5,5,11
P0904,tennis-court,16,1.0,5,5,11
P0904,tennis-court,64,1.0,5,5,11
P0904,tennis-court,256,1.0,5,5,11
P0910,harbor,0,1.0,45,45,34
P0910,harbor,16,1.0,45,45,34
P0910,harbor,64,1.0,45,45,34
P0910,harbor,256,0.6888888888888889,45,31,33
P0910,ship,0,1.0,87,87,33
P0910,ship,16,0.9655172413793104,87,84,33
P0910,ship,64,0.21839080459770116,87,19,14
P0910,ship,256,0.0,87,0,0
P0910,small-vehicle,0,1.0,17,17,20
P0910,small-vehicle,16,0.11764705882352941,17,2,2
P0910,small-vehicle,64,0.0,17,0,0
P0910,small-vehicle,256,0.0,17,0,0
P0929,harbor,0,1.0,23,23,39
P0929,harbor,16,1.0,23,23,39
P0929,harbor,64,1.0,23,23,39
P0929,harbor,256,1.0,23,23,39
P0929,ship,0,1.0,10,10,28
P0929,ship,16,1.0,10,10,27
P0929,ship,64,1.0,10,10,27
P0929,ship,256,0.1,10,1,3
P0932,harbor,0,1.0,9,9,12
P0932,harbor,16,1.0,9,9,12
P0932,harbor,64,1.0,9,9,12
P0932,harbor,256,1.0,9,9,12
P0932,ship,0,1.0,4,4,7
P0932,ship,16,1.0,4,4,7
P0932,ship,64,0.5,4,2,2
P0932,ship,256,0.0,4,0,0
P0932,small-vehicle,0,1.0,1,1,3
P0932,small-vehicle,16,1.0,1,1,1
P0932,small-vehicle,64,0.0,1,0,0
P0932,small-vehicle,256,0.0,1,0,0
P0936,harbor,0,1.0,17,17,24
P0936,harbor,16,1.0,17,17,24
P0936,harbor,64,1.0,17,17,24
P0936,harbor,256,1.0,17,17,24
P0936,ship,0,1.0,20,20,23
P0936,ship,16,1.0,20,20,23
P0936,ship,64,0.5,20,10,13
P0936,ship,256,0.0,20,0,0
P0936,small-vehicle,0,1.0,30,30,17
P0936,small-vehicle,16,1.0,30,30,11
P0936,small-vehicle,64,0.0,30,0,0
P0936,small-vehicle,256,0.0,30,0,0
P0936,swimming-pool,0,1.0,1,1,4
P0936,swimming-pool,16,1.0,1,1,4
P0936,swimming-pool,64,1.0,1,1,2
P0936,swimming-pool,256,0.0,1,0,0
P0945,harbor,0,1.0,34,34,18
P0945,harbor,16,1.0,34,34,18
P0945,harbor,64,1.0,34,34,18
P0945,harbor,256,0.7647058823529411,34,26,16
P0945,ship,0,1.0,36,36,18
P0945,ship,16,1.0,36,36,18
P0945,ship,64,0.5,36,18,13
P0945,ship,256,0.0,36,0,0
P0945,small-vehicle,0,1.0,9,9,11
P0945,small-vehicle,16,1.0,9,9,7
P0945,small-vehicle,64,0.0,9,0,0
P0945,small-vehicle,256,0.0,9,0,0
P0949,harbor,0,1.0,17,17,16
P0949,harbor,16,1.0,17,17,16
P0949,harbor,64,1.0,17,17,16
P0949,harbor,256,1.0,17,17,16
P0949,ship,0,1.0,14,14,14
P0949,ship,16,1.0,14,14,14
P0949,ship,64,0.42857142857142855,14,6,8
P0949,ship,256,0.0,14,0,0
P0949,swimming-pool,0,1.0,2,2,3
P0949,swimming-pool,16,1.0,2,2,3
P0949,swimming-pool,64,1.0,2,2,3
P0949,swimming-pool,256,0.0,2,0,0
P0953,harbor,0,1.0,11,11,24
P0953,harbor,16,1.0,11,11,24
P0953,harbor,64,1.0,11,11,24
P0953,harbor,256,0.9090909090909091,11,10,24
P0953,ship,0,1.0,6,6,18
P0953,ship,16,1.0,6,6,18
P0953,ship,64,0.6666666666666666,6,4,7
P0953,ship,256,0.0,6,0,0
P0953,small-vehicle,0,1.0,4,4,9
P0953,small-vehicle,16,1.0,4,4,4
P0953,small-vehicle,64,0.0,4,0,0
P0953,small-vehicle,256,0.0,4,0,0
P0953,swimming-pool,0,1.0,2,2,10
P0953,swimming-pool,16,1.0,2,2,10
P0953,swimming-pool,64,1.0,2,2,6
P0953,swimming-pool,256,0.5,2,1,2
P0961,harbor,0,1.0,53,53,47
P0961,harbor,16,1.0,53,53,47
P0961,harbor,64,1.0,53,53,47
P0961,harbor,256,0.9622641509433962,53,51,41
P0961,ship,0,1.0,20,20,30
P0961,ship,16,0.95,20,19,23
P0961,ship,64,0.2,20,4,5
P0961,ship,256,0.0,20,0,0
P0961,small-vehicle,0,1.0,36,36,22
P0961,small-vehicle,16,1.0,36,36,14
P0961,small-vehicle,64,0.0,36,0,0
P0961,small-vehicle,256,0.0,36,0,0
P0961,swimming-pool,0,1.0,3,3,14
P0961,swimming-pool,16,1.0,3,3,14
P0961,swimming-pool,64,1.0,3,3,5
P0961,swimming-pool,256,0.0,3,0,0
P0962,harbor,0,1.0,12,12,15
P0962,harbor,16,1.0,12,12,15
P0962,harbor,64,1.0,12,12,15
P0962,harbor,256,1.0,12,12,15
P0964,harbor,0,1.0,12,12,29
P0964,harbor,16,1.0,12,12,29
P0964,harbor,64,1.0,12,12,29
P0964,harbor,256,1.0,12,12,29
P0964,ship,0,1.0,2,2,5
P0964,ship,16,1.0,2,2,5
P0964,ship,64,1.0,2,2,4
P0964,ship,256,0.5,2,1,1
P0964,small-vehicle,0,1.0,3,3,6
P0964,small-vehicle,16,1.0,3,3,6
P0964,small-vehicle,64,1.0,3,3,2
P0964,small-vehicle,256,0.0,3,0,0
P0964,swimming-pool,0,1.0,2,2,6
P0964,swimming-pool,16,1.0,2,2,6
P0964,swimming-pool,64,1.0,2,2,6
P0964,swimming-pool,256,1.0,2,2,3
P0968,harbor,0,1.0,9,9,15
P0968,harbor,16,1.0,9,9,15
P0968,harbor,64,1.0,9,9,15
P0968,harbor,256,1.0,9,9,15
P0968,small-vehicle,0,1.0,3,3,5
P0968,small-vehicle,16,1.0,3,3,5
P0968,small-vehicle,64,1.0,3,3,3
P0968,small-vehicle,256,0.0,3,0,0
P0969,large-vehicle,0,1.0,9,9,5
P0969,large-vehicle,16,1.0,9,9,5
P0969,large-vehicle,64,1.0,9,9,5
P0969,large-vehicle,256,0.6666666666666666,9,6,5
P0969,small-vehicle,0,1.0,34,34,5
P0969,small-vehicle,16,1.0,34,34,5
P0969,small-vehicle,64,1.0,34,34,5
P0969,small-vehicle,256,0.0,34,0,0
P0970,harbor,0,1.0,18,18,40
P0970,harbor,16,1.0,18,18,40
P0970,harbor,64,1.0,18,18,40
P0970,harbor,256,1.0,18,18,40
P0970,ship,0,1.0,5,5,12
P0970,ship,16,1.0,5,5,12
P0970,ship,64,1.0,5,5,11
P0970,ship,256,0.6,5,3,3
P0970,small-vehicle,0,1.0,1,1,3
P0970,small-vehicle,16,1.0,1,1,3
P0970,small-vehicle,64,1.0,1,1,1
P0970,small-vehicle,256,0.0,1,0,0
P0970,swimming-pool,0,1.0,1,1,4
P0970,swimming-pool,16,1.0,1,1,4
P0970,swimming-pool,64,1.0,1,1,2
P0970,swimming-pool,256,0.0,1,0,0
P0974,harbor,0,1.0,7,7,20
P0974,harbor,16,1.0,7,7,20
P0974,harbor,64,1.0,7,7,20
P0974,harbor,256,1.0,7,7,20
P0974,ship,0,1.0,4,4,13
P0974,ship,16,1.0,4,4,12
P0974,ship,64,0.75,4,3,5
P0974,ship,256,0.0,4,0,0
P0977,harbor,0,1.0,14,14,24
P0977,harbor,16,1.0,14,14,24
P0977,harbor,64,1.0,14,14,24
P0977,harbor,256,1.0,14,14,23
P0977,ship,0,1.0,10,10,23
P0977,ship,16,1.0,10,10,23
P0977,ship,64,1.0,10,10,19
P0977,ship,256,0.2,10,2,5
P0977,small-vehicle,0,1.0,4,4,8
P0977,small-vehicle,16,1.0,4,4,8
P0977,small-vehicle,64,1.0,4,4,5
P0977,small-vehicle,256,0.0,4,0,0
P0989,harbor,0,1.0,15,15,14
P0989,harbor,16,1.0,15,15,14
P0989,harbor,64,1.0,15,15,14
P0989,harbor,256,0.8666666666666667,15,13,13
P0989,ship,0,1.0,8,8,10
P0989,ship,16,1.0,8,8,10
P0989,ship,64,0.125,8,1,1
P0989,ship,256,0.0,8,0,0
P0989,small-vehicle,0,1.0,6,6,7
P0989,small-vehicle,16,1.0,6,6,5
P0989,small-vehicle,64,0.0,6,0,0
P0989,small-vehicle,256,0.0,6,0,0
P0989,swimming-pool,0,1.0,3,3,9
P0989,swimming-pool,16,1.0,3,3,9
P0989,swimming-pool,64,1.0,3,3,5
P0989,swimming-pool,256,0.0,3,0,0
P0990,harbor,0,1.0,29,29,32
P0990,harbor,16,1.0,29,29,32
P0990,harbor,64,1.0,29,29,31
P0990,harbor,256,0.8275862068965517,29,24,25
P0990,ship,0,1.0,22,22,30
P0990,ship,16,1.0,22,22,27
P0990,ship,64,0.22727272727272727,22,5,6
P0990,ship,256,0.0,22,0,0
P0990,small-vehicle,0,1.0,37,37,26
P0990,small-vehicle,16,1.0,37,37,18
P0990,small-vehicle,64,0.0,37,0,0
P0990,small-vehicle,256,0.0,37,0,0
P0990,swimming-pool,0,1.0,6,6,17
P0990,swimming-pool,16,1.0,6,6,16
P0990,swimming-pool,64,1.0,6,6,11
P0990,swimming-pool,256,0.16666666666666666,6,1,1
P0998,harbor,0,1.0,23,23,46
P0998,harbor,16,1.0,23,23,46
P0998,harbor,64,1.0,23,23,46
P0998,harbor,256,1.0,23,23,46
P0998,ship,0,1.0,8,8,30
P0998,ship,16,1.0,8,8,30
P0998,ship,64,1.0,8,8,17
P0998,ship,256,0.0,8,0,0
P0998,small-vehicle,0,1.0,6,6,14
P0998,small-vehicle,16,1.0,6,6,14
P0998,small-vehicle,64,1.0,6,6,6
P0998,small-vehicle,256,0.0,6,0,0
P1005,harbor,0,1.0,28,28,29
P1005,harbor,16,1.0,28,28,29
P1005,harbor,64,1.0,28,28,29
P1005,harbor,256,0.6785714285714286,28,19,17
P1005,ship,0,1.0,15,15,32
P1005,ship,16,1.0,15,15,30
P1005,ship,64,0.5333333333333333,15,8,8
P1005,ship,256,0.0,15,0,0
P1005,small-vehicle,0,1.0,31,31,38
P1005,small-vehicle,16,1.0,31,31,24
P1005,small-vehicle,64,0.0,31,0,0
P1005,small-vehicle,256,0.0,31,0,0
P1005,swimming-pool,0,1.0,3,3,8
P1005,swimming-pool,16,1.0,3,3,8
P1005,swimming-pool,64,1.0,3,3,6
P1005,swimming-pool,256,0.3333333333333333,3,1,2
P1007,harbor,0,1.0,69,69,57
P1007,harbor,16,1.0,69,69,57
P1007,harbor,64,1.0,69,69,57
P1007,harbor,256,0.9855072463768116,69,68,54
P1007,ship,0,1.0,17,17,36
P1007,ship,16,1.0,17,17,30
P1007,ship,64,0.4117647058823529,17,7,6
P1007,ship,256,0.0,17,0,0
P1007,small-vehicle,0,1.0,30,30,19
P1007,small-vehicle,16,1.0,30,30,10
P1007,small-vehicle,64,0.0,30,0,0
P1007,small-vehicle,256,0.0,30,0,0
P1007,swimming-pool,0,1.0,5,5,6
P1007,swimming-pool,16,1.0,5,5,6
P1007,swimming-pool,64,1.0,5,5,6
P1007,swimming-pool,256,0.2,5,1,1
P1009,harbor,0,1.0,285,285,50
P1009,harbor,16,1.0,285,285,50
P1009,harbor,64,1.0,285,285,50
P1009,harbor,256,0.21754385964912282,285,62,28
P1009,ship,0,1.0,85,85,49
P1009,ship,16,1.0,85,85,49
P1009,ship,64,0.6823529411764706,85,58,38
P1009,ship,256,0.0,85,0,0
P1009,small-vehicle,0,1.0,89,89,48
P1009,small-vehicle,16,1.0,89,89,43
P1009,small-vehicle,64,0.033707865168539325,89,3,4
P1009,small-vehicle,256,0.0,89,0,0
P1009,swimming-pool,0,1.0,2,2,7
P1009,swimming-pool,16,1.0,2,2,5
P1009,swimming-pool,64,0.5,2,1,2
P1009,swimming-pool,256,0.0,2,0,0
P1014,harbor,0,1.0,223,223,39
P1014,harbor,16,1.0,223,223,39
P1014,harbor,64,0.9641255605381166,223,215,37
P1014,harbor,256,0.03587443946188341,223,8,12
P1014,ship,0,1.0,63,63,39
P1014,ship,16,1.0,63,63,39
P1014,ship,64,0.4444444444444444,63,28,24
P1014,ship,256,0.0,63,0,0
P1014,small-vehicle,0,1.0,52,52,39
P1014,small-vehicle,16,1.0,52,52,30
P1014,small-vehicle,64,0.0,52,0,0
P1014,small-vehicle,256,0.0,52,0,0
P1014,swimming-pool,0,1.0,4,4,11
P1014,swimming-pool,16,1.0,4,4,10
P1014,swimming-pool,64,0.75,4,3,5
P1014,swimming-pool,256,0.0,4,0,0
P1021,harbor,0,1.0,15,15,12
P1021,harbor,16,1.0,15,15,12
P1021,harbor,64,1.0,15,15,12
P1021,harbor,256,1.0,15,15,12
P1021,ship,0,1.0,1,1,3
P1021,ship,16,1.0,1,1,3
P1021,ship,64,0.0,1,0,0
P1021,ship,256,0.0,1,0,0
P1021,small-vehicle,0,1.0,4,4,5
P1021,small-vehicle,16,1.0,4,4,4
P1021,small-vehicle,64,0.0,4,0,0
P1021,small-vehicle,256,0.0,4,0,0
P1022,harbor,0,1.0,12,12,22
P1022,harbor,16,1.0,12,12,22
P1022,harbor,64,1.0,12,12,22
P1022,harbor,256,1.0,12,12,22
P1022,ship,0,1.0,2,2,6
P1022,ship,16,1.0,2,2,4
P1022,ship,64,0.5,2,1,1
P1022,ship,256,0.0,2,0,0
P1022,small-vehicle,0,1.0,1,1,2
P1022,small-vehicle,16,1.0,1,1,1
P1022,small-vehicle,64,0.0,1,0,0
P1022,small-vehicle,256,0.0,1,0,0
P1023,harbor,0,1.0,23,23,32
P1023,harbor,16,1.0,23,23,32
P1023,harbor,64,1.0,23,23,32
P1023,harbor,256,1.0,23,23,32
P1023,ship,0,1.0,10,10,25
P1023,ship,16,1.0,10,10,21
P1023,ship,64,0.6,10,6,7
P1023,ship,256,0.0,10,0,0
P1023,small-vehicle,0,1.0,17,17,18
P1023,small-vehicle,16,1.0,17,17,8
P1023,small-vehicle,64,0.0,17,0,0
P1023,small-vehicle,256,0.0,17,0,0
P1029,harbor,0,1.0,31,31,21
P1029,harbor,16,1.0,31,31,21
P1029,harbor,64,1.0,31,31,21
P1029,harbor,256,0.7741935483870968,31,24,17
P1029,ship,0,1.0,3,3,4
P1029,ship,16,1.0,3,3,2
P1029,ship,64,0.0,3,0,0
P1029,ship,256,0.0,3,0,0
P1029,small-vehicle,0,1.0,11,11,13
P1029,small-vehicle,16,1.0,11,11,6
P1029,small-vehicle,64,0.0,11,0,0
P1029,small-vehicle,256,0.0,11,0,0
P1030,harbor,0,1.0,75,75,35
P1030,harbor,16,1.0,75,75,35
P1030,harbor,64,1.0,75,75,35
P1030,harbor,256,0.8266666666666667,75,62,24
P1030,ship,0,1.0,5,5,15
P1030,ship,16,1.0,5,5,12
P1030,ship,64,0.4,5,2,2
P1030,ship,256,0.0,5,0,0
P1030,small-vehicle,0,1.0,72,72,38
P1030,small-vehicle,16,1.0,72,72,28
P1030,small-vehicle,64,0.0,72,0,0
P1030,small-vehicle,256,0.0,72,0,0
P1030,swimming-pool,0,1.0,3,3,6
P1030,swimming-pool,16,1.0,3,3,5
P1030,swimming-pool,64,0.6666666666666666,3,2,2
P1030,swimming-pool,256,0.0,3,0,0
P1051,large-vehicle,0,1.0,1,1,4
P1051,large-vehicle,16,1.0,1,1,4
P1051,large-vehicle,64,1.0,1,1,4
P1051,large-vehicle,256,1.0,1,1,1
P1051,small-vehicle,0,1.0,85,85,6
P1051,small-vehicle,16,1.0,85,85,6
P1051,small-vehicle,64,1.0,85,85,4
P1051,small-vehicle,256,0.0,85,0,0
P1051,tennis-court,0,1.0,8,8,10
P1051,tennis-court,16,1.0,8,8,10
P1051,tennis-court,64,1.0,8,8,10
P1051,tennis-court,256,1.0,8,8,10
P1065,harbor,0,1.0,48,48,51
P1065,harbor,16,1.0,48,48,51
P1065,harbor,64,1.0,48,48,51
P1065,harbor,256,0.8125,48,39,40
P1065,ship,0,1.0,28,28,33
P1065,ship,16,1.0,28,28,32
P1065,ship,64,0.42857142857142855,28,12,12
P1065,ship,256,0.0,28,0,0
P1065,small-vehicle,0,1.0,15,15,26
P1065,small-vehicle,16,1.0,15,15,15
P1065,small-vehicle,64,0.0,15,0,0
P1065,small-vehicle,256,0.0,15,0,0
P1065,swimming-pool,0,1.0,8,8,16
P1065,swimming-pool,16,1.0,8,8,16
P1065,swimming-pool,64,1.0,8,8,11
P1065,swimming-pool,256,0.125,8,1,2
P1066,harbor,0,1.0,14,14,28
P1066,harbor,16,1.0,14,14,28
P1066,harbor,64,1.0,14,14,28
P1066,harbor,256,1.0,14,14,28
P1066,ship,0,1.0,13,13,25
P1066,ship,16,1.0,13,13,25
P1066,ship,64,0.9230769230769231,13,12,17
P1066,ship,256,0.15384615384615385,13,2,4
P1066,small-vehicle,0,1.0,8,8,13
P1066,small-vehicle,16,1.0,8,8,13
P1066,small-vehicle,64,1.0,8,8,9
P1066,small-vehicle,256,0.0,8,0,0
P1066,swimming-pool,0,1.0,1,1,2
P1066,swimming-pool,16,1.0,1,1,2
P1066,swimming-pool,64,1.0,1,1,2
P1066,swimming-pool,256,1.0,1,1,1
P1075,harbor,0,1.0,47,47,45
P1075,harbor,16,1.0,47,47,45
P1075,harbor,64,1.0,47,47,45
P1075,harbor,256,0.9574468085106383,47,45,44
P1075,ship,0,1.0,275,275,54
P1075,ship,16,1.0,275,275,54
P1075,ship,64,0.6727272727272727,275,185,31
P1075,ship,256,0.0036363636363636364,275,1,1
P1075,small-vehicle,0,1.0,90,90,37
P1075,small-vehicle,16,1.0,90,90,26
P1075,small-vehicle,64,0.0,90,0,0
P1075,small-vehicle,256,0.0,90,0,0
P1075,swimming-pool,0,1.0,10,10,27
P1075,swimming-pool,16,1.0,10,10,27
P1075,swimming-pool,64,1.0,10,10,18
P1075,swimming-pool,256,0.1,10,1,2
P1075,tennis-court,0,1.0,2,2,7
P1075,tennis-court,16,1.0,2,2,7
P1075,tennis-court,64,1.0,2,2,7
P1075,tennis-court,256,1.0,2,2,3
P1086,tennis-court,0,1.0,10,10,8
P1086,tennis-court,16,1.0,10,10,8
P1086,tennis-court,64,1.0,10,10,8
P1086,tennis-court,256,1.0,10,10,8
P1088,large-vehicle,0,1.0,3,3,3
P1088,large-vehicle,16,1.0,3,3,3
P1088,large-vehicle,64,1.0,3,3,3
P1088,large-vehicle,256,0.6666666666666666,3,2,2
P1088,plane,0,1.0,22,22,21
P1088,plane,16,1.0,22,22,21
P1088,plane,64,1.0,22,22,21
P1088,plane,256,1.0,22,22,21
P1088,small-vehicle,0,1.0,9,9,5
P1088,small-vehicle,16,1.0,9,9,5
P1088,small-vehicle,64,1.0,9,9,2
P1088,small-vehicle,256,0.0,9,0,0
P1090,harbor,0,1.0,10,10,20
P1090,harbor,16,1.0,10,10,20
P1090,harbor,64,1.0,10,10,20
P1090,harbor,256,1.0,10,10,20
P1090,ship,0,1.0,148,148,22
P1090,ship,16,1.0,148,148,22
P1090,ship,64,0.8783783783783784,148,130,21
P1090,ship,256,0.06756756756756757,148,10,12
P1090,small-vehicle,0,1.0,122,122,16
P1090,small-vehicle,16,1.0,122,122,12
P1090,small-vehicle,64,0.0,122,0,0
P1090,small-vehicle,256,0.0,122,0,0
P1091,large-vehicle,0,1.0,35,35,10
P1091,large-vehicle,16,1.0,35,35,10
P1091,large-vehicle,64,1.0,35,35,10
P1091,large-vehicle,256,0.45714285714285713,35,16,9
P1091,small-vehicle,0,1.0,3,3,6
P1091,small-vehicle,16,1.0,3,3,6
P1091,small-vehicle,64,1.0,3,3,5
P1091,small-vehicle,256,0.0,3,0,0
P1095,harbor,0,1.0,41,41,40
P1095,harbor,16,1.0,41,41,40
P1095,harbor,64,1.0,41,41,40
P1095,harbor,256,0.8780487804878049,41,36,34
P1095,ship,0,1.0,5,5,9
P1095,ship,16,1.0,5,5,9
P1095,ship,64,1.0,5,5,5
P1095,ship,256,0.0,5,0,0
P1095,small-vehicle,0,1.0,7,7,13
P1095,small-vehicle,16,1.0,7,7,6
P1095,small-vehicle,64,0.0,7,0,0
P1095,small-vehicle,256,0.0,7,0,0
P1095,swimming-pool,0,1.0,4,4,12
P1095,swimming-pool,16,1.0,4,4,12
P1095,swimming-pool,64,1.0,4,4,6
P1095,swimming-pool,256,0.25,4,1,1
P1099,small-vehicle,0,1.0,3,3,6
P1099,small-vehicle,16,1.0,3,3,6
P1099,small-vehicle,64,1.0,3,3,4
P1099,small-vehicle,256,0.0,3,0,0
P1099,tennis-court,0,1.0,7,7,11
P1099,tennis-court,16,1.0,7,7,11
P1099,tennis-court,64,1.0,7,7,11
P1099,tennis-court,256,1.0,7,7,11
P1101,small-vehicle,0,1.0,2,2,5
P1101,small-vehicle,16,1.0,2,2,5
P1101,small-vehicle,64,1.0,2,2,2
P1101,small-vehicle,256,0.0,2,0,0
P1101,tennis-court,0,1.0,6,6,7
P1101,tennis-court,16,1.0,6,6,7
P1101,tennis-court,64,1.0,6,6,7
P1101,tennis-court,256,1.0,6,6,7
P1103,large-vehicle,0,1.0,1,1,6
P1103,large-vehicle,16,1.0,1,1,6
P1103,large-vehicle,64,1.0,1,1,6
P1103,large-vehicle,256,1.0,1,1,4
P1103,plane,0,1.0,25,25,15
P1103,plane,16,1.0,25,25,15
P1103,plane,64,1.0,25,25,15
P1103,plane,256,1.0,25,25,15
P1103,small-vehicle,0,1.0,5,5,3
P1103,small-vehicle,16,1.0,5,5,3
P1103,small-vehicle,64,1.0,5,5,1
P1103,small-vehicle,256,0.0,5,0,0
P1122,plane,0,1.0,15,15,56
P1122,plane,16,1.0,15,15,56
P1122,plane,64,1.0,15,15,56
P1122,plane,256,1.0,15,15,56
P1122,small-vehicle,0,1.0,12,12,1
P1122,small-vehicle,16,1.0,12,12,1
P1122,small-vehicle,64,0.0,12,0,0
P1122,small-vehicle,256,0.0,12,0,0
P1128,plane,0,1.0,3,3,10
P1128,plane,16,1.0,3,3,10
P1128,plane,64,1.0,3,3,10
P1128,plane,256,1.0,3,3,10
P1133,plane,0,1.0,2,2,11
P1133,plane,16,1.0,2,2,11
P1133,plane,64,1.0,2,2,11
P1133,plane,256,1.0,2,2,11
P1134,large-vehicle,0,1.0,1,1,3
P1134,large-vehicle,16,1.0,1,1,3
P1134,large-vehicle,64,1.0,1,1,3
P1134,large-vehicle,256,1.0,1,1,3
P1134,plane,0,1.0,2,2,15
P1134,plane,16,1.0,2,2,15
P1134,plane,64,1.0,2,2,15
P1134,plane,256,1.0,2,2,15
P1137,plane,0,1.0,3,3,7
P1137,plane,16,1.0,3,3,7
P1137,plane,64,1.0,3,3,7
P1137,plane,256,1.0,3,3,7
P1138,plane,0,1.0,2,2,7
P1138,plane,16,1.0,2,2,7
P1138,plane,64,1.0,2,2,7
P1138,plane,256,1.0,2,2,7
P1143,plane,0,1.0,17,17,42
P1143,plane,16,1.0,17,17,42
P1143,plane,64,1.0,17,17,42
P1143,plane,256,1.0,17,17,42
P1143,small-vehicle,0,0.5714285714285714,21,12,12
P1143,small-vehicle,16,0.5714285714285714,21,12,12
P1143,small-vehicle,64,0.5714285714285714,21,12,9
P1143,small-vehicle,256,0.047619047619047616,21,1,2
P1147,plane,0,1.0,10,10,41
P1147,plane,16,1.0,10,10,41
P1147,plane,64,1.0,10,10,41
P1147,plane,256,1.0,10,10,41
P1147,small-vehicle,0,0.625,8,5,11
P1147,small-vehicle,16,0.625,8,5,11
P1147,small-vehicle,64,0.5,8,4,6
P1147,small-vehicle,256,0.125,8,1,2
P1149,helicopter,0,1.0,13,13,31
P1149,helicopter,16,1.0,13,13,31
P1149,helicopter,64,1.0,13,13,31
P1149,helicopter,256,1.0,13,13,31
P1149,plane,0,1.0,4,4,9
P1149,plane,16,1.0,4,4,9
P1149,plane,64,1.0,4,4,9
P1149,plane,256,1.0,4,4,9
P1154,helicopter,0,1.0,1,1,6
P1154,helicopter,16,1.0,1,1,6
P1154,helicopter,64,1.0,1,1,6
P1154,helicopter,256,1.0,1,1,6
P1154,plane,0,1.0,21,21,26
P1154,plane,16,1.0,21,21,26
P1154,plane,64,1.0,21,21,26
P1154,plane,256,1.0,21,21,26
P1156,plane,0,1.0,13,13,29
P1156,plane,16,1.0,13,13,29
P1156,plane,64,1.0,13,13,29
P1156,plane,256,1.0,13,13,29
P1178,large-vehicle,0,1.0,2,2,2
P1178,large-vehicle,16,1.0,2,2,2
P1178,large-vehicle,64,1.0,2,2,2
P1178,large-vehicle,256,0.5,2,1,1
P1178,plane,0,1.0,11,11,24
P1178,plane,16,1.0,11,11,24
P1178,plane,64,1.0,11,11,24
P1178,plane,256,1.0,11,11,23
P1178,small-vehicle,0,1.0,344,344,39
P1178,small-vehicle,16,1.0,344,344,39
P1178,small-vehicle,64,0.7819767441860465,344,269,25
P1178,small-vehicle,256,0.0,344,0,0
P1179,helicopter,0,0.6666666666666666,3,2,3
P1179,helicopter,16,0.6666666666666666,3,2,3
P1179,helicopter,64,0.6666666666666666,3,2,2
P1179,helicopter,256,0.0,3,0,0
P1179,plane,0,0.970873786407767,103,100,50
P1179,plane,16,0.970873786407767,103,100,50
P1179,plane,64,0.912621359223301,103,94,50
P1179,plane,256,0.5242718446601942,103,54,47
P1179,roundabout,0,1.0,1,1,5
P1179,roundabout,16,1.0,1,1,5
P1179,roundabout,64,1.0,1,1,5
P1179,roundabout,256,1.0,1,1,4
P1179,small-vehicle,0,0.2916666666666667,24,7,3
P1179,small-vehicle,16,0.08333333333333333,24,2,2
P1179,small-vehicle,64,0.0,24,0,0
P1179,small-vehicle,256,0.0,24,0,0
P1179,storage-tank,0,1.0,8,8,9
P1179,storage-tank,16,1.0,8,8,9
P1179,storage-tank,64,1.0,8,8,9
P1179,storage-tank,256,1.0,8,8,6
P1184,ground-track-field,0,1.0,1,1,3
P1184,ground-track-field,16,1.0,1,1,3
P1184,ground-track-field,64,1.0,1,1,3
P1184,ground-track-field,256,1.0,1,1,3
P1184,helicopter,0,1.0,2,2,1
P1184,helicopter,16,1.0,2,2,1
P1184,helicopter,64,0.0,2,0,0
P1184,helicopter,256,0.0,2,0,0
P1184,plane,0,1.0,21,21,17
P1184,plane,16,0.9523809523809523,21,20,15
P1184,plane,64,0.5238095238095238,21,11,7
P1184,plane,256,0.14285714285714285,21,3,3
P1184,soccer-ball-field,0,1.0,3,3,11
P1184,soccer-ball-field,16,1.0,3,3,11
P1184,soccer-ball-field,64,1.0,3,3,11
P1184,soccer-ball-field,256,1.0,3,3,11
P1189,basketball-court,0,1.0,2,2,3
P1189,basketball-court,16,1.0,2,2,3
P1189,basketball-court,64,1.0,2,2,3
P1189,basketball-court,256,1.0,2,2,3
P1189,large-vehicle,0,1.0,6,6,3
P1189,large-vehicle,16,1.0,6,6,3
P1189,large-vehicle,64,0.16666666666666666,6,1,2
P1189,large-vehicle,256,0.0,6,0,0
P1189,small-vehicle,0,1.0,27,27,5
P1189,small-vehicle,16,1.0,27,27,5
P1189,small-vehicle,64,0.07407407407407407,27,2,1
P1189,small-vehicle,256,0.0,27,0,0
P1189,tennis-court,0,1.0,9,9,7
P1189,tennis-court,16,1.0,9,9,7
P1189,tennis-court,64,1.0,9,9,7
P1189,tennis-court,256,1.0,9,9,7
P1210,bridge,0,1.0,1,1,2
P1210,bridge,16,1.0,1,1,2
P1210,bridge,64,1.0,1,1,1
P1210,bridge,256,0.0,1,0,0
P1212,ship,0,1.0,2,2,7
P1212,ship,16,1.0,2,2,6
P1212,ship,64,0.5,2,1,5
P1212,ship,256,0.5,2,1,4
P1213,ship,0,1.0,2,2,12
P1213,ship,16,1.0,2,2,10
P1213,ship,64,1.0,2,2,4
P1213,ship,256,0.0,2,0,0
P1219,ship,0,1.0,66,66,13
P1219,ship,16,0.696969696969697,66,46,9
P1219,ship,64,0.015151515151515152,66,1,1
P1219,ship,256,0.0,66,0,0
P1225,bridge,0,1.0,6,6,19
P1225,bridge,16,1.0,6,6,14
P1225,bridge,64,0.5,6,3,6
P1225,bridge,256,0.5,6,3,4
P1225,ship,0,1.0,15,15,19
P1225,ship,16,1.0,15,15,19
P1225,ship,64,0.7333333333333333,15,11,16
P1225,ship,256,0.13333333333333333,15,2,4
P1230,bridge,0,0.8888888888888888,9,8,17
P1230,bridge,16,0.8888888888888888,9,8,17
P1230,bridge,64,0.8888888888888888,9,8,15
P1230,bridge,256,0.4444444444444444,9,4,6
P1230,ground-track-field,0,1.0,1,1,4
P1230,ground-track-field,16,1.0,1,1,4
P1230,ground-track-field,64,1.0,1,1,4
P1230,ground-track-field,256,1.0,1,1,3
P1230,plane,0,1.0,1,1,3
P1230,plane,16,1.0,1,1,3
P1230,plane,64,1.0,1,1,3
P1230,plane,256,1.0,1,1,2
P1234,bridge,0,1.0,6,6,15
P1234,bridge,16,1.0,6,6,15
P1234,bridge,64,0.8333333333333334,6,5,11
P1234,bridge,256,0.5,6,3,7
P1234,harbor,0,1.0,4,4,14
P1234,harbor,16,1.0,4,4,14
P1234,harbor,64,1.0,4,4,14
P1234,harbor,256,1.0,4,4,6
P1234,ship,0,1.0,40,40,39
P1234,ship,16,1.0,40,40,37
P1234,ship,64,0.675,40,27,31
P1234,ship,256,0.275,40,11,13
P1234,storage-tank,0,1.0,140,140,31
P1234,storage-tank,16,0.7357142857142858,140,103,29
P1234,storage-tank,64,0.39285714285714285,140,55,25
P1234,storage-tank,256,0.2785714285714286,140,39,11
P1240,bridge,0,1.0,12,12,23
P1240,bridge,16,1.0,12,12,23
P1240,bridge,64,0.8333333333333334,12,10,19
P1240,bridge,256,0.4166666666666667,12,5,7
P1240,ground-track-field,0,1.0,5,5,10
P1240,ground-track-field,16,1.0,5,5,10
P1240,ground-track-field,64,1.0,5,5,10
P1240,ground-track-field,256,0.8,5,4,10
P1240,roundabout,0,1.0,2,2,4
P1240,roundabout,16,1.0,2,2,4
P1240,roundabout,64,1.0,2,2,3
P1240,roundabout,256,0.5,2,1,1
P1240,storage-tank,0,1.0,1,1,4
P1240,storage-tank,16,1.0,1,1,4
P1240,storage-tank,64,1.0,1,1,1
P1240,storage-tank,256,0.0,1,0,0
P1242,bridge,0,1.0,5,5,11
P1242,bridge,16,1.0,5,5,9
P1242,bridge,64,0.6,5,3,3
P1242,bridge,256,0.0,5,0,0
P1242,harbor,0,1.0,5,5,9
P1242,harbor,16,1.0,5,5,9
P1242,harbor,64,1.0,5,5,9
P1242,harbor,256,1.0,5,5,9
P1242,roundabout,0,1.0,2,2,9
P1242,roundabout,16,1.0,2,2,9
P1242,roundabout,64,1.0,2,2,9
P1242,roundabout,256,0.5,2,1,6
P1242,ship,0,1.0,21,21,24
P1242,ship,16,1.0,21,21,24
P1242,ship,64,0.9523809523809523,21,20,23
P1242,ship,256,0.5238095238095238,21,11,19
P1242,storage-tank,0,1.0,260,260,31
P1242,storage-tank,16,0.9115384615384615,260,237,29
P1242,storage-tank,64,0.6615384615384615,260,172,23
P1242,storage-tank,256,0.2153846153846154,260,56,6
P1246,basketball-court,0,1.0,2,2,2
P1246,basketball-court,16,1.0,2,2,2
P1246,basketball-court,64,1.0,2,2,1
P1246,basketball-court,256,0.0,2,0,0
P1246,bridge,0,0.8,5,4,18
P1246,bridge,16,0.8,5,4,16
P1246,bridge,64,0.6,5,3,11
P1246,bridge,256,0.2,5,1,6
P1246,harbor,0,1.0,1,1,6
P1246,harbor,16,1.0,1,1,6
P1246,harbor,64,1.0,1,1,5
P1246,harbor,256,0.0,1,0,0
P1246,ship,0,1.0,6,6,14
P1246,ship,16,1.0,6,6,14
P1246,ship,64,1.0,6,6,13
P1246,ship,256,0.6666666666666666,6,4,7
P1257,basketball-court,0,1.0,1,1,3
P1257,basketball-court,16,1.0,1,1,3
P1257,basketball-court,64,1.0,1,1,2
P1257,basketball-court,256,0.0,1,0,0
P1257,bridge,0,1.0,4,4,6
P1257,bridge,16,1.0,4,4,5
P1257,bridge,64,0.75,4,3,4
P1257,bridge,256,0.75,4,3,4
P1257,ground-track-field,0,1.0,3,3,9
P1257,ground-track-field,16,1.0,3,3,9
P1257,ground-track-field,64,1.0,3,3,9
P1257,ground-track-field,256,1.0,3,3,9
P1257,harbor,0,1.0,1,1,1
P1257,harbor,16,1.0,1,1,1
P1257,harbor,64,1.0,1,1,1
P1257,harbor,256,0.0,1,0,0
P1257,roundabout,0,1.0,1,1,3
P1257,roundabout,16,1.0,1,1,3
P1257,roundabout,64,1.0,1,1,2
P1257,roundabout,256,0.0,1,0,0
P1257,ship,0,1.0,7,7,5
P1257,ship,16,0.7142857142857143,7,5,5
P1257,ship,64,0.2857142857142857,7,2,2
P1257,ship,256,0.0,7,0,0
P1266,bridge,0,1.0,4,4,12
P1266,bridge,16,0.5,4,2,5
P1266,bridge,64,0.25,4,1,1
P1266,bridge,256,0.0,4,0,0
P1266,harbor,0,1.0,1,1,2
P1266,harbor,16,1.0,1,1,2
P1266,harbor,64,1.0,1,1,2
P1266,harbor,256,1.0,1,1,1
P1266,ship,0,1.0,7,7,9
P1266,ship,16,1.0,7,7,9
P1266,ship,64,0.8571428571428571,7,6,7
P1266,ship,256,0.42857142857142855,7,3,1
P1268,basketball-court,0,1.0,1,1,5
P1268,basketball-court,16,1.0,1,1,5
P1268,basketball-court,64,1.0,1,1,4
P1268,basketball-court,256,0.0,1,0,0
P1268,bridge,0,1.0,10,10,21
P1268,bridge,16,1.0,10,10,21
P1268,bridge,64,1.0,10,10,17
P1268,bridge,256,0.3,10,3,7
P1268,ground-track-field,0,1.0,1,1,4
P1268,ground-track-field,16,1.0,1,1,4
P1268,ground-track-field,64,1.0,1,1,4
P1268,ground-track-field,256,1.0,1,1,3
P1268,ship,0,1.0,5,5,14
P1268,ship,16,1.0,5,5,14
P1268,ship,64,1.0,5,5,12
P1268,ship,256,0.6,5,3,4
P1269,basketball-court,0,1.0,1,1,2
P1269,basketball-court,16,1.0,1,1,2
P1269,basketball-court,64,1.0,1,1,1
P1269,basketball-court,256,0.0,1,0,0
P1269,bridge,0,0.8666666666666667,15,13,32
P1269,bridge,16,0.8666666666666667,15,13,32
P1269,bridge,64,0.7333333333333333,15,11,25
P1269,bridge,256,0.3333333333333333,15,5,7
P1269,ground-track-field,0,1.0,1,1,6
P1269,ground-track-field,16,1.0,1,1,6
P1269,ground-track-field,64,1.0,1,1,6
P1269,ground-track-field,256,1.0,1,1,6
P1269,harbor,0,1.0,1,1,3
P1269,harbor,16,1.0,1,1,3
P1269,harbor,64,1.0,1,1,3
P1269,harbor,256,1.0,1,1,3
P1269,storage-tank,0,1.0,14,14,7
P1269,storage-tank,16,1.0,14,14,7
P1269,storage-tank,64,1.0,14,14,7
P1269,storage-tank,256,1.0,14,14,5
P1273,ship,0,1.0,21,21,33
P1273,ship,16,1.0,21,21,27
P1273,ship,64,0.23809523809523808,21,5,10
P1273,ship,256,0.09523809523809523,21,2,5
P1275,harbor,0,1.0,1,1,3
P1275,harbor,16,1.0,1,1,3
P1275,harbor,64,1.0,1,1,3
P1275,harbor,256,1.0,1,1,1
P1275,ship,0,1.0,45,45,54
P1275,ship,16,1.0,45,45,54
P1275,ship,64,0.7555555555555555,45,34,40
P1275,ship,256,0.4444444444444444,45,20,16
P1278,harbor,0,1.0,1,1,3
P1278,harbor,16,1.0,1,1,3
P1278,harbor,64,1.0,1,1,3
P1278,harbor,256,1.0,1,1,3
P1278,ship,0,1.0,10,10,25
P1278,ship,16,1.0,10,10,22
P1278,ship,64,0.9,10,9,15
P1278,ship,256,0.4,10,4,3
P1283,harbor,0,1.0,2,2,6
P1283,harbor,16,1.0,2,2,6
P1283,harbor,64,1.0,2,2,5
P1283,harbor,256,0.5,2,1,3
P1283,roundabout,0,1.0,2,2,4
P1283,roundabout,16,1.0,2,2,4
P1283,roundabout,64,0.5,2,1,2
P1283,roundabout,256,0.0,2,0,0
P1283,ship,0,1.0,4,4,9
P1283,ship,16,0.75,4,3,5
P1283,ship,64,0.25,4,1,2
P1283,ship,256,0.0,4,0,0
P1314,bridge,0,1.0,10,10,31
P1314,bridge,16,1.0,10,10,31
P1314,bridge,64,1.0,10,10,29
P1314,bridge,256,0.7,10,7,17
P1314,ship,0,1.0,30,30,18
P1314,ship,16,1.0,30,30,18
P1314,ship,64,0.9,30,27,10
P1314,ship,256,0.0,30,0,0
P1315,bridge,0,0.8888888888888888,27,24,53
P1315,bridge,16,0.8888888888888888,27,24,49
P1315,bridge,64,0.37037037037037035,27,10,18
P1315,bridge,256,0.0,27,0,0
P1315,ship,0,1.0,6,6,7
P1315,ship,16,0.6666666666666666,6,4,7
P1315,ship,64,0.16666666666666666,6,1,1
P1315,ship,256,0.0,6,0,0
P1323,bridge,0,1.0,29,29,48
P1323,bridge,16,1.0,29,29,48
P1323,bridge,64,0.8620689655172413,29,25,43
P1323,bridge,256,0.4827586206896552,29,14,22
P1332,bridge,0,1.0,4,4,11
P1332,bridge,16,1.0,4,4,9
P1332,bridge,64,0.5,4,2,4
P1332,bridge,256,0.0,4,0,0
P1332,ship,0,1.0,34,34,52
P1332,ship,16,0.9705882352941176,34,33,50
P1332,ship,64,0.4117647058823529,34,14,23
P1332,ship,256,0.029411764705882353,34,1,2
P1342,bridge,0,0.9459459459459459,37,35,61
P1342,bridge,16,0.9459459459459459,37,35,60
P1342,bridge,64,0.5405405405405406,37,20,37
P1342,bridge,256,0.21621621621621623,37,8,13
P1342,ground-track-field,0,1.0,5,5,16
P1342,ground-track-field,16,1.0,5,5,16
P1342,ground-track-field,64,1.0,5,5,16
P1342,ground-track-field,256,1.0,5,5,16
P1342,ship,0,1.0,8,8,8
P1342,ship,16,1.0,8,8,8
P1342,ship,64,1.0,8,8,3
P1342,ship,256,0.0,8,0,0
P1342,soccer-ball-field,0,1.0,1,1,5
P1342,soccer-ball-field,16,1.0,1,1,5
P1342,soccer-ball-field,64,1.0,1,1,5
P1342,soccer-ball-field,256,1.0,1,1,4
P1342,storage-tank,0,1.0,8,8,3
P1342,storage-tank,16,1.0,8,8,3
P1342,storage-tank,64,1.0,8,8,3
P1342,storage-tank,256,0.0,8,0,0
P1356,bridge,0,0.9733333333333334,75,73,77
P1356,bridge,16,0.8666666666666667,75,65,62
P1356,bridge,64,0.08,75,6,11
P1356,bridge,256,0.013333333333333334,75,1,1
P1356,ship,0,0.7307692307692307,26,19,19
P1356,ship,16,0.7307692307692307,26,19,19
P1356,ship,64,0.6153846153846154,26,16,13
P1356,ship,256,0.0,26,0,0
P1370,bridge,0,1.0,1,1,4
P1370,bridge,16,1.0,1,1,4
P1370,bridge,64,1.0,1,1,4
P1370,bridge,256,1.0,1,1,2
P1370,roundabout,0,1.0,4,4,12
P1370,roundabout,16,1.0,4,4,12
P1370,roundabout,64,1.0,4,4,7
P1370,roundabout,256,0.0,4,0,0
P1371,storage-tank,0,1.0,4,4,6
P1371,storage-tank,16,1.0,4,4,6
P1371,storage-tank,64,1.0,4,4,6
P1371,storage-tank,256,1.0,4,4,5
P1373,basketball-court,0,1.0,9,9,7
P1373,basketball-court,16,1.0,9,9,7
P1373,basketball-court,64,1.0,9,9,4
P1373,basketball-court,256,0.0,9,0,0
P1373,ground-track-field,0,1.0,3,3,8
P1373,ground-track-field,16,1.0,3,3,8
P1373,ground-track-field,64,1.0,3,3,8
P1373,ground-track-field,256,1.0,3,3,8
P1373,plane,0,1.0,41,41,31
P1373,plane,16,1.0,41,41,31
P1373,plane,64,1.0,41,41,31
P1373,plane,256,0.8292682926829268,41,34,23
P1373,storage-tank,0,1.0,15,15,5
P1373,storage-tank,16,1.0,15,15,5
P1373,storage-tank,64,1.0,15,15,5
P1373,storage-tank,256,0.2,15,3,3
P1376,large-vehicle,0,0.8888888888888888,18,16,14
P1376,large-vehicle,16,0.8888888888888888,18,16,14
P1376,large-vehicle,64,0.8888888888888888,18,16,8
P1376,large-vehicle,256,0.0,18,0,0
P1376,plane,0,1.0,16,16,29
P1376,plane,16,1.0,16,16,29
P1376,plane,64,1.0,16,16,29
P1376,plane,256,1.0,16,16,29
P1376,small-vehicle,0,0.8518518518518519,243,207,41
P1376,small-vehicle,16,0.7983539094650206,243,194,30
P1376,small-vehicle,64,0.00823045267489712,243,2,2
P1376,small-vehicle,256,0.0,243,0,0
P1376,storage-tank,0,1.0,2,2,3
P1376,storage-tank,16,1.0,2,2,3
P1376,storage-tank,64,1.0,2,2,3
P1376,storage-tank,256,0.5,2,1,2
P1376,swimming-pool,0,1.0,1,1,3
P1376,swimming-pool,16,1.0,1,1,3
P1376,swimming-pool,64,1.0,1,1,3
P1376,swimming-pool,256,1.0,1,1,2
P1377,bridge,0,1.0,1,1,6
P1377,bridge,16,1.0,1,1,6
P1377,bridge,64,1.0,1,1,1
P1377,bridge,256,0.0,1,0,0
P1377,large-vehicle,0,1.0,5,5,16
P1377,large-vehicle,16,1.0,5,5,15
P1377,large-vehicle,64,1.0,5,5,8
P1377,large-vehicle,256,0.0,5,0,0
P1377,small-vehicle,0,0.9815668202764977,217,213,69
P1377,small-vehicle,16,0.967741935483871,217,210,55
P1377,small-vehicle,64,0.013824884792626729,217,3,6
P1377,small-vehicle,256,0.0,217,0,0
P1377,soccer-ball-field,0,1.0,1,1,4
P1377,soccer-ball-field,16,1.0,1,1,4
P1377,soccer-ball-field,64,1.0,1,1,4
P1377,soccer-ball-field,256,1.0,1,1,4
P1377,storage-tank,0,1.0,1,1,4
P1377,storage-tank,16,1.0,1,1,4
P1377,storage-tank,64,1.0,1,1,2
P1377,storage-tank,256,0.0,1,0,0
P1377,swimming-pool,0,1.0,34,34,25
P1377,swimming-pool,16,1.0,34,34,25
P1377,swimming-pool,64,0.9411764705882353,34,32,24
P1377,swimming-pool,256,0.08823529411764706,34,3,7
P1380,bridge,0,1.0,7,7,21
P1380,bridge,16,1.0,7,7,21
P1380,bridge,64,0.8571428571428571,7,6,15
P1380,bridge,256,0.42857142857142855,7,3,6
P1380,large-vehicle,0,1.0,30,30,33
P1380,large-vehicle,16,1.0,30,30,33
P1380,large-vehicle,64,0.8666666666666667,30,26,19
P1380,large-vehicle,256,0.0,30,0,0
P1380,roundabout,0,0.75,12,9,21
P1380,roundabout,16,0.75,12,9,19
P1380,roundabout,64,0.4166666666666667,12,5,16
P1380,roundabout,256,0.4166666666666667,12,5,16
P1380,ship,0,1.0,1,1,2
P1380,ship,16,1.0,1,1,2
P1380,ship,64,1.0,1,1,1
P1380,ship,256,0.0,1,0,0
P1380,small-vehicle,0,0.8964374482187241,1207,1082,82
P1380,small-vehicle,16,0.7357083678541839,1207,888,67
P1380,small-vehicle,64,0.0033140016570008283,1207,4,8
P1380,small-vehicle,256,0.0,1207,0,0
P1380,soccer-ball-field,0,1.0,1,1,8
P1380,soccer-ball-field,16,1.0,1,1,8
P1380,soccer-ball-field,64,1.0,1,1,8
P1380,soccer-ball-field,256,1.0,1,1,8
P1380,storage-tank,0,1.0,1,1,3
P1380,storage-tank,16,1.0,1,1,3
P1380,storage-tank,64,1.0,1,1,1
P1380,storage-tank,256,0.0,1,0,0
P1380,swimming-pool,0,0.9473684210526315,38,36,29
P1380,swimming-pool,16,0.9473684210526315,38,36,29
P1380,swimming-pool,64,0.9210526315789473,38,35,24
P1380,swimming-pool,256,0.10526315789473684,38,4,10
P1380,tennis-court,0,1.0,4,4,7
P1380,tennis-court,16,1.0,4,4,7
P1380,tennis-court,64,1.0,4,4,7
P1380,tennis-court,256,1.0,4,4,3
P1384,baseball-diamond,0,1.0,1,1,2
P1384,baseball-diamond,16,1.0,1,1,2
P1384,baseball-diamond,64,1.0,1,1,2
P1384,baseball-diamond,256,1.0,1,1,2
P1384,bridge,0,1.0,3,3,6
P1384,bridge,16,0.6666666666666666,3,2,3
P1384,bridge,64,0.0,3,0,0
P1384,bridge,256,0.0,3,0,0
P1384,helicopter,0,1.0,3,3,3
P1384,helicopter,16,1.0,3,3,3
P1384,helicopter,64,0.3333333333333333,3,1,1
P1384,helicopter,256,0.0,3,0,0
P1384,plane,0,0.9936305732484076,157,156,23
P1384,plane,16,0.9936305732484076,157,156,23
P1384,plane,64,0.8407643312101911,157,132,17
P1384,plane,256,0.0,157,0,0
P1384,roundabout,0,0.7272727272727273,11,8,9
P1384,roundabout,16,0.5454545454545454,11,6,5
P1384,roundabout,64,0.18181818181818182,11,2,2
P1384,roundabout,256,0.0,11,0,0
P1384,small-vehicle,0,1.0,1,1,3
P1384,small-vehicle,16,0.0,1,0,0
P1384,small-vehicle,64,0.0,1,0,0
P1384,small-vehicle,256,0.0,1,0,0
P1384,soccer-ball-field,0,1.0,4,4,9
P1384,soccer-ball-field,16,1.0,4,4,9
P1384,soccer-ball-field,64,1.0,4,4,9
P1384,soccer-ball-field,256,1.0,4,4,7
P1384,storage-tank,0,0.75,16,12,21
P1384,storage-tank,16,0.75,16,12,14
P1384,storage-tank,64,0.4375,16,7,9
P1384,storage-tank,256,0.0625,16,1,2
P1384,swimming-pool,0,0.9714285714285714,105,102,68
P1384,swimming-pool,16,0.7904761904761904,105,83,59
P1384,swimming-pool,64,0.23809523809523808,105,25,23
P1384,swimming-pool,256,0.0,105,0,0
P1384,tennis-court,0,1.0,3,3,3
P1384,tennis-court,16,1.0,3,3,3
P1384,tennis-court,64,0.0,3,0,0
P1384,tennis-court,256,0.0,3,0,0
P1386,harbor,0,1.0,10,10,27
P1386,harbor,16,1.0,10,10,27
P1386,harbor,64,1.0,10,10,27
P1386,harbor,256,1.0,10,10,27
P1386,ship,0,1.0,206,206,37
P1386,ship,16,1.0,206,206,37
P1386,ship,64,1.0,206,206,37
P1386,ship,256,0.970873786407767,206,200,35
P1386,small-vehicle,0,1.0,2,2,6
P1386,small-vehicle,16,1.0,2,2,6
P1386,small-vehicle,64,1.0,2,2,4
P1386,small-vehicle,256,0.0,2,0,0
P1390,helicopter,0,1.0,9,9,3
P1390,helicopter,16,1.0,9,9,3
P1390,helicopter,64,1.0,9,9,3
P1390,helicopter,256,0.5555555555555556,9,5,2
P1390,plane,0,1.0,276,276,99
P1390,plane,16,1.0,276,276,99
P1390,plane,64,1.0,276,276,99
P1390,plane,256,0.967391304347826,276,267,99
P1390,small-vehicle,0,1.0,15,15,20
P1390,small-vehicle,16,1.0,15,15,17
P1390,small-vehicle,64,0.3333333333333333,15,5,3
P1390,small-vehicle,256,0.0,15,0,0
P1397,helicopter,0,0.3333333333333333,12,4,2
P1397,helicopter,16,0.3333333333333333,12,4,2
P1397,helicopter,64,0.3333333333333333,12,4,2
P1397,helicopter,256,0.3333333333333333,12,4,1
P1397,large-vehicle,0,1.0,1,1,3
P1397,large-vehicle,16,1.0,1,1,3
P1397,large-vehicle,64,1.0,1,1,2
P1397,large-vehicle,256,0.0,1,0,0
P1397,plane,0,0.9810924369747899,476,467,98
P1397,plane,16,0.9810924369747899,476,467,98
P1397,plane,64,0.9747899159663865,476,464,98
P1397,plane,256,0.8256302521008403,476,393,96
P1397,small-vehicle,0,1.0,34,34,19
P1397,small-vehicle,16,0.9411764705882353,34,32,15
P1397,small-vehicle,64,0.11764705882352941,34,4,4
P1397,small-vehicle,256,0.0,34,0,0
P1398,plane,0,0.9900990099009901,101,100,94
P1398,plane,16,0.9900990099009901,101,100,94
P1398,plane,64,0.9900990099009901,101,100,94
P1398,plane,256,0.9801980198019802,101,99,94
P1410,baseball-diamond,0,1.0,13,13,29
P1410,baseball-diamond,16,1.0,13,13,29
P1410,baseball-diamond,64,1.0,13,13,29
P1410,baseball-diamond,256,1.0,13,13,29
P1410,basketball-court,0,1.0,1,1,4
P1410,basketball-court,16,1.0,1,1,4
P1410,basketball-court,64,1.0,1,1,4
P1410,basketball-court,256,1.0,1,1,2
P1410,bridge,0,1.0,6,6,10
P1410,bridge,16,1.0,6,6,10
P1410,bridge,64,1.0,6,6,10
P1410,bridge,256,0.8333333333333334,6,5,6
P1410,helicopter,0,1.0,1,1,2
P1410,helicopter,16,1.0,1,1,2
P1410,helicopter,64,1.0,1,1,1
P1410,helicopter,256,0.0,1,0,0
P1410,large-vehicle,0,0.9459459459459459,37,35,43
P1410,large-vehicle,16,0.8918918918918919,37,33,37
P1410,large-vehicle,64,0.32432432432432434,37,12,20
P1410,large-vehicle,256,0.02702702702702703,37,1,2
P1410,roundabout,0,0.0,1,0,0
P1410,roundabout,16,0.0,1,0,0
P1410,roundabout,64,0.0,1,0,0
P1410,roundabout,256,0.0,1,0,0
P1410,small-vehicle,0,0.8561786085150571,1926,1649,70
P1410,small-vehicle,16,0.7014537902388369,1926,1351,53
P1410,small-vehicle,64,0.0005192107995846313,1926,1,2
P1410,small-vehicle,256,0.0,1926,0,0
P1410,soccer-ball-field,0,1.0,9,9,27
P1410,soccer-ball-field,16,1.0,9,9,27
P1410,soccer-ball-field,64,1.0,9,9,27
P1410,soccer-ball-field,256,1.0,9,9,27
P1410,swimming-pool,0,1.0,1,1,6
P1410,swimming-pool,16,1.0,1,1,6
P1410,swimming-pool,64,1.0,1,1,6
P1410,swimming-pool,256,1.0,1,1,6
P1429,harbor,0,1.0,2,2,14
P1429,harbor,16,1.0,2,2,14
P1429,harbor,64,1.0,2,2,14
P1429,harbor,256,1.0,2,2,14
P1429,ship,0,1.0,21,21,24
P1429,ship,16,1.0,21,21,24
P1429,ship,64,1.0,21,21,24
P1429,ship,256,1.0,21,21,22
P1432,basketball-court,0,1.0,18,18,32
P1432,basketball-court,16,1.0,18,18,32
P1432,basketball-court,64,1.0,18,18,32
P1432,basketball-court,256,1.0,18,18,23
P1432,ground-track-field,0,1.0,3,3,14
P1432,ground-track-field,16,1.0,3,3,14
P1432,ground-track-field,64,1.0,3,3,14
P1432,ground-track-field,256,1.0,3,3,14
P1432,soccer-ball-field,0,1.0,3,3,13
P1432,soccer-ball-field,16,1.0,3,3,13
P1432,soccer-ball-field,64,1.0,3,3,13
P1432,soccer-ball-field,256,1.0,3,3,13
P1434,large-vehicle,0,1.0,101,101,25
P1434,large-vehicle,16,1.0,101,101,25
P1434,large-vehicle,64,1.0,101,101,25
P1434,large-vehicle,256,0.7128712871287128,101,72,15
P1434,small-vehicle,0,1.0,24,24,21
P1434,small-vehicle,16,1.0,24,24,21
P1434,small-vehicle,64,1.0,24,24,13
P1434,small-vehicle,256,0.0,24,0,0
P1440,basketball-court,0,1.0,5,5,6
P1440,basketball-court,16,1.0,5,5,6
P1440,basketball-court,64,1.0,5,5,6
P1440,basketball-court,256,1.0,5,5,6
P1440,ground-track-field,0,1.0,1,1,7
P1440,ground-track-field,16,1.0,1,1,7
P1440,ground-track-field,64,1.0,1,1,7
P1440,ground-track-field,256,1.0,1,1,7
P1440,soccer-ball-field,0,1.0,1,1,7
P1440,soccer-ball-field,16,1.0,1,1,7
P1440,soccer-ball-field,64,1.0,1,1,7
P1440,soccer-ball-field,256,1.0,1,1,7
P1452,large-vehicle,0,1.0,38,38,7
P1452,large-vehicle,16,1.0,38,38,7
P1452,large-vehicle,64,1.0,38,38,7
P1452,large-vehicle,256,0.34210526315789475,38,13,5
P1452,small-vehicle,0,1.0,6,6,3
P1452,small-vehicle,16,1.0,6,6,3
P1452,small-vehicle,64,1.0,6,6,1
P1452,small-vehicle,256,0.0,6,0,0
P1456,basketball-court,0,1.0,9,9,14
P1456,basketball-court,16,1.0,9,9,14
P1456,basketball-court,64,1.0,9,9,14
P1456,basketball-court,256,1.0,9,9,14
P1456,ground-track-field,0,1.0,1,1,4
P1456,ground-track-field,16,1.0,1,1,4
P1456,ground-track-field,64,1.0,1,1,4
P1456,ground-track-field,256,1.0,1,1,4
P1456,soccer-ball-field,0,1.0,2,2,11
P1456,soccer-ball-field,16,1.0,2,2,11
P1456,soccer-ball-field,64,1.0,2,2,11
P1456,soccer-ball-field,256,1.0,2,2,11
P1463,basketball-court,0,1.0,8,8,16
P1463,basketball-court,16,1.0,8,8,16
P1463,basketball-court,64,1.0,8,8,16
P1463,basketball-court,256,1.0,8,8,16
P1463,ground-track-field,0,1.0,2,2,8
P1463,ground-track-field,16,1.0,2,2,8
P1463,ground-track-field,64,1.0,2,2,8
P1463,ground-track-field,256,1.0,2,2,8
P1463,small-vehicle,0,1.0,27,27,40
P1463,small-vehicle,16,1.0,27,27,40
P1463,small-vehicle,64,1.0,27,27,26
P1463,small-vehicle,256,0.0,27,0,0
P1463,soccer-ball-field,0,1.0,1,1,4
P1463,soccer-ball-field,16,1.0,1,1,4
P1463,soccer-ball-field,64,1.0,1,1,4
P1463,soccer-ball-field,256,1.0,1,1,4
P1463,tennis-court,0,1.0,2,2,3
P1463,tennis-court,16,1.0,2,2,3
P1463,tennis-court,64,1.0,2,2,3
P1463,tennis-court,256,1.0,2,2,3
P1471,basketball-court,0,1.0,4,4,6
P1471,basketball-court,16,1.0,4,4,6
P1471,basketball-court,64,1.0,4,4,6
P1471,basketball-court,256,1.0,4,4,6
P1471,ground-track-field,0,1.0,2,2,10
P1471,ground-track-field,16,1.0,2,2,10
P1471,ground-track-field,64,1.0,2,2,10
P1471,ground-track-field,256,1.0,2,2,10
P1471,large-vehicle,0,1.0,12,12,32
P1471,large-vehicle,16,1.0,12,12,32
P1471,large-vehicle,64,0.9166666666666666,12,11,29
P1471,large-vehicle,256,0.9166666666666666,12,11,12
P1471,small-vehicle,0,0.939935064935065,616,579,92
P1471,small-vehicle,16,0.9383116883116883,616,578,92
P1471,small-vehicle,64,0.5503246753246753,616,339,85
P1471,small-vehicle,256,0.05032467532467533,616,31,27
P1471,soccer-ball-field,0,1.0,2,2,11
P1471,soccer-ball-field,16,1.0,2,2,11
P1471,soccer-ball-field,64,1.0,2,2,11
P1471,soccer-ball-field,256,1.0,2,2,11
P1473,large-vehicle,0,1.0,25,25,11
P1473,large-vehicle,16,1.0,25,25,11
P1473,large-vehicle,64,1.0,25,25,11
P1473,large-vehicle,256,0.92,25,23,9
P1473,small-vehicle,0,1.0,1,1,4
P1473,small-vehicle,16,1.0,1,1,4
P1473,small-vehicle,64,1.0,1,1,2
P1473,small-vehicle,256,0.0,1,0,0
P1474,basketball-court,0,1.0,12,12,12
P1474,basketball-court,16,1.0,12,12,12
P1474,basketball-court,64,1.0,12,12,10
P1474,basketball-court,256,0.16666666666666666,12,2,4
P1474,ground-track-field,0,1.0,1,1,3
P1474,ground-track-field,16,1.0,1,1,3
P1474,ground-track-field,64,1.0,1,1,3
P1474,ground-track-field,256,1.0,1,1,3
P1474,plane,0,1.0,23,23,24
P1474,plane,16,1.0,23,23,24
P1474,plane,64,1.0,23,23,24
P1474,plane,256,1.0,23,23,17
P1474,small-vehicle,0,1.0,1,1,2
P1474,small-vehicle,16,1.0,1,1,1
P1474,small-vehicle,64,0.0,1,0,0
P1474,small-vehicle,256,0.0,1,0,0
P1474,soccer-ball-field,0,1.0,1,1,2
P1474,soccer-ball-field,16,1.0,1,1,2
P1474,soccer-ball-field,64,1.0,1,1,2
P1474,soccer-ball-field,256,1.0,1,1,2
P1476,large-vehicle,0,1.0,45,45,28
P1476,large-vehicle,16,1.0,45,45,28
P1476,large-vehicle,64,1.0,45,45,28
P1476,large-vehicle,256,0.9333333333333333,45,42,17
P1476,small-vehicle,0,1.0,15,15,20
P1476,small-vehicle,16,1.0,15,15,20
P1476,small-vehicle,64,1.0,15,15,13
P1476,small-vehicle,256,0.06666666666666667,15,1,1
P1478,large-vehicle,0,1.0,158,158,27
P1478,large-vehicle,16,1.0,158,158,27
P1478,large-vehicle,64,1.0,158,158,27
P1478,large-vehicle,256,0.6962025316455697,158,110,17
P1478,small-vehicle,0,1.0,1261,1261,34
P1478,small-vehicle,16,1.0,1261,1261,34
P1478,small-vehicle,64,0.9944488501189532,1261,1254,25
P1478,small-vehicle,256,0.0,1261,0,0
P1483,helicopter,0,1.0,2,2,8
P1483,helicopter,16,1.0,2,2,8
P1483,helicopter,64,1.0,2,2,8
P1483,helicopter,256,1.0,2,2,8
P1483,large-vehicle,0,1.0,2,2,2
P1483,large-vehicle,16,1.0,2,2,2
P1483,large-vehicle,64,1.0,2,2,1
P1483,large-vehicle,256,0.0,2,0,0
P1483,plane,0,1.0,3,3,13
P1483,plane,16,1.0,3,3,13
P1483,plane,64,1.0,3,3,13
P1483,plane,256,1.0,3,3,13
P1483,small-vehicle,0,1.0,2,2,6
P1483,small-vehicle,16,1.0,2,2,6
P1483,small-vehicle,64,1.0,2,2,2
P1483,small-vehicle,256,0.0,2,0,0
P1492,plane,0,1.0,5,5,15
P1492,plane,16,1.0,5,5,15
P1492,plane,64,1.0,5,5,15
P1492,plane,256,1.0,5,5,15
P1506,baseball-diamond,0,1.0,1,1,5
P1506,baseball-diamond,16,1.0,1,1,5
P1506,baseball-diamond,64,1.0,1,1,5
P1506,baseball-diamond,256,1.0,1,1,5
P1506,small-vehicle,0,1.0,3,3,4
P1506,small-vehicle,16,1.0,3,3,4
P1506,small-vehicle,64,0.3333333333333333,3,1,1
P1506,small-vehicle,256,0.0,3,0,0
P1506,tennis-court,0,1.0,4,4,12
P1506,tennis-court,16,1.0,4,4,12
P1506,tennis-court,64,1.0,4,4,12
P1506,tennis-court,256,1.0,4,4,12
P1508,helicopter,0,1.0,12,12,27
P1508,helicopter,16,1.0,12,12,27
P1508,helicopter,64,1.0,12,12,27
P1508,helicopter,256,1.0,12,12,27
P1508,plane,0,1.0,2,2,12
P1508,plane,16,1.0,2,2,12
P1508,plane,64,1.0,2,2,12
P1508,plane,256,1.0,2,2,12
P1508,small-vehicle,0,1.0,20,20,19
P1508,small-vehicle,16,1.0,20,20,19
P1508,small-vehicle,64,0.95,20,19,14
P1508,small-vehicle,256,0.05,20,1,1
P1512,large-vehicle,0,1.0,2,2,4
P1512,large-vehicle,16,1.0,2,2,4
P1512,large-vehicle,64,1.0,2,2,4
P1512,large-vehicle,256,1.0,2,2,1
P1512,plane,0,1.0,9,9,15
P1512,plane,16,1.0,9,9,15
P1512,plane,64,1.0,9,9,15
P1512,plane,256,1.0,9,9,14
P1512,small-vehicle,0,1.0,71,71,16
P1512,small-vehicle,16,1.0,71,71,16
P1512,small-vehicle,64,0.8873239436619719,71,63,13
P1512,small-vehicle,256,0.0,71,0,0
P1513,large-vehicle,0,1.0,3,3,8
P1513,large-vehicle,16,1.0,3,3,8
P1513,large-vehicle,64,1.0,3,3,4
P1513,large-vehicle,256,0.0,3,0,0
P1513,plane,0,1.0,19,19,45
P1513,plane,16,1.0,19,19,45
P1513,plane,64,1.0,19,19,45
P1513,plane,256,1.0,19,19,45
P1513,small-vehicle,0,1.0,82,82,53
P1513,small-vehicle,16,1.0,82,82,53
P1513,small-vehicle,64,0.8292682926829268,82,68,32
P1513,small-vehicle,256,0.0,82,0,0
P1518,baseball-diamond,0,1.0,1,1,2
P1518,baseball-diamond,16,1.0,1,1,2
P1518,baseball-diamond,64,1.0,1,1,1
P1518,baseball-diamond,256,0.0,1,0,0
P1518,bridge,0,1.0,1,1,2
P1518,bridge,16,1.0,1,1,1
P1518,bridge,64,0.0,1,0,0
P1518,bridge,256,0.0,1,0,0
P1518,harbor,0,1.0,2,2,2
P1518,harbor,16,1.0,2,2,2
P1518,harbor,64,1.0,2,2,1
P1518,harbor,256,0.0,2,0,0
P1518,storage-tank,0,1.0,1,1,2
P1518,storage-tank,16,1.0,1,1,2
P1518,storage-tank,64,1.0,1,1,2
P1518,storage-tank,256,0.0,1,0,0
P1529,ground-track-field,0,1.0,1,1,3
P1529,ground-track-field,16,1.0,1,1,3
P1529,ground-track-field,64,1.0,1,1,3
P1529,ground-track-field,256,1.0,1,1,3
P1529,plane,0,1.0,11,11,17
P1529,plane,16,1.0,11,11,17
P1529,plane,64,0.9090909090909091,11,10,15
P1529,plane,256,0.6363636363636364,11,7,8
P1529,storage-tank,0,0.6,5,3,3
P1529,storage-tank,16,0.6,5,3,3
P1529,storage-tank,64,0.2,5,1,1
P1529,storage-tank,256,0.0,5,0,0
P1541,bridge,0,1.0,3,3,9
P1541,bridge,16,1.0,3,3,7
P1541,bridge,64,0.3333333333333333,3,1,1
P1541,bridge,256,0.0,3,0,0
P1541,plane,0,1.0,2,2,4
P1541,plane,16,1.0,2,2,4
P1541,plane,64,1.0,2,2,4
P1541,plane,256,0.5,2,1,2
P1542,bridge,0,1.0,1,1,3
P1542,bridge,16,1.0,1,1,3
P1542,bridge,64,1.0,1,1,3
P1542,bridge,256,1.0,1,1,1
P1547,baseball-diamond,0,1.0,2,2,3
P1547,baseball-diamond,16,1.0,2,2,3
P1547,baseball-diamond,64,1.0,2,2,3
P1547,baseball-diamond,256,1.0,2,2,2
P1547,bridge,0,1.0,2,2,10
P1547,bridge,16,1.0,2,2,10
P1547,bridge,64,1.0,2,2,10
P1547,bridge,256,1.0,2,2,5
P1557,bridge,0,1.0,2,2,6
P1557,bridge,16,1.0,2,2,6
P1557,bridge,64,1.0,2,2,5
P1557,bridge,256,0.5,2,1,1
P1560,baseball-diamond,0,1.0,2,2,6
P1560,baseball-diamond,16,1.0,2,2,6
P1560,baseball-diamond,64,1.0,2,2,6
P1560,baseball-diamond,256,1.0,2,2,4
P1560,roundabout,0,1.0,2,2,9
P1560,roundabout,16,1.0,2,2,9
P1560,roundabout,64,1.0,2,2,9
P1560,roundabout,256,1.0,2,2,4
P1561,bridge,0,1.0,2,2,13
P1561,bridge,16,1.0,2,2,13
P1561,bridge,64,1.0,2,2,13
P1561,bridge,256,1.0,2,2,13
P1566,baseball-diamond,0,1.0,5,5,9
P1566,baseball-diamond,16,1.0,5,5,9
P1566,baseball-diamond,64,1.0,5,5,9
P1566,baseball-diamond,256,1.0,5,5,3
P1566,bridge,0,1.0,5,5,12
P1566,bridge,16,1.0,5,5,8
P1566,bridge,64,0.4,5,2,5
P1566,bridge,256,0.2,5,1,2
P1566,plane,0,1.0,8,8,10
P1566,plane,16,1.0,8,8,10
P1566,plane,64,0.75,8,6,5
P1566,plane,256,0.0,8,0,0
P1569,baseball-diamond,0,1.0,5,5,17
P1569,baseball-diamond,16,1.0,5,5,17
P1569,baseball-diamond,64,1.0,5,5,17
P1569,baseball-diamond,256,1.0,5,5,9
P1569,bridge,0,1.0,1,1,4
P1569,bridge,16,1.0,1,1,4
P1569,bridge,64,1.0,1,1,4
P1569,bridge,256,1.0,1,1,4
P1570,baseball-diamond,0,1.0,4,4,12
P1570,baseball-diamond,16,1.0,4,4,12
P1570,baseball-diamond,64,1.0,4,4,12
P1570,baseball-diamond,256,1.0,4,4,8
P1570,bridge,0,1.0,3,3,8
P1570,bridge,16,1.0,3,3,8
P1570,bridge,64,1.0,3,3,8
P1570,bridge,256,1.0,3,3,5
P1573,baseball-diamond,0,1.0,18,18,35
P1573,baseball-diamond,16,1.0,18,18,35
P1573,baseball-diamond,64,1.0,18,18,35
P1573,baseball-diamond,256,1.0,18,18,23
P1577,baseball-diamond,0,1.0,5,5,10
P1577,baseball-diamond,16,1.0,5,5,10
P1577,baseball-diamond,64,1.0,5,5,10
P1577,baseball-diamond,256,1.0,5,5,8
P1577,ground-track-field,0,1.0,1,1,4
P1577,ground-track-field,16,1.0,1,1,4
P1577,ground-track-field,64,1.0,1,1,4
P1577,ground-track-field,256,1.0,1,1,4
P1579,roundabout,0,1.0,1,1,3
P1579,roundabout,16,1.0,1,1,3
P1579,roundabout,64,1.0,1,1,3
P1579,roundabout,256,1.0,1,1,2
P1579,storage-tank,0,1.0,13,13,5
P1579,storage-tank,16,1.0,13,13,5
P1579,storage-tank,64,0.38461538461538464,13,5,5
P1579,storage-tank,256,0.23076923076923078,13,3,2
P1581,roundabout,0,1.0,4,4,12
P1581,roundabout,16,1.0,4,4,12
P1581,roundabout,64,1.0,4,4,12
P1581,roundabout,256,1.0,4,4,9
P1581,storage-tank,0,1.0,8,8,11
P1581,storage-tank,16,1.0,8,8,10
P1581,storage-tank,64,0.375,8,3,6
P1581,storage-tank,256,0.125,8,1,1
P1583,baseball-diamond,0,1.0,7,7,12
P1583,baseball-diamond,16,1.0,7,7,12
P1583,baseball-diamond,64,1.0,7,7,12
P1583,baseball-diamond,256,1.0,7,7,9
P1583,plane,0,1.0,21,21,10
P1583,plane,16,1.0,21,21,10
P1583,plane,64,0.5238095238095238,21,11,6
P1583,plane,256,0.047619047619047616,21,1,1
P1584,baseball-diamond,0,1.0,12,12,19
P1584,baseball-diamond,16,1.0,12,12,19
P1584,baseball-diamond,64,1.0,12,12,19
P1584,baseball-diamond,256,1.0,12,12,15
P1584,ground-track-field,0,1.0,2,2,5
P1584,ground-track-field,16,1.0,2,2,5
P1584,ground-track-field,64,1.0,2,2,5
P1584,ground-track-field,256,1.0,2,2,5
P1584,storage-tank,0,1.0,6,6,4
P1584,storage-tank,16,0.3333333333333333,6,2,4
P1584,storage-tank,64,0.16666666666666666,6,1,1
P1584,storage-tank,256,0.0,6,0,0
P1586,baseball-diamond,0,1.0,2,2,3
P1586,baseball-diamond,16,1.0,2,2,3
P1586,baseball-diamond,64,1.0,2,2,3
P1586,baseball-diamond,256,1.0,2,2,1
P1586,ground-track-field,0,1.0,1,1,3
P1586,ground-track-field,16,1.0,1,1,3
P1586,ground-track-field,64,1.0,1,1,3
P1586,ground-track-field,256,1.0,1,1,3
P1586,roundabout,0,1.0,6,6,18
P1586,roundabout,16,1.0,6,6,18
P1586,roundabout,64,1.0,6,6,18
P1586,roundabout,256,0.8333333333333334,6,5,10
P1586,soccer-ball-field,0,1.0,1,1,5
P1586,soccer-ball-field,16,1.0,1,1,5
P1586,soccer-ball-field,64,1.0,1,1,5
P1586,soccer-ball-field,256,1.0,1,1,5
P1586,storage-tank,0,1.0,4,4,3
P1586,storage-tank,16,1.0,4,4,3
P1586,storage-tank,64,1.0,4,4,3
P1586,storage-tank,256,0.25,4,1,2
P1596,ground-track-field,0,1.0,1,1,3
P1596,ground-track-field,16,1.0,1,1,3
P1596,ground-track-field,64,1.0,1,1,3
P1596,ground-track-field,256,1.0,1,1,3
P1596,soccer-ball-field,0,1.0,1,1,2
P1596,soccer-ball-field,16,1.0,1,1,2
P1596,soccer-ball-field,64,1.0,1,1,2
P1596,soccer-ball-field,256,1.0,1,1,2
P1596,storage-tank,0,1.0,1,1,2
P1596,storage-tank,16,1.0,1,1,2
P1596,storage-tank,64,1.0,1,1,1
P1596,storage-tank,256,0.0,1,0,0
P1598,ground-track-field,0,1.0,1,1,5
P1598,ground-track-field,16,1.0,1,1,5
P1598,ground-track-field,64,1.0,1,1,5
P1598,ground-track-field,256,1.0,1,1,5
P1598,plane,0,0.5909090909090909,22,13,11
P1598,plane,16,0.5909090909090909,22,13,11
P1598,plane,64,0.5,22,11,11
P1598,plane,256,0.36363636363636365,22,8,8
P1598,roundabout,0,0.8333333333333334,12,10,22
P1598,roundabout,16,0.75,12,9,21
P1598,roundabout,64,0.75,12,9,16
P1598,roundabout,256,0.3333333333333333,12,4,9
P1598,soccer-ball-field,0,1.0,1,1,2
P1598,soccer-ball-field,16,1.0,1,1,2
P1598,soccer-ball-field,64,1.0,1,1,2
P1598,soccer-ball-field,256,1.0,1,1,2
P1601,plane,0,1.0,21,21,9
P1601,plane,16,1.0,21,21,6
P1601,plane,64,0.0,21,0,0
P1601,plane,256,0.0,21,0,0
P1601,roundabout,0,1.0,1,1,2
P1601,roundabout,16,1.0,1,1,2
P1601,roundabout,64,1.0,1,1,2
P1601,roundabout,256,1.0,1,1,1
P1601,storage-tank,0,1.0,3,3,5
P1601,storage-tank,16,1.0,3,3,5
P1601,storage-tank,64,1.0,3,3,5
P1601,storage-tank,256,1.0,3,3,2
P1604,ground-track-field,0,1.0,1,1,3
P1604,ground-track-field,16,1.0,1,1,3
P1604,ground-track-field,64,1.0,1,1,3
P1604,ground-track-field,256,1.0,1,1,3
P1604,plane,0,1.0,11,11,7
P1604,plane,16,1.0,11,11,7
P1604,plane,64,1.0,11,11,7
P1604,plane,256,1.0,11,11,6
P1610,bridge,0,1.0,6,6,13
P1610,bridge,16,1.0,6,6,13
P1610,bridge,64,0.8333333333333334,6,5,12
P1610,bridge,256,0.6666666666666666,6,4,6
P1610,plane,0,1.0,31,31,6
P1610,plane,16,1.0,31,31,5
P1610,plane,64,0.0,31,0,0
P1610,plane,256,0.0,31,0,0
P1610,roundabout,0,1.0,1,1,2
P1610,roundabout,16,1.0,1,1,2
P1610,roundabout,64,1.0,1,1,1
P1610,roundabout,256,0.0,1,0,0
P1610,storage-tank,0,1.0,4,4,9
P1610,storage-tank,16,1.0,4,4,7
P1610,storage-tank,64,0.5,4,2,3
P1610,storage-tank,256,0.0,4,0,0
P1619,bridge,0,1.0,4,4,10
P1619,bridge,16,1.0,4,4,8
P1619,bridge,64,0.75,4,3,3
P1619,bridge,256,0.0,4,0,0
P1619,roundabout,0,1.0,2,2,9
P1619,roundabout,16,1.0,2,2,9
P1619,roundabout,64,1.0,2,2,9
P1619,roundabout,256,1.0,2,2,4
P1623,bridge,0,1.0,3,3,5
P1623,bridge,16,1.0,3,3,5
P1623,bridge,64,1.0,3,3,3
P1623,bridge,256,0.0,3,0,0
P1623,ship,0,1.0,28,28,4
P1623,ship,16,0.6071428571428571,28,17,4
P1623,ship,64,0.10714285714285714,28,3,2
P1623,ship,256,0.0,28,0,0
P1643,baseball-diamond,0,1.0,9,9,15
P1643,baseball-diamond,16,1.0,9,9,15
P1643,baseball-diamond,64,1.0,9,9,15
P1643,baseball-diamond,256,0.7777777777777778,9,7,9
P1643,storage-tank,0,1.0,3,3,3
P1643,storage-tank,16,0.6666666666666666,3,2,2
P1643,storage-tank,64,0.3333333333333333,3,1,1
P1643,storage-tank,256,0.0,3,0,0
P1647,baseball-diamond,0,1.0,5,5,8
P1647,baseball-diamond,16,1.0,5,5,8
P1647,baseball-diamond,64,1.0,5,5,8
P1647,baseball-diamond,256,1.0,5,5,4
P1647,bridge,0,1.0,4,4,7
P1647,bridge,16,1.0,4,4,7
P1647,bridge,64,1.0,4,4,7
P1647,bridge,256,1.0,4,4,4
P1647,ground-track-field,0,1.0,1,1,4
P1647,ground-track-field,16,1.0,1,1,4
P1647,ground-track-field,64,1.0,1,1,4
P1647,ground-track-field,256,1.0,1,1,4
P1647,storage-tank,0,1.0,17,17,8
P1647,storage-tank,16,1.0,17,17,8
P1647,storage-tank,64,0.7647058823529411,17,13,7
P1647,storage-tank,256,0.17647058823529413,17,3,3
P1650,baseball-diamond,0,0.75,4,3,10
P1650,baseball-diamond,16,0.75,4,3,10
P1650,baseball-diamond,64,0.75,4,3,10
P1650,baseball-diamond,256,0.5,4,2,2
P1650,ground-track-field,0,1.0,1,1,5
P1650,ground-track-field,16,1.0,1,1,5
P1650,ground-track-field,64,1.0,1,1,5
P1650,ground-track-field,256,1.0,1,1,5
P1651,bridge,0,1.0,6,6,16
P1651,bridge,16,1.0,6,6,16
P1651,bridge,64,1.0,6,6,16
P1651,bridge,256,1.0,6,6,7
P1651,storage-tank,0,1.0,17,17,12
P1651,storage-tank,16,1.0,17,17,12
P1651,storage-tank,64,0.9411764705882353,17,16,12
P1651,storage-tank,256,0.47058823529411764,17,8,5
P1666,roundabout,0,1.0,5,5,10
P1666,roundabout,16,1.0,5,5,10
P1666,roundabout,64,1.0,5,5,7
P1666,roundabout,256,0.4,5,2,3
P1666,soccer-ball-field,0,1.0,1,1,2
P1666,soccer-ball-field,16,1.0,1,1,2
P1666,soccer-ball-field,64,1.0,1,1,2
P1666,soccer-ball-field,256,1.0,1,1,1
P1666,storage-tank,0,1.0,1,1,2
P1666,storage-tank,16,1.0,1,1,2
P1666,storage-tank,64,1.0,1,1,1
P1666,storage-tank,256,0.0,1,0,0
P1672,harbor,0,1.0,6,6,6
P1672,harbor,16,1.0,6,6,6
P1672,harbor,64,1.0,6,6,6
P1672,harbor,256,1.0,6,6,6
P1672,plane,0,1.0,18,18,14
P1672,plane,16,1.0,18,18,14
P1672,plane,64,1.0,18,18,11
P1672,plane,256,0.1111111111111111,18,2,3
P1672,roundabout,0,1.0,6,6,18
P1672,roundabout,16,1.0,6,6,18
P1672,roundabout,64,1.0,6,6,17
P1672,roundabout,256,0.8333333333333334,6,5,11
P1672,storage-tank,0,1.0,4,4,7
P1672,storage-tank,16,1.0,4,4,7
P1672,storage-tank,64,1.0,4,4,5
P1672,storage-tank,256,0.5,4,2,3
P1679,baseball-diamond,0,1.0,1,1,4
P1679,baseball-diamond,16,1.0,1,1,4
P1679,baseball-diamond,64,1.0,1,1,4
P1679,baseball-diamond,256,1.0,1,1,3
P1679,bridge,0,1.0,1,1,1
P1679,bridge,16,1.0,1,1,1
P1679,bridge,64,1.0,1,1,1
P1679,bridge,256,0.0,1,0,0
P1679,ground-track-field,0,1.0,3,3,8
P1679,ground-track-field,16,1.0,3,3,8
P1679,ground-track-field,64,1.0,3,3,8
P1679,ground-track-field,256,1.0,3,3,8
P1693,baseball-diamond,0,1.0,4,4,4
P1693,baseball-diamond,16,1.0,4,4,4
P1693,baseball-diamond,64,1.0,4,4,4
P1693,baseball-diamond,256,1.0,4,4,3
P1693,ground-track-field,0,1.0,2,2,8
P1693,ground-track-field,16,1.0,2,2,8
P1693,ground-track-field,64,1.0,2,2,8
P1693,ground-track-field,256,1.0,2,2,8
P1693,roundabout,0,1.0,3,3,12
P1693,roundabout,16,1.0,3,3,12
P1693,roundabout,64,1.0,3,3,11
P1693,roundabout,256,1.0,3,3,6
P1699,roundabout,0,1.0,1,1,6
P1699,roundabout,16,1.0,1,1,6
P1699,roundabout,64,1.0,1,1,4
P1699,roundabout,256,0.0,1,0,0
P1700,bridge,0,1.0,13,13,12
P1700,bridge,16,0.38461538461538464,13,5,11
P1700,bridge,64,0.23076923076923078,13,3,7
P1700,bridge,256,0.07692307692307693,13,1,2
P1700,roundabout,0,1.0,4,4,13
P1700,roundabout,16,1.0,4,4,13
P1700,roundabout,64,0.75,4,3,8
P1700,roundabout,256,0.25,4,1,4
P1713,storage-tank,0,1.0,16,16,12
P1713,storage-tank,16,1.0,16,16,12
P1713,storage-tank,64,1.0,16,16,12
P1713,storage-tank,256,0.6875,16,11,11
P1720,bridge,0,1.0,1,1,4
P1720,bridge,16,1.0,1,1,4
P1720,bridge,64,1.0,1,1,4
P1720,bridge,256,1.0,1,1,4
P1720,roundabout,0,1.0,1,1,2
P1720,roundabout,16,1.0,1,1,2
P1720,roundabout,64,1.0,1,1,2
P1720,roundabout,256,1.0,1,1,1
P1732,baseball-diamond,0,1.0,15,15,24
P1732,baseball-diamond,16,1.0,15,15,24
P1732,baseball-diamond,64,1.0,15,15,18
P1732,baseball-diamond,256,0.3333333333333333,15,5,4
P1732,ground-track-field,0,1.0,4,4,14
P1732,ground-track-field,16,1.0,4,4,14
P1732,ground-track-field,64,1.0,4,4,14
P1732,ground-track-field,256,1.0,4,4,14
P1738,baseball-diamond,0,1.0,10,10,16
P1738,baseball-diamond,16,1.0,10,10,16
P1738,baseball-diamond,64,1.0,10,10,16
P1738,baseball-diamond,256,0.9,10,9,10
P1738,bridge,0,1.0,2,2,13
P1738,bridge,16,1.0,2,2,13
P1738,bridge,64,1.0,2,2,13
P1738,bridge,256,1.0,2,2,11
P1738,harbor,0,1.0,8,8,16
P1738,harbor,16,1.0,8,8,16
P1738,harbor,64,1.0,8,8,15
P1738,harbor,256,0.75,8,6,11
P1738,plane,0,0.7922077922077922,77,61,9
P1738,plane,16,0.42857142857142855,77,33,8
P1738,plane,64,0.22077922077922077,77,17,6
P1738,plane,256,0.15584415584415584,77,12,4
P1738,ship,0,1.0,41,41,26
P1738,ship,16,1.0,41,41,26
P1738,ship,64,1.0,41,41,26
P1738,ship,256,0.5853658536585366,41,24,16
P1738,soccer-ball-field,0,0.0,1,0,0
P1738,soccer-ball-field,16,0.0,1,0,0
P1738,soccer-ball-field,64,0.0,1,0,0
P1738,soccer-ball-field,256,0.0,1,0,0
P1742,baseball-diamond,0,1.0,8,8,19
P1742,baseball-diamond,16,1.0,8,8,19
P1742,baseball-diamond,64,1.0,8,8,19
P1742,baseball-diamond,256,1.0,8,8,11
P1742,ground-track-field,0,1.0,3,3,9
P1742,ground-track-field,16,1.0,3,3,9
P1742,ground-track-field,64,1.0,3,3,9
P1742,ground-track-field,256,1.0,3,3,9
P1742,plane,0,1.0,6,6,10
P1742,plane,16,1.0,6,6,10
P1742,plane,64,0.8333333333333334,6,5,8
P1742,plane,256,0.5,6,3,5
P1749,bridge,0,1.0,3,3,6
P1749,bridge,16,1.0,3,3,6
P1749,bridge,64,1.0,3,3,4
P1749,bridge,256,0.0,3,0,0
P1749,harbor,0,1.0,2,2,2
P1749,harbor,16,1.0,2,2,2
P1749,harbor,64,1.0,2,2,2
P1749,harbor,256,1.0,2,2,1
P1750,storage-tank,0,1.0,3,3,3
P1750,storage-tank,16,1.0,3,3,3
P1750,storage-tank,64,1.0,3,3,1
P1750,storage-tank,256,0.0,3,0,0
P1751,bridge,0,1.0,3,3,8
P1751,bridge,16,1.0,3,3,8
P1751,bridge,64,1.0,3,3,8
P1751,bridge,256,1.0,3,3,6
P1751,ground-track-field,0,1.0,1,1,4
P1751,ground-track-field,16,1.0,1,1,4
P1751,ground-track-field,64,1.0,1,1,4
P1751,ground-track-field,256,1.0,1,1,4
P1751,roundabout,0,1.0,12,12,19
P1751,roundabout,16,1.0,12,12,19
P1751,roundabout,64,0.6666666666666666,12,8,12
P1751,roundabout,256,0.16666666666666666,12,2,3
P1752,bridge,0,1.0,1,1,3
P1752,bridge,16,1.0,1,1,3
P1752,bridge,64,1.0,1,1,3
P1752,bridge,256,1.0,1,1,1
P1752,ground-track-field,0,1.0,1,1,4
P1752,ground-track-field,16,1.0,1,1,4
P1752,ground-track-field,64,1.0,1,1,4
P1752,ground-track-field,256,1.0,1,1,4
P1752,roundabout,0,0.9,10,9,26
P1752,roundabout,16,0.9,10,9,26
P1752,roundabout,64,0.9,10,9,20
P1752,roundabout,256,0.1,10,1,2
P1752,storage-tank,0,1.0,1,1,6
P1752,storage-tank,16,1.0,1,1,6
P1752,storage-tank,64,1.0,1,1,6
P1752,storage-tank,256,1.0,1,1,4
P1754,roundabout,0,1.0,6,6,11
P1754,roundabout,16,1.0,6,6,11
P1754,roundabout,64,1.0,6,6,8
P1754,roundabout,256,0.3333333333333333,6,2,1
P1754,storage-tank,0,1.0,9,9,16
P1754,storage-tank,16,1.0,9,9,16
P1754,storage-tank,64,1.0,9,9,15
P1754,storage-tank,256,0.8888888888888888,9,8,10
P1759,roundabout,0,1.0,2,2,8
P1759,roundabout,16,1.0,2,2,8
P1759,roundabout,64,1.0,2,2,8
P1759,roundabout,256,1.0,2,2,7
P1763,bridge,0,1.0,1,1,3
P1763,bridge,16,1.0,1,1,3
P1763,bridge,64,1.0,1,1,3
P1763,bridge,256,1.0,1,1,2
P1763,roundabout,0,1.0,3,3,9
P1763,roundabout,16,1.0,3,3,9
P1763,roundabout,64,1.0,3,3,7
P1763,roundabout,256,0.3333333333333333,3,1,2
P1770,bridge,0,1.0,2,2,8
P1770,bridge,16,1.0,2,2,8
P1770,bridge,64,1.0,2,2,7
P1770,bridge,256,0.5,2,1,1
P1770,plane,0,0.0,8,0,0
P1770,plane,16,0.0,8,0,0
P1770,plane,64,0.0,8,0,0
P1770,plane,256,0.0,8,0,0
P1770,roundabout,0,1.0,4,4,11
P1770,roundabout,16,1.0,4,4,11
P1770,roundabout,64,1.0,4,4,11
P1770,roundabout,256,1.0,4,4,10
P1770,storage-tank,0,1.0,4,4,7
P1770,storage-tank,16,1.0,4,4,7
P1770,storage-tank,64,1.0,4,4,3
P1770,storage-tank,256,0.0,4,0,0
P1786,ground-track-field,0,1.0,1,1,4
P1786,ground-track-field,16,1.0,1,1,4
P1786,ground-track-field,64,1.0,1,1,4
P1786,ground-track-field,256,1.0,1,1,4
P1786,harbor,0,1.0,4,4,10
P1786,harbor,16,1.0,4,4,9
P1786,harbor,64,0.5,4,2,3
P1786,harbor,256,0.0,4,0,0
P1786,large-vehicle,0,1.0,5,5,10
P1786,large-vehicle,16,1.0,5,5,8
P1786,large-vehicle,64,0.8,5,4,2
P1786,large-vehicle,256,0.0,5,0,0
P1786,ship,0,1.0,15,15,10
P1786,ship,16,0.8666666666666667,15,13,7
P1786,ship,64,0.06666666666666667,15,1,1
P1786,ship,256,0.0,15,0,0
P1786,small-vehicle,0,1.0,563,563,68
P1786,small-vehicle,16,0.9964476021314387,563,561,53
P1786,small-vehicle,64,0.003552397868561279,563,2,3
P1786,small-vehicle,256,0.0,563,0,0
P1786,tennis-court,0,1.0,26,26,18
P1786,tennis-court,16,1.0,26,26,18
P1786,tennis-court,64,1.0,26,26,18
P1786,tennis-court,256,1.0,26,26,17
P1787,large-vehicle,0,1.0,27,27,8
P1787,large-vehicle,16,1.0,27,27,8
P1787,large-vehicle,64,1.0,27,27,8
P1787,large-vehicle,256,0.8148148148148148,27,22,8
P1787,small-vehicle,0,1.0,14,14,8
P1787,small-vehicle,16,1.0,14,14,8
P1787,small-vehicle,64,1.0,14,14,8
P1787,small-vehicle,256,0.0,14,0,0
P1806,large-vehicle,0,1.0,25,25,8
P1806,large-vehicle,16,1.0,25,25,8
P1806,large-vehicle,64,1.0,25,25,8
P1806,large-vehicle,256,1.0,25,25,6
P1806,small-vehicle,0,1.0,6,6,5
P1806,small-vehicle,16,1.0,6,6,5
P1806,small-vehicle,64,1.0,6,6,5
P1806,small-vehicle,256,0.16666666666666666,6,1,1
P1806,storage-tank,0,1.0,1,1,2
P1806,storage-tank,16,1.0,1,1,2
P1806,storage-tank,64,1.0,1,1,2
P1806,storage-tank,256,0.0,1,0,0
P1809,helicopter,0,1.0,4,4,3
P1809,helicopter,16,1.0,4,4,3
P1809,helicopter,64,1.0,4,4,3
P1809,helicopter,256,1.0,4,4,3
P1809,large-vehicle,0,0.7619047619047619,42,32,21
P1809,large-vehicle,16,0.7619047619047619,42,32,21
P1809,large-vehicle,64,0.7619047619047619,42,32,18
P1809,large-vehicle,256,0.07142857142857142,42,3,2
P1809,plane,0,1.0,28,28,51
P1809,plane,16,1.0,28,28,51
P1809,plane,64,1.0,28,28,51
P1809,plane,256,1.0,28,28,50
P1809,roundabout,0,1.0,6,6,16
P1809,roundabout,16,1.0,6,6,16
P1809,roundabout,64,1.0,6,6,16
P1809,roundabout,256,1.0,6,6,14
P1809,small-vehicle,0,0.9229362591431557,3828,3533,84
P1809,small-vehicle,16,0.9114420062695925,3828,3489,82
P1809,small-vehicle,64,0.024294670846394983,3828,93,45
P1809,small-vehicle,256,0.0,3828,0,0
P1809,storage-tank,0,1.0,19,19,9
P1809,storage-tank,16,0.9473684210526315,19,18,9
P1809,storage-tank,64,0.8421052631578947,19,16,8
P1809,storage-tank,256,0.5263157894736842,19,10,6
P1821,large-vehicle,0,1.0,81,81,8
P1821,large-vehicle,16,1.0,81,81,8
P1821,large-vehicle,64,1.0,81,81,8
P1821,large-vehicle,256,0.5185185185185185,81,42,6
P1821,small-vehicle,0,1.0,46,46,8
P1821,small-vehicle,16,1.0,46,46,8
P1821,small-vehicle,64,0.9782608695652174,46,45,7
P1821,small-vehicle,256,0.0,46,0,0
P1825,large-vehicle,0,1.0,22,22,3
P1825,large-vehicle,16,0.9545454545454546,22,21,3
P1825,large-vehicle,64,0.9545454545454546,22,21,3
P1825,large-vehicle,256,0.9545454545454546,22,21,3
P1829,large-vehicle,0,1.0,27,27,19
P1829,large-vehicle,16,1.0,27,27,19
P1829,large-vehicle,64,1.0,27,27,19
P1829,large-vehicle,256,0.9259259259259259,27,25,14
P1829,small-vehicle,0,1.0,56,56,24
P1829,small-vehicle,16,1.0,56,56,24
P1829,small-vehicle,64,1.0,56,56,20
P1829,small-vehicle,256,0.0,56,0,0
P1838,large-vehicle,0,1.0,28,28,10
P1838,large-vehicle,16,1.0,28,28,10
P1838,large-vehicle,64,1.0,28,28,10
P1838,large-vehicle,256,0.7857142857142857,28,22,8
P1838,small-vehicle,0,1.0,18,18,7
P1838,small-vehicle,16,1.0,18,18,7
P1838,small-vehicle,64,0.9444444444444444,18,17,5
P1838,small-vehicle,256,0.0,18,0,0
P1838,storage-tank,0,1.0,1,1,5
P1838,storage-tank,16,1.0,1,1,5
P1838,storage-tank,64,1.0,1,1,5
P1838,storage-tank,256,1.0,1,1,5
P1854,large-vehicle,0,0.4939759036144578,166,82,51
P1854,large-vehicle,16,0.4939759036144578,166,82,51
P1854,large-vehicle,64,0.40963855421686746,166,68,39
P1854,large-vehicle,256,0.03614457831325301,166,6,5
P1854,plane,0,0.8536585365853658,82,70,98
P1854,plane,16,0.8536585365853658,82,70,98
P1854,plane,64,0.8536585365853658,82,70,98
P1854,plane,256,0.8536585365853658,82,70,98
P1854,roundabout,0,1.0,1,1,2
P1854,roundabout,16,1.0,1,1,2
P1854,roundabout,64,1.0,1,1,2
P1854,roundabout,256,1.0,1,1,2
P1854,small-vehicle,0,0.7660187185025198,1389,1064,74
P1854,small-vehicle,16,0.7602591792656588,1389,1056,74
P1854,small-vehicle,64,0.2203023758099352,1389,306,51
P1854,small-vehicle,256,0.0,1389,0,0
P1854,storage-tank,0,0.47058823529411764,17,8,6
P1854,storage-tank,16,0.47058823529411764,17,8,6
P1854,storage-tank,64,0.47058823529411764,17,8,6
P1854,storage-tank,256,0.47058823529411764,17,8,6
P1860,large-vehicle,0,1.0,16,16,22
P1860,large-vehicle,16,1.0,16,16,22
P1860,large-vehicle,64,1.0,16,16,22
P1860,large-vehicle,256,0.4375,16,7,4
P1860,ship,0,1.0,8,8,7
P1860,ship,16,1.0,8,8,7
P1860,ship,64,1.0,8,8,7
P1860,ship,256,1.0,8,8,6
P1860,small-vehicle,0,1.0,20,20,22
P1860,small-vehicle,16,1.0,20,20,22
P1860,small-vehicle,64,1.0,20,20,18
P1860,small-vehicle,256,0.05,20,1,1
P1877,large-vehicle,0,1.0,100,100,11
P1877,large-vehicle,16,1.0,100,100,11
P1877,large-vehicle,64,0.95,100,95,9
P1877,large-vehicle,256,0.0,100,0,0
P1877,small-vehicle,0,1.0,10,10,5
P1877,small-vehicle,16,1.0,10,10,3
P1877,small-vehicle,64,0.0,10,0,0
P1877,small-vehicle,256,0.0,10,0,0
P1878,small-vehicle,0,1.0,8,8,3
P1878,small-vehicle,16,1.0,8,8,1
P1878,small-vehicle,64,0.0,8,0,0
P1878,small-vehicle,256,0.0,8,0,0
P1878,tennis-court,0,1.0,27,27,8
P1878,tennis-court,16,1.0,27,27,8
P1878,tennis-court,64,1.0,27,27,8
P1878,tennis-court,256,0.8518518518518519,27,23,8
P1880,large-vehicle,0,1.0,31,31,5
P1880,large-vehicle,16,1.0,31,31,5
P1880,large-vehicle,64,1.0,31,31,5
P1880,large-vehicle,256,0.0,31,0,0
P1880,small-vehicle,0,1.0,17,17,4
P1880,small-vehicle,16,1.0,17,17,4
P1880,small-vehicle,64,0.0,17,0,0
P1880,small-vehicle,256,0.0,17,0,0
P1888,large-vehicle,0,1.0,50,50,5
P1888,large-vehicle,16,1.0,50,50,5
P1888,large-vehicle,64,1.0,50,50,5
P1888,large-vehicle,256,0.0,50,0,0
P1888,small-vehicle,0,1.0,17,17,5
P1888,small-vehicle,16,0.9411764705882353,17,16,5
P1888,small-vehicle,64,0.0,17,0,0
P1888,small-vehicle,256,0.0,17,0,0
P1903,baseball-diamond,0,1.0,5,5,15
P1903,baseball-diamond,16,1.0,5,5,15
P1903,baseball-diamond,64,1.0,5,5,15
P1903,baseball-diamond,256,1.0,5,5,15
P1903,ground-track-field,0,1.0,1,1,6
P1903,ground-track-field,16,1.0,1,1,6
P1903,ground-track-field,64,1.0,1,1,6
P1903,ground-track-field,256,1.0,1,1,6
P1903,small-vehicle,0,1.0,123,123,18
P1903,small-vehicle,16,1.0,123,123,14
P1903,small-vehicle,64,0.056910569105691054,123,7,2
P1903,small-vehicle,256,0.0,123,0,0
P1903,soccer-ball-field,0,1.0,2,2,10
P1903,soccer-ball-field,16,1.0,2,2,10
P1903,soccer-ball-field,64,1.0,2,2,10
P1903,soccer-ball-field,256,1.0,2,2,10
P1903,swimming-pool,0,1.0,1,1,4
P1903,swimming-pool,16,1.0,1,1,2
P1903,swimming-pool,64,0.0,1,0,0
P1903,swimming-pool,256,0.0,1,0,0
P1903,tennis-court,0,1.0,5,5,13
P1903,tennis-court,16,1.0,5,5,13
P1903,tennis-court,64,1.0,5,5,13
P1903,tennis-court,256,1.0,5,5,9
P1904,large-vehicle,0,1.0,31,31,5
P1904,large-vehicle,16,1.0,31,31,5
P1904,large-vehicle,64,0.9354838709677419,31,29,5
P1904,large-vehicle,256,0.0,31,0,0
P1904,small-vehicle,0,1.0,102,102,5
P1904,small-vehicle,16,1.0,102,102,5
P1904,small-vehicle,64,0.00980392156862745,102,1,4
P1904,small-vehicle,256,0.0,102,0,0
P1905,small-vehicle,0,1.0,48,48,5
P1905,small-vehicle,16,1.0,48,48,5
P1905,small-vehicle,64,0.0,48,0,0
P1905,small-vehicle,256,0.0,48,0,0
P1905,tennis-court,0,1.0,12,12,5
P1905,tennis-court,16,1.0,12,12,5
P1905,tennis-court,64,1.0,12,12,5
P1905,tennis-court,256,1.0,12,12,5
P1911,large-vehicle,0,1.0,13,13,5
P1911,large-vehicle,16,1.0,13,13,5
P1911,large-vehicle,64,1.0,13,13,5
P1911,large-vehicle,256,1.0,13,13,5
P1911,small-vehicle,0,1.0,37,37,5
P1911,small-vehicle,16,1.0,37,37,5
P1911,small-vehicle,64,1.0,37,37,5
P1911,small-vehicle,256,0.0,37,0,0
P1919,small-vehicle,0,1.0,8,8,3
P1919,small-vehicle,16,1.0,8,8,3
P1919,small-vehicle,64,0.0,8,0,0
P1919,small-vehicle,256,0.0,8,0,0
P1919,tennis-court,0,1.0,14,14,5
P1919,tennis-court,16,1.0,14,14,5
P1919,tennis-court,64,1.0,14,14,5
P1919,tennis-court,256,1.0,14,14,5
P1924,large-vehicle,0,1.0,29,29,5
P1924,large-vehicle,16,1.0,29,29,5
P1924,large-vehicle,64,1.0,29,29,5
P1924,large-vehicle,256,1.0,29,29,5
P1924,small-vehicle,0,1.0,14,14,5
P1924,small-vehicle,16,1.0,14,14,5
P1924,small-vehicle,64,1.0,14,14,5
P1924,small-vehicle,256,0.0,14,0,0
P1940,large-vehicle,0,1.0,133,133,14
P1940,large-vehicle,16,1.0,133,133,14
P1940,large-vehicle,64,1.0,133,133,12
P1940,large-vehicle,256,0.0,133,0,0
P1940,small-vehicle,0,1.0,60,60,12
P1940,small-vehicle,16,1.0,60,60,12
P1940,small-vehicle,64,0.6166666666666667,60,37,5
P1940,small-vehicle,256,0.0,60,0,0
P1950,large-vehicle,0,1.0,48,48,5
P1950,large-vehicle,16,1.0,48,48,5
P1950,large-vehicle,64,0.9791666666666666,48,47,5
P1950,large-vehicle,256,0.0,48,0,0
P1950,small-vehicle,0,1.0,23,23,5
P1950,small-vehicle,16,1.0,23,23,5
P1950,small-vehicle,64,0.0,23,0,0
P1950,small-vehicle,256,0.0,23,0,0
P1957,large-vehicle,0,1.0,93,93,20
P1957,large-vehicle,16,1.0,93,93,20
P1957,large-vehicle,64,1.0,93,93,20
P1957,large-vehicle,256,1.0,93,93,16
P1957,small-vehicle,0,1.0,100,100,23
P1957,small-vehicle,16,1.0,100,100,23
P1957,small-vehicle,64,1.0,100,100,21
P1957,small-vehicle,256,0.02,100,2,1
P1958,large-vehicle,0,1.0,55,55,8
P1958,large-vehicle,16,1.0,55,55,8
P1958,large-vehicle,64,0.9636363636363636,55,53,6
P1958,large-vehicle,256,0.0,55,0,0
P1958,small-vehicle,0,1.0,94,94,8
P1958,small-vehicle,16,1.0,94,94,8
P1958,small-vehicle,64,0.0,94,0,0
P1958,small-vehicle,256,0.0,94,0,0
P1960,large-vehicle,0,1.0,52,52,17
P1960,large-vehicle,16,1.0,52,52,17
P1960,large-vehicle,64,1.0,52,52,17
P1960,large-vehicle,256,1.0,52,52,11
P1960,small-vehicle,0,1.0,85,85,15
P1960,small-vehicle,16,1.0,85,85,15
P1960,small-vehicle,64,0.9882352941176471,85,84,13
P1960,small-vehicle,256,0.011764705882352941,85,1,1
P1973,large-vehicle,0,1.0,77,77,25
P1973,large-vehicle,16,1.0,77,77,25
P1973,large-vehicle,64,1.0,77,77,25
P1973,large-vehicle,256,0.974025974025974,77,75,18
P1973,small-vehicle,0,1.0,9,9,4
P1973,small-vehicle,16,1.0,9,9,4
P1973,small-vehicle,64,1.0,9,9,3
P1973,small-vehicle,256,0.1111111111111111,9,1,2
P1978,large-vehicle,0,1.0,79,79,16
P1978,large-vehicle,16,1.0,79,79,16
P1978,large-vehicle,64,0.9873417721518988,79,78,12
P1978,large-vehicle,256,0.0,79,0,0
P1978,small-vehicle,0,1.0,121,121,16
P1978,small-vehicle,16,1.0,121,121,16
P1978,small-vehicle,64,0.09090909090909091,121,11,8
P1978,small-vehicle,256,0.0,121,0,0
P1982,large-vehicle,0,1.0,93,93,28
P1982,large-vehicle,16,1.0,93,93,28
P1982,large-vehicle,64,1.0,93,93,28
P1982,large-vehicle,256,1.0,93,93,19
P1982,roundabout,0,1.0,1,1,4
P1982,roundabout,16,1.0,1,1,4
P1982,roundabout,64,1.0,1,1,4
P1982,roundabout,256,1.0,1,1,4
P1982,small-vehicle,0,1.0,48,48,24
P1982,small-vehicle,16,1.0,48,48,24
P1982,small-vehicle,64,1.0,48,48,23
P1982,small-vehicle,256,0.08333333333333333,48,4,3
P1983,large-vehicle,0,1.0,64,64,13
P1983,large-vehicle,16,1.0,64,64,13
P1983,large-vehicle,64,1.0,64,64,13
P1983,large-vehicle,256,0.015625,64,1,2
P1983,small-vehicle,0,1.0,235,235,13
P1983,small-vehicle,16,1.0,235,235,13
P1983,small-vehicle,64,0.01276595744680851,235,3,3
P1983,small-vehicle,256,0.0,235,0,0
P1992,large-vehicle,0,1.0,89,89,21
P1992,large-vehicle,16,1.0,89,89,21
P1992,large-vehicle,64,1.0,89,89,15
P1992,large-vehicle,256,0.0,89,0,0
P1992,roundabout,0,1.0,1,1,4
P1992,roundabout,16,1.0,1,1,4
P1992,roundabout,64,1.0,1,1,4
P1992,roundabout,256,1.0,1,1,4
P1992,small-vehicle,0,1.0,262,262,13
P1992,small-vehicle,16,1.0,262,262,7
P1992,small-vehicle,64,0.0,262,0,0
P1992,small-vehicle,256,0.0,262,0,0
P1995,large-vehicle,0,1.0,76,76,24
P1995,large-vehicle,16,1.0,76,76,24
P1995,large-vehicle,64,1.0,76,76,24
P1995,large-vehicle,256,0.19736842105263158,76,15,7
P1995,small-vehicle,0,1.0,30,30,20
P1995,small-vehicle,16,1.0,30,30,20
P1995,small-vehicle,64,0.1,30,3,6
P1995,small-vehicle,256,0.0,30,0,0
P2003,large-vehicle,0,1.0,34,34,16
P2003,large-vehicle,16,1.0,34,34,16
P2003,large-vehicle,64,1.0,34,34,16
P2003,large-vehicle,256,1.0,34,34,10
P2003,small-vehicle,0,1.0,57,57,17
P2003,small-vehicle,16,1.0,57,57,17
P2003,small-vehicle,64,1.0,57,57,13
P2003,small-vehicle,256,0.0,57,0,0
P2011,baseball-diamond,0,1.0,1,1,3
P2011,baseball-diamond,16,1.0,1,1,2
P2011,baseball-diamond,64,1.0,1,1,2
P2011,baseball-diamond,256,1.0,1,1,2
P2011,ground-track-field,0,1.0,1,1,5
P2011,ground-track-field,16,1.0,1,1,5
P2011,ground-track-field,64,1.0,1,1,5
P2011,ground-track-field,256,1.0,1,1,5
P2011,small-vehicle,0,1.0,5,5,5
P2011,small-vehicle,16,1.0,5,5,5
P2011,small-vehicle,64,0.2,5,1,1
P2011,small-vehicle,256,0.0,5,0,0
P2011,soccer-ball-field,0,1.0,1,1,5
P2011,soccer-ball-field,16,1.0,1,1,5
P2011,soccer-ball-field,64,1.0,1,1,5
P2011,soccer-ball-field,256,1.0,1,1,5
P2011,tennis-court,0,1.0,12,12,5
P2011,tennis-court,16,1.0,12,12,5
P2011,tennis-court,64,1.0,12,12,5
P2011,tennis-court,256,1.0,12,12,5
P2012,baseball-diamond,0,1.0,5,5,3
P2012,baseball-diamond,16,1.0,5,5,3
P2012,baseball-diamond,64,1.0,5,5,3
P2012,baseball-diamond,256,0.4,5,2,3
P2012,ground-track-field,0,1.0,1,1,3
P2012,ground-track-field,16,1.0,1,1,3
P2012,ground-track-field,64,1.0,1,1,3
P2012,ground-track-field,256,1.0,1,1,3
P2012,soccer-ball-field,0,1.0,1,1,3
P2012,soccer-ball-field,16,1.0,1,1,3
P2012,soccer-ball-field,64,1.0,1,1,3
P2012,soccer-ball-field,256,1.0,1,1,3
P2012,swimming-pool,0,1.0,5,5,3
P2012,swimming-pool,16,0.6,5,3,3
P2012,swimming-pool,64,0.0,5,0,0
P2012,swimming-pool,256,0.0,5,0,0
P2027,large-vehicle,0,1.0,98,98,22
P2027,large-vehicle,16,1.0,98,98,22
P2027,large-vehicle,64,1.0,98,98,22
P2027,large-vehicle,256,1.0,98,98,16
P2027,small-vehicle,0,1.0,23,23,19
P2027,small-vehicle,16,1.0,23,23,19
P2027,small-vehicle,64,0.9565217391304348,23,22,12
P2027,small-vehicle,256,0.0,23,0,0
P2042,large-vehicle,0,1.0,14,14,3
P2042,large-vehicle,16,1.0,14,14,3
P2042,large-vehicle,64,0.7857142857142857,14,11,3
P2042,large-vehicle,256,0.0,14,0,0
P2042,storage-tank,0,1.0,2,2,3
P2042,storage-tank,16,1.0,2,2,3
P2042,storage-tank,64,1.0,2,2,3
P2042,storage-tank,256,1.0,2,2,3
P2044,basketball-court,0,1.0,2,2,3
P2044,basketball-court,16,1.0,2,2,3
P2044,basketball-court,64,1.0,2,2,3
P2044,basketball-court,256,1.0,2,2,3
P2044,small-vehicle,0,1.0,3,3,3
P2044,small-vehicle,16,0.6666666666666666,3,2,3
P2044,small-vehicle,64,0.0,3,0,0
P2044,small-vehicle,256,0.0,3,0,0
P2044,tennis-court,0,1.0,6,6,3
P2044,tennis-court,16,1.0,6,6,3
P2044,tennis-court,64,1.0,6,6,3
P2044,tennis-court,256,1.0,6,6,3
P2050,large-vehicle,0,1.0,6,6,3
P2050,large-vehicle,16,1.0,6,6,3
P2050,large-vehicle,64,1.0,6,6,2
P2050,large-vehicle,256,0.0,6,0,0
P2050,small-vehicle,0,1.0,49,49,5
P2050,small-vehicle,16,1.0,49,49,5
P2050,small-vehicle,64,0.0,49,0,0
P2050,small-vehicle,256,0.0,49,0,0
P2050,tennis-court,0,1.0,8,8,5
P2050,tennis-court,16,1.0,8,8,5
P2050,tennis-court,64,1.0,8,8,5
P2050,tennis-court,256,1.0,8,8,5
P2059,harbor,0,1.0,23,23,19
P2059,harbor,16,1.0,23,23,19
P2059,harbor,64,1.0,23,23,17
P2059,harbor,256,0.21739130434782608,23,5,9
P2059,large-vehicle,0,1.0,6,6,2
P2059,large-vehicle,16,0.8333333333333334,6,5,1
P2059,large-vehicle,64,0.0,6,0,0
P2059,large-vehicle,256,0.0,6,0,0
P2059,ship,0,1.0,34,34,20
P2059,ship,16,0.9117647058823529,34,31,20
P2059,ship,64,0.5294117647058824,34,18,17
P2059,ship,256,0.20588235294117646,34,7,11
P2059,small-vehicle,0,1.0,336,336,19
P2059,small-vehicle,16,0.050595238095238096,336,17,11
P2059,small-vehicle,64,0.0,336,0,0
P2059,small-vehicle,256,0.0,336,0,0
P2059,storage-tank,0,1.0,5,5,3
P2059,storage-tank,16,1.0,5,5,3
P2059,storage-tank,64,0.4,5,2,2
P2059,storage-tank,256,0.0,5,0,0
P2068,small-vehicle,0,1.0,145,145,5
P2068,small-vehicle,16,1.0,145,145,5
P2068,small-vehicle,64,1.0,145,145,4
P2068,small-vehicle,256,0.0,145,0,0
P2082,large-vehicle,0,1.0,237,237,12
P2082,large-vehicle,16,1.0,237,237,12
P2082,large-vehicle,64,0.9409282700421941,237,223,10
P2082,large-vehicle,256,0.0,237,0,0
P2082,small-vehicle,0,1.0,61,61,11
P2082,small-vehicle,16,1.0,61,61,9
P2082,small-vehicle,64,0.0,61,0,0
P2082,small-vehicle,256,0.0,61,0,0
P2085,basketball-court,0,1.0,3,3,6
P2085,basketball-court,16,1.0,3,3,6
P2085,basketball-court,64,1.0,3,3,6
P2085,basketball-court,256,1.0,3,3,6
P2085,tennis-court,0,1.0,2,2,4
P2085,tennis-court,16,1.0,2,2,3
P2085,tennis-court,64,1.0,2,2,3
P2085,tennis-court,256,1.0,2,2,3
P2088,small-vehicle,0,1.0,45,45,10
P2088,small-vehicle,16,1.0,45,45,10
P2088,small-vehicle,64,1.0,45,45,10
P2088,small-vehicle,256,0.0,45,0,0
P2088,tennis-court,0,1.0,14,14,10
P2088,tennis-court,16,1.0,14,14,10
P2088,tennis-court,64,1.0,14,14,10
P2088,tennis-court,256,1.0,14,14,10
P2093,large-vehicle,0,1.0,101,101,22
P2093,large-vehicle,16,1.0,101,101,22
P2093,large-vehicle,64,1.0,101,101,22
P2093,large-vehicle,256,1.0,101,101,17
P2093,small-vehicle,0,1.0,18,18,21
P2093,small-vehicle,16,1.0,18,18,21
P2093,small-vehicle,64,1.0,18,18,17
P2093,small-vehicle,256,0.0,18,0,0
P2097,large-vehicle,0,1.0,84,84,11
P2097,large-vehicle,16,0.4642857142857143,84,39,9
P2097,large-vehicle,64,0.0,84,0,0
P2097,large-vehicle,256,0.0,84,0,0
P2097,small-vehicle,0,1.0,631,631,10
P2097,small-vehicle,16,0.00792393026941363,631,5,6
P2097,small-vehicle,64,0.0,631,0,0
P2097,small-vehicle,256,0.0,631,0,0
P2097,storage-tank,0,1.0,2,2,3
P2097,storage-tank,16,1.0,2,2,3
P2097,storage-tank,64,1.0,2,2,1
P2097,storage-tank,256,0.0,2,0,0
P2098,tennis-court,0,1.0,22,22,5
P2098,tennis-court,16,1.0,22,22,5
P2098,tennis-court,64,1.0,22,22,5
P2098,tennis-court,256,0.8181818181818182,22,18,5
P2111,large-vehicle,0,1.0,17,17,5
P2111,large-vehicle,16,1.0,17,17,5
P2111,large-vehicle,64,1.0,17,17,5
P2111,large-vehicle,256,0.0,17,0,0
P2111,small-vehicle,0,1.0,26,26,3
P2111,small-vehicle,16,1.0,26,26,3
P2111,small-vehicle,64,0.0,26,0,0
P2111,small-vehicle,256,0.0,26,0,0
P2121,baseball-diamond,0,1.0,1,1,3
P2121,baseball-diamond,16,1.0,1,1,3
P2121,baseball-diamond,64,1.0,1,1,3
P2121,baseball-diamond,256,1.0,1,1,3
P2121,ground-track-field,0,1.0,1,1,7
P2121,ground-track-field,16,1.0,1,1,7
P2121,ground-track-field,64,1.0,1,1,7
P2121,ground-track-field,256,1.0,1,1,7
P2121,large-vehicle,0,1.0,2,2,5
P2121,large-vehicle,16,1.0,2,2,3
P2121,large-vehicle,64,0.5,2,1,2
P2121,large-vehicle,256,0.0,2,0,0
P2121,small-vehicle,0,1.0,5,5,5
P2121,small-vehicle,16,1.0,5,5,4
P2121,small-vehicle,64,0.0,5,0,0
P2121,small-vehicle,256,0.0,5,0,0
P2121,tennis-court,0,1.0,8,8,5
P2121,tennis-court,16,1.0,8,8,5
P2121,tennis-court,64,1.0,8,8,5
P2121,tennis-court,256,1.0,8,8,4
P2124,large-vehicle,0,1.0,168,168,12
P2124,large-vehicle,16,1.0,168,168,12
P2124,large-vehicle,64,0.9880952380952381,168,166,8
P2124,large-vehicle,256,0.0,168,0,0
P2124,small-vehicle,0,1.0,42,42,8
P2124,small-vehicle,16,1.0,42,42,6
P2124,small-vehicle,64,0.023809523809523808,42,1,2
P2124,small-vehicle,256,0.0,42,0,0
P2126,large-vehicle,0,1.0,67,67,10
P2126,large-vehicle,16,1.0,67,67,10
P2126,large-vehicle,64,1.0,67,67,10
P2126,large-vehicle,256,0.014925373134328358,67,1,1
P2126,small-vehicle,0,1.0,27,27,5
P2126,small-vehicle,16,1.0,27,27,3
P2126,small-vehicle,64,0.0,27,0,0
P2126,small-vehicle,256,0.0,27,0,0
P2129,small-vehicle,0,1.0,53,53,8
P2129,small-vehicle,16,1.0,53,53,8
P2129,small-vehicle,64,0.0,53,0,0
P2129,small-vehicle,256,0.0,53,0,0
P2129,tennis-court,0,1.0,36,36,8
P2129,tennis-court,16,1.0,36,36,8
P2129,tennis-court,64,1.0,36,36,8
P2129,tennis-court,256,0.9444444444444444,36,34,8
P2135,small-vehicle,0,1.0,49,49,2
P2135,small-vehicle,16,1.0,49,49,2
P2135,small-vehicle,64,0.0,49,0,0
P2135,small-vehicle,256,0.0,49,0,0
P2135,tennis-court,0,1.0,6,6,2
P2135,tennis-court,16,1.0,6,6,2
P2135,tennis-court,64,1.0,6,6,2
P2135,tennis-court,256,1.0,6,6,2
P2150,baseball-diamond,0,1.0,3,3,8
P2150,baseball-diamond,16,1.0,3,3,8
P2150,baseball-diamond,64,1.0,3,3,8
P2150,baseball-diamond,256,1.0,3,3,8
P2150,small-vehicle,0,1.0,11,11,7
P2150,small-vehicle,16,1.0,11,11,7
P2150,small-vehicle,64,0.0,11,0,0
P2150,small-vehicle,256,0.0,11,0,0
P2150,tennis-court,0,1.0,12,12,6
P2150,tennis-court,16,1.0,12,12,6
P2150,tennis-court,64,1.0,12,12,6
P2150,tennis-court,256,1.0,12,12,6
P2152,small-vehicle,0,1.0,16,16,5
P2152,small-vehicle,16,1.0,16,16,5
P2152,small-vehicle,64,0.0625,16,1,1
P2152,small-vehicle,256,0.0,16,0,0
P2155,large-vehicle,0,1.0,50,50,7
P2155,large-vehicle,16,1.0,50,50,7
P2155,large-vehicle,64,0.98,50,49,6
P2155,large-vehicle,256,0.0,50,0,0
P2155,small-vehicle,0,1.0,32,32,3
P2155,small-vehicle,16,1.0,32,32,3
P2155,small-vehicle,64,0.0,32,0,0
P2155,small-vehicle,256,0.0,32,0,0
P2166,basketball-court,0,1.0,4,4,4
P2166,basketball-court,16,1.0,4,4,4
P2166,basketball-court,64,1.0,4,4,4
P2166,basketball-court,256,1.0,4,4,4
P2166,ground-track-field,0,1.0,1,1,5
P2166,ground-track-field,16,1.0,1,1,5
P2166,ground-track-field,64,1.0,1,1,5
P2166,ground-track-field,256,1.0,1,1,5
P2166,small-vehicle,0,1.0,9,9,4
P2166,small-vehicle,16,1.0,9,9,2
P2166,small-vehicle,64,0.0,9,0,0
P2166,small-vehicle,256,0.0,9,0,0
P2166,soccer-ball-field,0,1.0,1,1,5
P2166,soccer-ball-field,16,1.0,1,1,5
P2166,soccer-ball-field,64,1.0,1,1,5
P2166,soccer-ball-field,256,1.0,1,1,5
P2167,storage-tank,0,1.0,10,10,13
P2167,storage-tank,16,1.0,10,10,13
P2167,storage-tank,64,0.8,10,8,13
P2167,storage-tank,256,0.3,10,3,6
P2168,baseball-diamond,0,1.0,2,2,8
P2168,baseball-diamond,16,1.0,2,2,8
P2168,baseball-diamond,64,1.0,2,2,8
P2168,baseball-diamond,256,1.0,2,2,8
P2168,basketball-court,0,1.0,4,4,4
P2168,basketball-court,16,1.0,4,4,4
P2168,basketball-court,64,1.0,4,4,4
P2168,basketball-court,256,1.0,4,4,4
P2168,small-vehicle,0,1.0,26,26,5
P2168,small-vehicle,16,1.0,26,26,2
P2168,small-vehicle,64,0.0,26,0,0
P2168,small-vehicle,256,0.0,26,0,0
P2168,tennis-court,0,1.0,8,8,12
P2168,tennis-court,16,1.0,8,8,12
P2168,tennis-court,64,1.0,8,8,12
P2168,tennis-court,256,1.0,8,8,6
P2169,swimming-pool,0,1.0,3,3,5
P2169,swimming-pool,16,1.0,3,3,4
P2169,swimming-pool,64,0.0,3,0,0
P2169,swimming-pool,256,0.0,3,0,0
P2181,large-vehicle,0,1.0,4,4,8
P2181,large-vehicle,16,0.5,4,2,4
P2181,large-vehicle,64,0.0,4,0,0
P2181,large-vehicle,256,0.0,4,0,0
P2181,plane,0,1.0,4,4,6
P2181,plane,16,1.0,4,4,6
P2181,plane,64,0.25,4,1,2
P2181,plane,256,0.0,4,0,0
P2181,small-vehicle,0,1.0,21,21,18
P2181,small-vehicle,16,0.047619047619047616,21,1,1
P2181,small-vehicle,64,0.0,21,0,0
P2181,small-vehicle,256,0.0,21,0,0
P2181,storage-tank,0,1.0,1,1,2
P2181,storage-tank,16,1.0,1,1,1
P2181,storage-tank,64,0.0,1,0,0
P2181,storage-tank,256,0.0,1,0,0
P2194,baseball-diamond,0,1.0,2,2,10
P2194,baseball-diamond,16,1.0,2,2,10
P2194,baseball-diamond,64,1.0,2,2,10
P2194,baseball-diamond,256,1.0,2,2,10
P2194,basketball-court,0,1.0,1,1,3
P2194,basketball-court,16,1.0,1,1,3
P2194,basketball-court,64,1.0,1,1,3
P2194,basketball-court,256,1.0,1,1,2
P2194,ground-track-field,0,1.0,1,1,4
P2194,ground-track-field,16,1.0,1,1,4
P2194,ground-track-field,64,1.0,1,1,4
P2194,ground-track-field,256,1.0,1,1,4
P2194,large-vehicle,0,1.0,4,4,9
P2194,large-vehicle,16,1.0,4,4,8
P2194,large-vehicle,64,0.75,4,3,5
P2194,large-vehicle,256,0.0,4,0,0
P2194,small-vehicle,0,1.0,253,253,20
P2194,small-vehicle,16,1.0,253,253,14
P2194,small-vehicle,64,0.0,253,0,0
P2194,small-vehicle,256,0.0,253,0,0
P2194,soccer-ball-field,0,1.0,3,3,15
P2194,soccer-ball-field,16,1.0,3,3,15
P2194,soccer-ball-field,64,1.0,3,3,15
P2194,soccer-ball-field,256,1.0,3,3,15
P2194,tennis-court,0,1.0,8,8,4
P2194,tennis-court,16,1.0,8,8,4
P2194,tennis-court,64,1.0,8,8,4
P2194,tennis-court,256,1.0,8,8,2
P2197,baseball-diamond,0,1.0,4,4,9
P2197,baseball-diamond,16,1.0,4,4,9
P2197,baseball-diamond,64,1.0,4,4,9
P2197,baseball-diamond,256,1.0,4,4,9
P2197,ground-track-field,0,1.0,2,2,13
P2197,ground-track-field,16,1.0,2,2,13
P2197,ground-track-field,64,1.0,2,2,13
P2197,ground-track-field,256,1.0,2,2,13
P2197,large-vehicle,0,1.0,4,4,7
P2197,large-vehicle,16,1.0,4,4,6
P2197,large-vehicle,64,0.5,4,2,3
P2197,large-vehicle,256,0.0,4,0,0
P2197,small-vehicle,0,1.0,182,182,20
P2197,small-vehicle,16,0.9945054945054945,182,181,14
P2197,small-vehicle,64,0.0,182,0,0
P2197,small-vehicle,256,0.0,182,0,0
P2197,soccer-ball-field,0,1.0,1,1,6
P2197,soccer-ball-field,16,1.0,1,1,6
P2197,soccer-ball-field,64,1.0,1,1,6
P2197,soccer-ball-field,256,1.0,1,1,6
P2197,tennis-court,0,1.0,19,19,11
P2197,tennis-court,16,1.0,19,19,11
P2197,tennis-court,64,1.0,19,19,11
P2197,tennis-court,256,1.0,19,19,8
P2198,large-vehicle,0,1.0,29,29,3
P2198,large-vehicle,16,1.0,29,29,3
P2198,large-vehicle,64,1.0,29,29,3
P2198,large-vehicle,256,0.0,29,0,0
P2198,small-vehicle,0,1.0,66,66,3
P2198,small-vehicle,16,1.0,66,66,3
P2198,small-vehicle,64,0.0,66,0,0
P2198,small-vehicle,256,0.0,66,0,0
P2214,large-vehicle,0,1.0,1,1,2
P2214,large-vehicle,16,1.0,1,1,1
P2214,large-vehicle,64,0.0,1,0,0
P2214,large-vehicle,256,0.0,1,0,0
P2214,plane,0,1.0,52,52,8
P2214,plane,16,1.0,52,52,8
P2214,plane,64,1.0,52,52,8
P2214,plane,256,0.25,52,13,4
P2214,small-vehicle,0,1.0,36,36,5
P2214,small-vehicle,16,1.0,36,36,5
P2214,small-vehicle,64,0.0,36,0,0
P2214,small-vehicle,256,0.0,36,0,0
P2215,large-vehicle,0,1.0,1,1,5
P2215,large-vehicle,16,1.0,1,1,5
P2215,large-vehicle,64,0.0,1,0,0
P2215,large-vehicle,256,0.0,1,0,0
P2215,plane,0,1.0,25,25,5
P2215,plane,16,1.0,25,25,5
P2215,plane,64,1.0,25,25,5
P2215,plane,256,0.0,25,0,0
P2215,small-vehicle,0,1.0,3,3,2
P2215,small-vehicle,16,1.0,3,3,2
P2215,small-vehicle,64,0.0,3,0,0
P2215,small-vehicle,256,0.0,3,0,0
P2218,plane,0,1.0,12,12,7
P2218,plane,16,1.0,12,12,7
P2218,plane,64,1.0,12,12,7
P2218,plane,256,0.25,12,3,6
P2218,small-vehicle,0,1.0,1,1,2
P2218,small-vehicle,16,1.0,1,1,1
P2218,small-vehicle,64,0.0,1,0,0
P2218,small-vehicle,256,0.0,1,0,0
P2220,large-vehicle,0,1.0,5,5,4
P2220,large-vehicle,16,0.8,5,4,2
P2220,large-vehicle,64,0.0,5,0,0
P2220,large-vehicle,256,0.0,5,0,0
P2220,plane,0,1.0,7,7,8
P2220,plane,16,1.0,7,7,8
P2220,plane,64,1.0,7,7,8
P2220,plane,256,1.0,7,7,8
P2220,small-vehicle,0,1.0,436,436,8
P2220,small-vehicle,16,0.0045871559633027525,436,2,3
P2220,small-vehicle,64,0.0,436,0,0
P2220,small-vehicle,256,0.0,436,0,0
P2230,large-vehicle,0,1.0,6,6,12
P2230,large-vehicle,16,0.8333333333333334,6,5,6
P2230,large-vehicle,64,0.0,6,0,0
P2230,large-vehicle,256,0.0,6,0,0
P2230,plane,0,1.0,16,16,23
P2230,plane,16,1.0,16,16,23
P2230,plane,64,1.0,16,16,23
P2230,plane,256,1.0,16,16,23
P2230,small-vehicle,0,1.0,241,241,26
P2230,small-vehicle,16,0.03734439834024896,241,9,13
P2230,small-vehicle,64,0.0,241,0,0
P2230,small-vehicle,256,0.0,241,0,0
P2231,large-vehicle,0,1.0,6,6,8
P2231,large-vehicle,16,1.0,6,6,8
P2231,large-vehicle,64,1.0,6,6,4
P2231,large-vehicle,256,0.0,6,0,0
P2231,plane,0,1.0,36,36,24
P2231,plane,16,1.0,36,36,24
P2231,plane,64,1.0,36,36,24
P2231,plane,256,0.7777777777777778,36,28,21
P2231,small-vehicle,0,1.0,182,182,30
P2231,small-vehicle,16,1.0,182,182,24
P2231,small-vehicle,64,0.0,182,0,0
P2231,small-vehicle,256,0.0,182,0,0
P2236,helicopter,0,1.0,1,1,3
P2236,helicopter,16,1.0,1,1,3
P2236,helicopter,64,1.0,1,1,3
P2236,helicopter,256,0.0,1,0,0
P2236,large-vehicle,0,1.0,3,3,6
P2236,large-vehicle,16,1.0,3,3,6
P2236,large-vehicle,64,0.6666666666666666,3,2,3
P2236,large-vehicle,256,0.0,3,0,0
P2236,plane,0,1.0,21,21,8
P2236,plane,16,1.0,21,21,8
P2236,plane,64,1.0,21,21,8
P2236,plane,256,0.9523809523809523,21,20,8
P2236,small-vehicle,0,1.0,29,29,5
P2236,small-vehicle,16,1.0,29,29,5
P2236,small-vehicle,64,0.0,29,0,0
P2236,small-vehicle,256,0.0,29,0,0
P2239,plane,0,1.0,10,10,7
P2239,plane,16,1.0,10,10,7
P2239,plane,64,1.0,10,10,7
P2239,plane,256,0.3,10,3,6
P2239,small-vehicle,0,1.0,22,22,7
P2239,small-vehicle,16,1.0,22,22,7
P2239,small-vehicle,64,0.0,22,0,0
P2239,small-vehicle,256,0.0,22,0,0
P2241,baseball-diamond,0,1.0,3,3,7
P2241,baseball-diamond,16,1.0,3,3,7
P2241,baseball-diamond,64,1.0,3,3,7
P2241,baseball-diamond,256,1.0,3,3,7
P2241,large-vehicle,0,1.0,3,3,5
P2241,large-vehicle,16,1.0,3,3,5
P2241,large-vehicle,64,1.0,3,3,3
P2241,large-vehicle,256,0.0,3,0,0
P2241,small-vehicle,0,1.0,13,13,8
P2241,small-vehicle,16,1.0,13,13,8
P2241,small-vehicle,64,0.0,13,0,0
P2241,small-vehicle,256,0.0,13,0,0
P2241,swimming-pool,0,1.0,1,1,4
P2241,swimming-pool,16,1.0,1,1,4
P2241,swimming-pool,64,1.0,1,1,2
P2241,swimming-pool,256,0.0,1,0,0
P2241,tennis-court,0,1.0,10,10,6
P2241,tennis-court,16,1.0,10,10,6
P2241,tennis-court,64,1.0,10,10,6
P2241,tennis-court,256,1.0,10,10,5
P2242,helicopter,0,1.0,1,1,3
P2242,helicopter,16,1.0,1,1,3
P2242,helicopter,64,1.0,1,1,1
P2242,helicopter,256,0.0,1,0,0
P2242,large-vehicle,0,1.0,3,3,5
P2242,large-vehicle,16,1.0,3,3,5
P2242,large-vehicle,64,0.3333333333333333,3,1,2
P2242,large-vehicle,256,0.0,3,0,0
P2242,plane,0,1.0,175,175,28
P2242,plane,16,1.0,175,175,28
P2242,plane,64,1.0,175,175,28
P2242,plane,256,0.13714285714285715,175,24,17
P2242,small-vehicle,0,1.0,142,142,24
P2242,small-vehicle,16,1.0,142,142,18
P2242,small-vehicle,64,0.007042253521126761,142,1,2
P2242,small-vehicle,256,0.0,142,0,0
P2255,baseball-diamond,0,1.0,7,7,5
P2255,baseball-diamond,16,1.0,7,7,5
P2255,baseball-diamond,64,1.0,7,7,5
P2255,baseball-diamond,256,1.0,7,7,5
P2256,bridge,0,1.0,12,12,24
P2256,bridge,16,1.0,12,12,24
P2256,bridge,64,1.0,12,12,21
P2256,bridge,256,0.3333333333333333,12,4,5
P2256,ship,0,1.0,25,25,6
P2256,ship,16,0.0,25,0,0
P2256,ship,64,0.0,25,0,0
P2256,ship,256,0.0,25,0,0
P2271,helicopter,0,1.0,3,3,1
P2271,helicopter,16,1.0,3,3,1
P2271,helicopter,64,0.0,3,0,0
P2271,helicopter,256,0.0,3,0,0
P2271,large-vehicle,0,0.9318181818181818,44,41,19
P2271,large-vehicle,16,0.7727272727272727,44,34,15
P2271,large-vehicle,64,0.0,44,0,0
P2271,large-vehicle,256,0.0,44,0,0
P2271,plane,0,1.0,8,8,15
P2271,plane,16,1.0,8,8,12
P2271,plane,64,0.5,8,4,6
P2271,plane,256,0.125,8,1,1
P2271,roundabout,0,1.0,1,1,3
P2271,roundabout,16,1.0,1,1,3
P2271,roundabout,64,1.0,1,1,3
P2271,roundabout,256,1.0,1,1,2
P2271,small-vehicle,0,0.8363838047698281,1803,1508,47
P2271,small-vehicle,16,0.0,1803,0,0
P2271,small-vehicle,64,0.0,1803,0,0
P2271,small-vehicle,256,0.0,1803,0,0
P2271,storage-tank,0,1.0,1,1,3
P2271,storage-tank,16,1.0,1,1,3
P2271,storage-tank,64,1.0,1,1,1
P2271,storage-tank,256,0.0,1,0,0
P2285,harbor,0,1.0,1,1,5
P2285,harbor,16,1.0,1,1,5
P2285,harbor,64,1.0,1,1,5
P2285,harbor,256,1.0,1,1,5
P2285,ship,0,1.0,105,105,46
P2285,ship,16,1.0,105,105,46
P2285,ship,64,0.9714285714285714,105,102,40
P2285,ship,256,0.1523809523809524,105,16,15
P2285,small-vehicle,0,1.0,93,93,16
P2285,small-vehicle,16,0.6774193548387096,93,63,10
P2285,small-vehicle,64,0.0,93,0,0
P2285,small-vehicle,256,0.0,93,0,0
P2285,soccer-ball-field,0,1.0,1,1,4
P2285,soccer-ball-field,16,1.0,1,1,4
P2285,soccer-ball-field,64,1.0,1,1,4
P2285,soccer-ball-field,256,1.0,1,1,4
P2286,baseball-diamond,0,1.0,1,1,4
P2286,baseball-diamond,16,1.0,1,1,4
P2286,baseball-diamond,64,1.0,1,1,2
P2286,baseball-diamond,256,0.0,1,0,0
P2286,bridge,0,1.0,1,1,6
P2286,bridge,16,1.0,1,1,6
P2286,bridge,64,1.0,1,1,6
P2286,bridge,256,1.0,1,1,6
P2286,harbor,0,1.0,4,4,11
P2286,harbor,16,1.0,4,4,11
P2286,harbor,64,1.0,4,4,11
P2286,harbor,256,1.0,4,4,7
P2286,ship,0,1.0,102,102,26
P2286,ship,16,0.37254901960784315,102,38,20
P2286,ship,64,0.1568627450980392,102,16,11
P2286,ship,256,0.049019607843137254,102,5,6
P2286,storage-tank,0,1.0,37,37,22
P2286,storage-tank,16,1.0,37,37,21
P2286,storage-tank,64,0.918918918918919,37,34,19
P2286,storage-tank,256,0.40540540540540543,37,15,8
P2294,harbor,0,1.0,2,2,3
P2294,harbor,16,1.0,2,2,3
P2294,harbor,64,1.0,2,2,3
P2294,harbor,256,0.0,2,0,0
P2294,ship,0,1.0,2,2,3
P2294,ship,16,1.0,2,2,3
P2294,ship,64,0.0,2,0,0
P2294,ship,256,0.0,2,0,0
P2310,ship,0,1.0,5,5,3
P2310,ship,16,1.0,5,5,3
P2310,ship,64,0.8,5,4,3
P2310,ship,256,0.0,5,0,0
P2322,ship,0,1.0,6,6,5
P2322,ship,16,1.0,6,6,5
P2322,ship,64,0.3333333333333333,6,2,3
P2322,ship,256,0.0,6,0,0
P2330,plane,0,1.0,1,1,3
P2330,plane,16,1.0,1,1,3
P2330,plane,64,1.0,1,1,3
P2330,plane,256,0.0,1,0,0
P2330,ship,0,0.8520710059171598,169,144,99
P2330,ship,16,0.8165680473372781,169,138,98
P2330,ship,64,0.6094674556213018,169,103,95
P2330,ship,256,0.28402366863905326,169,48,74
P2331,baseball-diamond,0,1.0,1,1,5
P2331,baseball-diamond,16,1.0,1,1,5
P2331,baseball-diamond,64,1.0,1,1,5
P2331,baseball-diamond,256,1.0,1,1,5
P2331,bridge,0,1.0,6,6,16
P2331,bridge,16,1.0,6,6,16
P2331,bridge,64,1.0,6,6,15
P2331,bridge,256,0.8333333333333334,6,5,10
P2331,harbor,0,1.0,1,1,3
P2331,harbor,16,1.0,1,1,3
P2331,harbor,64,1.0,1,1,3
P2331,harbor,256,1.0,1,1,2
P2331,large-vehicle,0,1.0,71,71,38
P2331,large-vehicle,16,0.8450704225352113,71,60,25
P2331,large-vehicle,64,0.0,71,0,0
P2331,large-vehicle,256,0.0,71,0,0
P2331,roundabout,0,1.0,1,1,4
P2331,roundabout,16,1.0,1,1,4
P2331,roundabout,64,1.0,1,1,4
P2331,roundabout,256,1.0,1,1,2
P2331,ship,0,1.0,5,5,3
P2331,ship,16,0.4,5,2,3
P2331,ship,64,0.2,5,1,2
P2331,ship,256,0.0,5,0,0
P2331,small-vehicle,0,1.0,1490,1490,53
P2331,small-vehicle,16,0.0006711409395973154,1490,1,2
P2331,small-vehicle,64,0.0,1490,0,0
P2331,small-vehicle,256,0.0,1490,0,0
P2331,soccer-ball-field,0,1.0,1,1,4
P2331,soccer-ball-field,16,1.0,1,1,4
P2331,soccer-ball-field,64,1.0,1,1,4
P2331,soccer-ball-field,256,1.0,1,1,4
P2331,swimming-pool,0,1.0,1,1,3
P2331,swimming-pool,16,1.0,1,1,3
P2331,swimming-pool,64,1.0,1,1,1
P2331,swimming-pool,256,0.0,1,0,0
P2331,tennis-court,0,1.0,13,13,12
P2331,tennis-court,16,1.0,13,13,12
P2331,tennis-court,64,1.0,13,13,10
P2331,tennis-court,256,0.3076923076923077,13,4,3
P2337,bridge,0,1.0,1,1,2
P2337,bridge,16,1.0,1,1,2
P2337,bridge,64,1.0,1,1,2
P2337,bridge,256,1.0,1,1,2
P2337,large-vehicle,0,1.0,41,41,17
P2337,large-vehicle,16,0.7560975609756098,41,31,11
P2337,large-vehicle,64,0.0,41,0,0
P2337,large-vehicle,256,0.0,41,0,0
P2337,small-vehicle,0,1.0,108,108,16
P2337,small-vehicle,16,0.0,108,0,0
P2337,small-vehicle,64,0.0,108,0,0
P2337,small-vehicle,256,0.0,108,0,0
P2337,storage-tank,0,1.0,24,24,23
P2337,storage-tank,16,1.0,24,24,23
P2337,storage-tank,64,1.0,24,24,23
P2337,storage-tank,256,1.0,24,24,23
P2342,basketball-court,0,1.0,2,2,3
P2342,basketball-court,16,1.0,2,2,3
P2342,basketball-court,64,1.0,2,2,1
P2342,basketball-court,256,0.0,2,0,0
P2342,bridge,0,1.0,1,1,6
P2342,bridge,16,1.0,1,1,6
P2342,bridge,64,1.0,1,1,6
P2342,bridge,256,1.0,1,1,6
P2342,ground-track-field,0,1.0,1,1,3
P2342,ground-track-field,16,1.0,1,1,3
P2342,ground-track-field,64,1.0,1,1,3
P2342,ground-track-field,256,1.0,1,1,3
P2342,large-vehicle,0,1.0,29,29,19
P2342,large-vehicle,16,0.6206896551724138,29,18,10
P2342,large-vehicle,64,0.0,29,0,0
P2342,large-vehicle,256,0.0,29,0,0
P2342,small-vehicle,0,1.0,229,229,32
P2342,small-vehicle,16,0.0,229,0,0
P2342,small-vehicle,64,0.0,229,0,0
P2342,small-vehicle,256,0.0,229,0,0
P2342,tennis-court,0,1.0,1,1,4
P2342,tennis-court,16,1.0,1,1,4
P2342,tennis-court,64,1.0,1,1,4
P2342,tennis-court,256,1.0,1,1,2
P2351,bridge,0,1.0,2,2,7
P2351,bridge,16,1.0,2,2,7
P2351,bridge,64,1.0,2,2,4
P2351,bridge,256,0.5,2,1,1
P2351,soccer-ball-field,0,1.0,2,2,9
P2351,soccer-ball-field,16,1.0,2,2,9
P2351,soccer-ball-field,64,1.0,2,2,9
P2351,soccer-ball-field,256,1.0,2,2,9
P2363,bridge,0,1.0,4,4,11
P2363,bridge,16,1.0,4,4,11
P2363,bridge,64,1.0,4,4,7
P2363,bridge,256,0.75,4,3,4
P2363,storage-tank,0,1.0,1,1,3
P2363,storage-tank,16,1.0,1,1,3
P2363,storage-tank,64,1.0,1,1,3
P2363,storage-tank,256,1.0,1,1,2
P2365,basketball-court,0,1.0,1,1,4
P2365,basketball-court,16,1.0,1,1,4
P2365,basketball-court,64,1.0,1,1,2
P2365,basketball-court,256,0.0,1,0,0
P2365,bridge,0,1.0,3,3,17
P2365,bridge,16,1.0,3,3,17
P2365,bridge,64,1.0,3,3,17
P2365,bridge,256,1.0,3,3,17
P2365,ground-track-field,0,1.0,1,1,4
P2365,ground-track-field,16,1.0,1,1,4
P2365,ground-track-field,64,1.0,1,1,4
P2365,ground-track-field,256,1.0,1,1,2
P2365,soccer-ball-field,0,1.0,2,2,6
P2365,soccer-ball-field,16,1.0,2,2,6
P2365,soccer-ball-field,64,1.0,2,2,6
P2365,soccer-ball-field,256,1.0,2,2,2
P2374,bridge,0,1.0,1,1,2
P2374,bridge,16,1.0,1,1,2
P2374,bridge,64,1.0,1,1,2
P2374,bridge,256,1.0,1,1,1
P2374,ground-track-field,0,1.0,1,1,6
P2374,ground-track-field,16,1.0,1,1,6
P2374,ground-track-field,64,1.0,1,1,6
P2374,ground-track-field,256,1.0,1,1,4
P2374,soccer-ball-field,0,1.0,1,1,6
P2374,soccer-ball-field,16,1.0,1,1,6
P2374,soccer-ball-field,64,1.0,1,1,6
P2374,soccer-ball-field,256,1.0,1,1,6
P2375,ground-track-field,0,1.0,1,1,4
P2375,ground-track-field,16,1.0,1,1,4
P2375,ground-track-field,64,1.0,1,1,4
P2375,ground-track-field,256,1.0,1,1,4
P2375,roundabout,0,1.0,1,1,7
P2375,roundabout,16,1.0,1,1,7
P2375,roundabout,64,1.0,1,1,7
P2375,roundabout,256,1.0,1,1,7
P2375,soccer-ball-field,0,1.0,1,1,4
P2375,soccer-ball-field,16,1.0,1,1,4
P2375,soccer-ball-field,64,1.0,1,1,4
P2375,soccer-ball-field,256,1.0,1,1,4
P2375,tennis-court,0,1.0,1,1,4
P2375,tennis-court,16,1.0,1,1,4
P2375,tennis-court,64,1.0,1,1,4
P2375,tennis-court,256,1.0,1,1,2
P2378,ground-track-field,0,1.0,1,1,6
P2378,ground-track-field,16,1.0,1,1,6
P2378,ground-track-field,64,1.0,1,1,6
P2378,ground-track-field,256,1.0,1,1,6
P2385,bridge,0,1.0,2,2,9
P2385,bridge,16,1.0,2,2,9
P2385,bridge,64,1.0,2,2,9
P2385,bridge,256,1.0,2,2,9
P2393,bridge,0,1.0,2,2,11
P2393,bridge,16,1.0,2,2,11
P2393,bridge,64,1.0,2,2,11
P2393,bridge,256,1.0,2,2,11
P2394,bridge,0,1.0,3,3,16
P2394,bridge,16,1.0,3,3,16
P2394,bridge,64,1.0,3,3,7
P2394,bridge,256,0.0,3,0,0
P2404,bridge,0,1.0,9,9,20
P2404,bridge,16,1.0,9,9,20
P2404,bridge,64,1.0,9,9,18
P2404,bridge,256,0.8888888888888888,9,8,10
P2404,ground-track-field,0,1.0,1,1,2
P2404,ground-track-field,16,1.0,1,1,2
P2404,ground-track-field,64,1.0,1,1,2
P2404,ground-track-field,256,1.0,1,1,2
P2408,ground-track-field,0,1.0,1,1,8
P2408,ground-track-field,16,1.0,1,1,8
P2408,ground-track-field,64,1.0,1,1,8
P2408,ground-track-field,256,1.0,1,1,8
P2408,soccer-ball-field,0,1.0,1,1,8
P2408,soccer-ball-field,16,1.0,1,1,8
P2408,soccer-ball-field,64,1.0,1,1,8
P2408,soccer-ball-field,256,1.0,1,1,8
P2413,roundabout,0,1.0,5,5,15
P2413,roundabout,16,1.0,5,5,15
P2413,roundabout,64,1.0,5,5,14
P2413,roundabout,256,1.0,5,5,9
P2420,roundabout,0,1.0,1,1,2
P2420,roundabout,16,1.0,1,1,2
P2420,roundabout,64,1.0,1,1,1
P2420,roundabout,256,0.0,1,0,0
P2429,bridge,0,1.0,2,2,12
P2429,bridge,16,1.0,2,2,12
P2429,bridge,64,1.0,2,2,12
P2429,bridge,256,1.0,2,2,8
P2429,roundabout,0,1.0,1,1,3
P2429,roundabout,16,1.0,1,1,1
P2429,roundabout,64,0.0,1,0,0
P2429,roundabout,256,0.0,1,0,0
P2429,ship,0,1.0,5,5,13
P2429,ship,16,0.4,5,2,12
P2429,ship,64,0.4,5,2,8
P2429,ship,256,0.2,5,1,2
P2429,swimming-pool,0,1.0,1,1,5
P2429,swimming-pool,16,1.0,1,1,3
P2429,swimming-pool,64,0.0,1,0,0
P2429,swimming-pool,256,0.0,1,0,0
P2446,roundabout,0,1.0,4,4,14
P2446,roundabout,16,1.0,4,4,14
P2446,roundabout,64,1.0,4,4,8
P2446,roundabout,256,0.25,4,1,2
P2449,roundabout,0,1.0,1,1,2
P2449,roundabout,16,1.0,1,1,2
P2449,roundabout,64,1.0,1,1,1
P2449,roundabout,256,0.0,1,0,0
P2450,large-vehicle,0,1.0,16,16,17
P2450,large-vehicle,16,0.125,16,2,3
P2450,large-vehicle,64,0.0,16,0,0
P2450,large-vehicle,256,0.0,16,0,0
P2450,roundabout,0,1.0,1,1,3
P2450,roundabout,16,1.0,1,1,3
P2450,roundabout,64,1.0,1,1,1
P2450,roundabout,256,0.0,1,0,0
P2450,small-vehicle,0,1.0,2,2,4
P2450,small-vehicle,16,0.0,2,0,0
P2450,small-vehicle,64,0.0,2,0,0
P2450,small-vehicle,256,0.0,2,0,0
P2455,large-vehicle,0,1.0,31,31,28
P2455,large-vehicle,16,0.2903225806451613,31,9,7
P2455,large-vehicle,64,0.0,31,0,0
P2455,large-vehicle,256,0.0,31,0,0
P2455,roundabout,0,1.0,1,1,4
P2455,roundabout,16,1.0,1,1,4
P2455,roundabout,64,1.0,1,1,4
P2455,roundabout,256,1.0,1,1,2
P2455,small-vehicle,0,1.0,52,52,32
P2455,small-vehicle,16,0.0,52,0,0
P2455,small-vehicle,64,0.0,52,0,0
P2455,small-vehicle,256,0.0,52,0,0
P2462,ground-track-field,0,1.0,1,1,4
P2462,ground-track-field,16,1.0,1,1,4
P2462,ground-track-field,64,1.0,1,1,4
P2462,ground-track-field,256,1.0,1,1,4
P2462,large-vehicle,0,1.0,21,21,29
P2462,large-vehicle,16,0.047619047619047616,21,1,2
P2462,large-vehicle,64,0.0,21,0,0
P2462,large-vehicle,256,0.0,21,0,0
P2462,small-vehicle,0,1.0,47,47,30
P2462,small-vehicle,16,0.0,47,0,0
P2462,small-vehicle,64,0.0,47,0,0
P2462,small-vehicle,256,0.0,47,0,0
P2477,roundabout,0,1.0,2,2,7
P2477,roundabout,16,1.0,2,2,7
P2477,roundabout,64,1.0,2,2,7
P2477,roundabout,256,0.5,2,1,2
P2478,roundabout,0,1.0,1,1,4
P2478,roundabout,16,1.0,1,1,4
P2478,roundabout,64,1.0,1,1,2
P2478,roundabout,256,0.0,1,0,0
P2481,large-vehicle,0,1.0,2,2,7
P2481,large-vehicle,16,1.0,2,2,4
P2481,large-vehicle,64,0.0,2,0,0
P2481,large-vehicle,256,0.0,2,0,0
P2481,small-vehicle,0,1.0,46,46,15
P2481,small-vehicle,16,0.06521739130434782,46,3,5
P2481,small-vehicle,64,0.0,46,0,0
P2481,small-vehicle,256,0.0,46,0,0
P2481,storage-tank,0,1.0,2,2,4
P2481,storage-tank,16,1.0,2,2,4
P2481,storage-tank,64,1.0,2,2,2
P2481,storage-tank,256,0.0,2,0,0
P2488,large-vehicle,0,1.0,7,7,8
P2488,large-vehicle,16,0.42857142857142855,7,3,4
P2488,large-vehicle,64,0.0,7,0,0
P2488,large-vehicle,256,0.0,7,0,0
P2488,roundabout,0,1.0,1,1,3
P2488,roundabout,16,1.0,1,1,3
P2488,roundabout,64,1.0,1,1,3
P2488,roundabout,256,1.0,1,1,1
P2488,storage-tank,0,1.0,1,1,2
P2488,storage-tank,16,1.0,1,1,1
P2488,storage-tank,64,0.0,1,0,0
P2488,storage-tank,256,0.0,1,0,0
P2488,swimming-pool,0,1.0,30,30,24
P2488,swimming-pool,16,0.06666666666666667,30,2,2
P2488,swimming-pool,64,0.0,30,0,0
P2488,swimming-pool,256,0.0,30,0,0
P2502,ground-track-field,0,1.0,3,3,9
P2502,ground-track-field,16,1.0,3,3,9
P2502,ground-track-field,64,1.0,3,3,9
P2502,ground-track-field,256,1.0,3,3,9
P2502,soccer-ball-field,0,1.0,3,3,7
P2502,soccer-ball-field,16,1.0,3,3,7
P2502,soccer-ball-field,64,1.0,3,3,7
P2502,soccer-ball-field,256,1.0,3,3,7
P2504,bridge,0,1.0,6,6,13
P2504,bridge,16,1.0,6,6,11
P2504,bridge,64,0.5,6,3,7
P2504,bridge,256,0.16666666666666666,6,1,2
P2504,ground-track-field,0,1.0,1,1,5
P2504,ground-track-field,16,1.0,1,1,5
P2504,ground-track-field,64,1.0,1,1,5
P2504,ground-track-field,256,1.0,1,1,5
P2504,roundabout,0,1.0,1,1,4
P2504,roundabout,16,1.0,1,1,4
P2504,roundabout,64,1.0,1,1,3
P2504,roundabout,256,1.0,1,1,1
P2504,soccer-ball-field,0,1.0,2,2,5
P2504,soccer-ball-field,16,1.0,2,2,5
P2504,soccer-ball-field,64,1.0,2,2,5
P2504,soccer-ball-field,256,1.0,2,2,5
P2504,swimming-pool,0,1.0,3,3,4
P2504,swimming-pool,16,0.6666666666666666,3,2,1
P2504,swimming-pool,64,0.0,3,0,0
P2504,swimming-pool,256,0.0,3,0,0
P2539,roundabout,0,1.0,2,2,7
P2539,roundabout,16,1.0,2,2,7
P2539,roundabout,64,1.0,2,2,3
P2539,roundabout,256,0.0,2,0,0
P2541,bridge,0,1.0,4,4,18
P2541,bridge,16,1.0,4,4,18
P2541,bridge,64,1.0,4,4,13
P2541,bridge,256,0.5,4,2,4
P2541,roundabout,0,1.0,2,2,4
P2541,roundabout,16,1.0,2,2,2
P2541,roundabout,64,0.0,2,0,0
P2541,roundabout,256,0.0,2,0,0
P2541,soccer-ball-field,0,1.0,4,4,5
P2541,soccer-ball-field,16,1.0,4,4,5
P2541,soccer-ball-field,64,1.0,4,4,5
P2541,soccer-ball-field,256,1.0,4,4,5
P2542,ground-track-field,0,1.0,1,1,2
P2542,ground-track-field,16,1.0,1,1,2
P2542,ground-track-field,64,1.0,1,1,2
P2542,ground-track-field,256,1.0,1,1,2
P2542,roundabout,0,1.0,2,2,10
P2542,roundabout,16,1.0,2,2,10
P2542,roundabout,64,1.0,2,2,7
P2542,roundabout,256,0.0,2,0,0
P2542,soccer-ball-field,0,1.0,1,1,2
P2542,soccer-ball-field,16,1.0,1,1,2
P2542,soccer-ball-field,64,1.0,1,1,2
P2542,soccer-ball-field,256,1.0,1,1,2
P2542,storage-tank,0,1.0,2,2,4
P2542,storage-tank,16,1.0,2,2,4
P2542,storage-tank,64,1.0,2,2,2
P2542,storage-tank,256,0.0,2,0,0
P2547,roundabout,0,1.0,4,4,12
P2547,roundabout,16,1.0,4,4,12
P2547,roundabout,64,1.0,4,4,6
P2547,roundabout,256,0.0,4,0,0
P2547,soccer-ball-field,0,1.0,2,2,6
P2547,soccer-ball-field,16,1.0,2,2,6
P2547,soccer-ball-field,64,1.0,2,2,6
P2547,soccer-ball-field,256,1.0,2,2,6
P2563,basketball-court,0,1.0,3,3,8
P2563,basketball-court,16,1.0,3,3,8
P2563,basketball-court,64,1.0,3,3,8
P2563,basketball-court,256,1.0,3,3,8
P2563,ground-track-field,0,1.0,1,1,4
P2563,ground-track-field,16,1.0,1,1,4
P2563,ground-track-field,64,1.0,1,1,4
P2563,ground-track-field,256,1.0,1,1,4
P2563,small-vehicle,0,1.0,1,1,6
P2563,small-vehicle,16,1.0,1,1,2
P2563,small-vehicle,64,0.0,1,0,0
P2563,small-vehicle,256,0.0,1,0,0
P2563,soccer-ball-field,0,1.0,2,2,10
P2563,soccer-ball-field,16,1.0,2,2,10
P2563,soccer-ball-field,64,1.0,2,2,10
P2563,soccer-ball-field,256,1.0,2,2,10
P2563,tennis-court,0,1.0,3,3,6
P2563,tennis-court,16,1.0,3,3,6
P2563,tennis-court,64,1.0,3,3,6
P2563,tennis-court,256,1.0,3,3,6
P2570,ground-track-field,0,1.0,2,2,12
P2570,ground-track-field,16,1.0,2,2,12
P2570,ground-track-field,64,1.0,2,2,12
P2570,ground-track-field,256,1.0,2,2,8
P2570,small-vehicle,0,1.0,52,52,15
P2570,small-vehicle,16,1.0,52,52,9
P2570,small-vehicle,64,0.0,52,0,0
P2570,small-vehicle,256,0.0,52,0,0
P2570,soccer-ball-field,0,1.0,6,6,19
P2570,soccer-ball-field,16,1.0,6,6,19
P2570,soccer-ball-field,64,1.0,6,6,19
P2570,soccer-ball-field,256,1.0,6,6,19
P2570,swimming-pool,0,1.0,1,1,6
P2570,swimming-pool,16,1.0,1,1,6
P2570,swimming-pool,64,1.0,1,1,4
P2570,swimming-pool,256,0.0,1,0,0
P2571,small-vehicle,0,1.0,4,4,10
P2571,small-vehicle,16,1.0,4,4,10
P2571,small-vehicle,64,1.0,4,4,6
P2571,small-vehicle,256,0.0,4,0,0
P2571,tennis-court,0,1.0,9,9,15
P2571,tennis-court,16,1.0,9,9,15
P2571,tennis-court,64,1.0,9,9,15
P2571,tennis-court,256,1.0,9,9,15
P2577,tennis-court,0,1.0,7,7,12
P2577,tennis-court,16,1.0,7,7,12
P2577,tennis-court,64,1.0,7,7,12
P2577,tennis-court,256,1.0,7,7,12
P2580,ground-track-field,0,1.0,1,1,5
P2580,ground-track-field,16,1.0,1,1,5
P2580,ground-track-field,64,1.0,1,1,5
P2580,ground-track-field,256,1.0,1,1,5
P2580,small-vehicle,0,1.0,49,49,13
P2580,small-vehicle,16,1.0,49,49,11
P2580,small-vehicle,64,0.0,49,0,0
P2580,small-vehicle,256,0.0,49,0,0
P2580,soccer-ball-field,0,1.0,2,2,10
P2580,soccer-ball-field,16,1.0,2,2,10
P2580,soccer-ball-field,64,1.0,2,2,10
P2580,soccer-ball-field,256,1.0,2,2,10
P2580,tennis-court,0,1.0,11,11,13
P2580,tennis-court,16,1.0,11,11,13
P2580,tennis-court,64,1.0,11,11,13
P2580,tennis-court,256,1.0,11,11,13
P2582,bridge,0,1.0,1,1,5
P2582,bridge,16,1.0,1,1,5
P2582,bridge,64,1.0,1,1,2
P2582,bridge,256,0.0,1,0,0
P2582,large-vehicle,0,1.0,3,3,11
P2582,large-vehicle,16,1.0,3,3,11
P2582,large-vehicle,64,1.0,3,3,9
P2582,large-vehicle,256,0.0,3,0,0
P2582,small-vehicle,0,1.0,167,167,25
P2582,small-vehicle,16,1.0,167,167,22
P2582,small-vehicle,64,0.005988023952095809,167,1,1
P2582,small-vehicle,256,0.0,167,0,0
P2582,soccer-ball-field,0,1.0,5,5,15
P2582,soccer-ball-field,16,1.0,5,5,15
P2582,soccer-ball-field,64,1.0,5,5,15
P2582,soccer-ball-field,256,1.0,5,5,15
P2582,swimming-pool,0,1.0,2,2,3
P2582,swimming-pool,16,1.0,2,2,2
P2582,swimming-pool,64,0.0,2,0,0
P2582,swimming-pool,256,0.0,2,0,0
P2582,tennis-court,0,1.0,10,10,11
P2582,tennis-court,16,1.0,10,10,11
P2582,tennis-court,64,1.0,10,10,11
P2582,tennis-court,256,1.0,10,10,11
P2587,basketball-court,0,1.0,3,3,17
P2587,basketball-court,16,1.0,3,3,17
P2587,basketball-court,64,1.0,3,3,17
P2587,basketball-court,256,1.0,3,3,17
P2587,ground-track-field,0,1.0,1,1,7
P2587,ground-track-field,16,1.0,1,1,7
P2587,ground-track-field,64,1.0,1,1,7
P2587,ground-track-field,256,1.0,1,1,7
P2587,small-vehicle,0,1.0,15,15,8
P2587,small-vehicle,16,1.0,15,15,8
P2587,small-vehicle,64,1.0,15,15,4
P2587,small-vehicle,256,0.0,15,0,0
P2587,tennis-court,0,1.0,3,3,11
P2587,tennis-court,16,1.0,3,3,11
P2587,tennis-court,64,1.0,3,3,11
P2587,tennis-court,256,1.0,3,3,11
P2592,ground-track-field,0,1.0,1,1,6
P2592,ground-track-field,16,1.0,1,1,6
P2592,ground-track-field,64,1.0,1,1,6
P2592,ground-track-field,256,1.0,1,1,6
P2592,large-vehicle,0,1.0,1,1,5
P2592,large-vehicle,16,1.0,1,1,5
P2592,large-vehicle,64,1.0,1,1,3
P2592,large-vehicle,256,0.0,1,0,0
P2592,small-vehicle,0,1.0,55,55,27
P2592,small-vehicle,16,1.0,55,55,22
P2592,small-vehicle,64,0.01818181818181818,55,1,1
P2592,small-vehicle,256,0.0,55,0,0
P2592,soccer-ball-field,0,1.0,2,2,10
P2592,soccer-ball-field,16,1.0,2,2,10
P2592,soccer-ball-field,64,1.0,2,2,10
P2592,soccer-ball-field,256,1.0,2,2,10
P2592,tennis-court,0,1.0,11,11,10
P2592,tennis-court,16,1.0,11,11,10
P2592,tennis-court,64,1.0,11,11,10
P2592,tennis-court,256,1.0,11,11,10
P2593,baseball-diamond,0,1.0,1,1,4
P2593,baseball-diamond,16,1.0,1,1,4
P2593,baseball-diamond,64,1.0,1,1,4
P2593,baseball-diamond,256,1.0,1,1,4
P2593,ground-track-field,0,1.0,1,1,6
P2593,ground-track-field,16,1.0,1,1,6
P2593,ground-track-field,64,1.0,1,1,6
P2593,ground-track-field,256,1.0,1,1,6
P2593,small-vehicle,0,1.0,44,44,19
P2593,small-vehicle,16,1.0,44,44,15
P2593,small-vehicle,64,0.0,44,0,0
P2593,small-vehicle,256,0.0,44,0,0
P2593,soccer-ball-field,0,1.0,2,2,8
P2593,soccer-ball-field,16,1.0,2,2,8
P2593,soccer-ball-field,64,1.0,2,2,8
P2593,soccer-ball-field,256,1.0,2,2,8
P2593,tennis-court,0,1.0,9,9,8
P2593,tennis-court,16,1.0,9,9,8
P2593,tennis-court,64,1.0,9,9,8
P2593,tennis-court,256,1.0,9,9,6
P2595,ground-track-field,0,1.0,1,1,6
P2595,ground-track-field,16,1.0,1,1,6
P2595,ground-track-field,64,1.0,1,1,6
P2595,ground-track-field,256,1.0,1,1,6
P2595,small-vehicle,0,1.0,10,10,9
P2595,small-vehicle,16,1.0,10,10,7
P2595,small-vehicle,64,0.0,10,0,0
P2595,small-vehicle,256,0.0,10,0,0
P2595,soccer-ball-field,0,1.0,2,2,7
P2595,soccer-ball-field,16,1.0,2,2,7
P2595,soccer-ball-field,64,1.0,2,2,7
P2595,soccer-ball-field,256,1.0,2,2,7
P2595,tennis-court,0,1.0,10,10,7
P2595,tennis-court,16,1.0,10,10,7
P2595,tennis-court,64,1.0,10,10,7
P2595,tennis-court,256,1.0,10,10,5
P2598,ground-track-field,0,1.0,1,1,5
P2598,ground-track-field,16,1.0,1,1,5
P2598,ground-track-field,64,1.0,1,1,5
P2598,ground-track-field,256,1.0,1,1,5
P2598,large-vehicle,0,1.0,3,3,7
P2598,large-vehicle,16,1.0,3,3,7
P2598,large-vehicle,64,1.0,3,3,7
P2598,large-vehicle,256,0.6666666666666666,3,2,3
P2598,small-vehicle,0,1.0,40,40,28
P2598,small-vehicle,16,1.0,40,40,28
P2598,small-vehicle,64,1.0,40,40,20
P2598,small-vehicle,256,0.0,40,0,0
P2598,soccer-ball-field,0,1.0,2,2,10
P2598,soccer-ball-field,16,1.0,2,2,10
P2598,soccer-ball-field,64,1.0,2,2,10
P2598,soccer-ball-field,256,1.0,2,2,10
P2598,tennis-court,0,1.0,4,4,8
P2598,tennis-court,16,1.0,4,4,8
P2598,tennis-court,64,1.0,4,4,8
P2598,tennis-court,256,1.0,4,4,8
P2599,small-vehicle,0,1.0,7,7,8
P2599,small-vehicle,16,1.0,7,7,8
P2599,small-vehicle,64,1.0,7,7,4
P2599,small-vehicle,256,0.0,7,0,0
P2599,tennis-court,0,1.0,10,10,11
P2599,tennis-court,16,1.0,10,10,11
P2599,tennis-court,64,1.0,10,10,11
P2599,tennis-court,256,1.0,10,10,11
P2608,basketball-court,0,1.0,1,1,8
P2608,basketball-court,16,1.0,1,1,8
P2608,basketball-court,64,1.0,1,1,8
P2608,basketball-court,256,1.0,1,1,8
P2608,large-vehicle,0,1.0,14,14,17
P2608,large-vehicle,16,1.0,14,14,17
P2608,large-vehicle,64,1.0,14,14,13
P2608,large-vehicle,256,0.14285714285714285,14,2,5
P2608,roundabout,0,1.0,1,1,3
P2608,roundabout,16,1.0,1,1,3
P2608,roundabout,64,1.0,1,1,3
P2608,roundabout,256,1.0,1,1,3
P2608,small-vehicle,0,1.0,200,200,46
P2608,small-vehicle,16,1.0,200,200,46
P2608,small-vehicle,64,1.0,200,200,37
P2608,small-vehicle,256,0.0,200,0,0
P2610,large-vehicle,0,1.0,21,21,23
P2610,large-vehicle,16,1.0,21,21,23
P2610,large-vehicle,64,1.0,21,21,16
P2610,large-vehicle,256,0.0,21,0,0
P2610,small-vehicle,0,1.0,104,104,30
P2610,small-vehicle,16,1.0,104,104,30
P2610,small-vehicle,64,0.9615384615384616,104,100,19
P2610,small-vehicle,256,0.0,104,0,0
P2617,large-vehicle,0,1.0,39,39,11
P2617,large-vehicle,16,1.0,39,39,11
P2617,large-vehicle,64,1.0,39,39,11
P2617,large-vehicle,256,0.8461538461538461,39,33,9
P2625,large-vehicle,0,1.0,254,254,73
P2625,large-vehicle,16,1.0,254,254,73
P2625,large-vehicle,64,1.0,254,254,72
P2625,large-vehicle,256,0.7322834645669292,254,186,51
P2625,small-vehicle,0,1.0,33,33,49
P2625,small-vehicle,16,1.0,33,33,49
P2625,small-vehicle,64,1.0,33,33,35
P2625,small-vehicle,256,0.030303030303030304,33,1,2
P2630,large-vehicle,0,1.0,48,48,19
P2630,large-vehicle,16,1.0,48,48,19
P2630,large-vehicle,64,1.0,48,48,19
P2630,large-vehicle,256,1.0,48,48,10
P2630,small-vehicle,0,1.0,45,45,16
P2630,small-vehicle,16,1.0,45,45,16
P2630,small-vehicle,64,0.9555555555555556,45,43,10
P2630,small-vehicle,256,0.0,45,0,0
P2645,bridge,0,1.0,8,8,11
P2645,bridge,16,1.0,8,8,11
P2645,bridge,64,1.0,8,8,11
P2645,bridge,256,0.625,8,5,4
P2645,harbor,0,1.0,41,41,52
P2645,harbor,16,1.0,41,41,52
P2645,harbor,64,1.0,41,41,51
P2645,harbor,256,0.5121951219512195,41,21,42
P2645,large-vehicle,0,1.0,63,63,40
P2645,large-vehicle,16,0.9206349206349206,63,58,34
P2645,large-vehicle,64,0.15873015873015872,63,10,11
P2645,large-vehicle,256,0.0,63,0,0
P2645,ship,0,0.9666666666666667,30,29,48
P2645,ship,16,0.9666666666666667,30,29,46
P2645,ship,64,0.9,30,27,43
P2645,ship,256,0.7333333333333333,30,22,36
P2645,small-vehicle,0,1.0,1,1,3
P2645,small-vehicle,16,1.0,1,1,1
P2645,small-vehicle,64,0.0,1,0,0
P2645,small-vehicle,256,0.0,1,0,0
P2645,storage-tank,0,1.0,320,320,72
P2645,storage-tank,16,0.975,320,312,72
P2645,storage-tank,64,0.89375,320,286,70
P2645,storage-tank,256,0.71875,320,230,62
P2678,harbor,0,1.0,2,2,5
P2678,harbor,16,1.0,2,2,5
P2678,harbor,64,1.0,2,2,5
P2678,harbor,256,1.0,2,2,5
P2678,ship,0,1.0,63,63,48
P2678,ship,16,1.0,63,63,48
P2678,ship,64,1.0,63,63,47
P2678,ship,256,0.9206349206349206,63,58,45
P2678,small-vehicle,0,1.0,98,98,21
P2678,small-vehicle,16,1.0,98,98,12
P2678,small-vehicle,64,0.0,98,0,0
P2678,small-vehicle,256,0.0,98,0,0
P2678,storage-tank,0,1.0,37,37,16
P2678,storage-tank,16,1.0,37,37,16
P2678,storage-tank,64,1.0,37,37,16
P2678,storage-tank,256,0.5135135135135135,37,19,11
P2689,bridge,0,1.0,1,1,7
P2689,bridge,16,1.0,1,1,7
P2689,bridge,64,1.0,1,1,7
P2689,bridge,256,1.0,1,1,7
P2689,large-vehicle,0,0.6,15,9,9
P2689,large-vehicle,16,0.4666666666666667,15,7,5
P2689,large-vehicle,64,0.0,15,0,0
P2689,large-vehicle,256,0.0,15,0,0
P2689,plane,0,1.0,49,49,37
P2689,plane,16,1.0,49,49,37
P2689,plane,64,1.0,49,49,37
P2689,plane,256,0.7755102040816326,49,38,31
P2689,roundabout,0,1.0,6,6,14
P2689,roundabout,16,1.0,6,6,14
P2689,roundabout,64,1.0,6,6,14
P2689,roundabout,256,0.8333333333333334,6,5,9
P2689,small-vehicle,0,0.9211112413550581,8531,7858,46
P2689,small-vehicle,16,0.13304419177118743,8531,1135,29
P2689,small-vehicle,64,0.0,8531,0,0
P2689,small-vehicle,256,0.0,8531,0,0
P2689,storage-tank,0,1.0,7,7,9
P2689,storage-tank,16,1.0,7,7,9
P2689,storage-tank,64,1.0,7,7,9
P2689,storage-tank,256,0.42857142857142855,7,3,4
P2695,bridge,0,1.0,1,1,2
P2695,bridge,16,1.0,1,1,2
P2695,bridge,64,1.0,1,1,2
P2695,bridge,256,1.0,1,1,1
P2695,storage-tank,0,1.0,726,726,65
P2695,storage-tank,16,0.6101928374655647,726,443,64
P2695,storage-tank,64,0.16115702479338842,726,117,35
P2695,storage-tank,256,0.02203856749311295,726,16,13
P2701,container-crane,0,1.0,2,2,7
P2701,container-crane,16,1.0,2,2,7
P2701,container-crane,64,1.0,2,2,7
P2701,container-crane,256,1.0,2,2,2
P2701,harbor,0,1.0,8,8,17
P2701,harbor,16,1.0,8,8,17
P2701,harbor,64,1.0,8,8,17
P2701,harbor,256,1.0,8,8,17
P2701,ship,0,1.0,12,12,13
P2701,ship,16,1.0,12,12,13
P2701,ship,64,0.9166666666666666,12,11,12
P2701,ship,256,0.5833333333333334,12,7,5
P2701,storage-tank,0,1.0,379,379,51
P2701,storage-tank,16,0.7097625329815304,379,269,48
P2701,storage-tank,64,0.35356200527704484,379,134,39
P2701,storage-tank,256,0.13984168865435356,379,53,21
P2709,large-vehicle,0,1.0,7,7,14
P2709,large-vehicle,16,1.0,7,7,14
P2709,large-vehicle,64,0.8571428571428571,7,6,9
P2709,large-vehicle,256,0.0,7,0,0
P2709,ship,0,1.0,6,6,14
P2709,ship,16,1.0,6,6,14
P2709,ship,64,1.0,6,6,13
P2709,ship,256,1.0,6,6,12
P2709,small-vehicle,0,1.0,32,32,20
P2709,small-vehicle,16,1.0,32,32,10
P2709,small-vehicle,64,0.0,32,0,0
P2709,small-vehicle,256,0.0,32,0,0
P2709,storage-tank,0,1.0,145,145,31
P2709,storage-tank,16,1.0,145,145,31
P2709,storage-tank,64,0.8,145,116,30
P2709,storage-tank,256,0.4482758620689655,145,65,18
P2714,bridge,0,1.0,16,16,32
P2714,bridge,16,1.0,16,16,31
P2714,bridge,64,0.5,16,8,14
P2714,bridge,256,0.0,16,0,0
P2714,ground-track-field,0,1.0,16,16,44
P2714,ground-track-field,16,1.0,16,16,44
P2714,ground-track-field,64,1.0,16,16,34
P2714,ground-track-field,256,0.25,16,4,8
P2714,roundabout,0,1.0,1,1,5
P2714,roundabout,16,1.0,1,1,5
P2714,roundabout,64,1.0,1,1,1
P2714,roundabout,256,0.0,1,0,0
P2714,soccer-ball-field,0,1.0,16,16,44
P2714,soccer-ball-field,16,1.0,16,16,36
P2714,soccer-ball-field,64,0.3125,16,5,11
P2714,soccer-ball-field,256,0.0,16,0,0
P2714,storage-tank,0,1.0,7,7,3
P2714,storage-tank,16,0.0,7,0,0
P2714,storage-tank,64,0.0,7,0,0
P2714,storage-tank,256,0.0,7,0,0
P2718,bridge,0,1.0,2,2,4
P2718,bridge,16,1.0,2,2,3
P2718,bridge,64,0.5,2,1,1
P2718,bridge,256,0.0,2,0,0
P2718,ground-track-field,0,1.0,4,4,15
P2718,ground-track-field,16,1.0,4,4,15
P2718,ground-track-field,64,1.0,4,4,15
P2718,ground-track-field,256,1.0,4,4,9
P2718,soccer-ball-field,0,1.0,4,4,13
P2718,soccer-ball-field,16,1.0,4,4,13
P2718,soccer-ball-field,64,1.0,4,4,11
P2718,soccer-ball-field,256,0.5,4,2,6
P2718,storage-tank,0,1.0,7,7,13
P2718,storage-tank,16,0.8571428571428571,7,6,9
P2718,storage-tank,64,0.0,7,0,0
P2718,storage-tank,256,0.0,7,0,0
P2721,bridge,0,1.0,5,5,14
P2721,bridge,16,1.0,5,5,14
P2721,bridge,64,0.8,5,4,7
P2721,bridge,256,0.0,5,0,0
P2721,ground-track-field,0,1.0,17,17,43
P2721,ground-track-field,16,1.0,17,17,43
P2721,ground-track-field,64,1.0,17,17,39
P2721,ground-track-field,256,0.5882352941176471,17,10,19
P2721,roundabout,0,1.0,1,1,5
P2721,roundabout,16,1.0,1,1,4
P2721,roundabout,64,0.0,1,0,0
P2721,roundabout,256,0.0,1,0,0
P2721,soccer-ball-field,0,1.0,16,16,41
P2721,soccer-ball-field,16,1.0,16,16,38
P2721,soccer-ball-field,64,0.8125,16,13,30
P2721,soccer-ball-field,256,0.3125,16,5,9
P2722,bridge,0,1.0,14,14,22
P2722,bridge,16,1.0,14,14,18
P2722,bridge,64,0.35714285714285715,14,5,8
P2722,bridge,256,0.0,14,0,0
P2722,ground-track-field,0,1.0,6,6,17
P2722,ground-track-field,16,1.0,6,6,17
P2722,ground-track-field,64,1.0,6,6,14
P2722,ground-track-field,256,0.6666666666666666,6,4,6
P2722,soccer-ball-field,0,1.0,5,5,15
P2722,soccer-ball-field,16,1.0,5,5,12
P2722,soccer-ball-field,64,0.6,5,3,5
P2722,soccer-ball-field,256,0.2,5,1,2
P2724,bridge,0,1.0,5,5,12
P2724,bridge,16,1.0,5,5,12
P2724,bridge,64,0.6,5,3,5
P2724,bridge,256,0.0,5,0,0
P2724,ground-track-field,0,1.0,6,6,16
P2724,ground-track-field,16,1.0,6,6,16
P2724,ground-track-field,64,1.0,6,6,15
P2724,ground-track-field,256,0.6666666666666666,6,4,8
P2724,roundabout,0,1.0,1,1,5
P2724,roundabout,16,1.0,1,1,5
P2724,roundabout,64,1.0,1,1,4
P2724,roundabout,256,0.0,1,0,0
P2724,soccer-ball-field,0,1.0,6,6,16
P2724,soccer-ball-field,16,1.0,6,6,15
P2724,soccer-ball-field,64,0.6666666666666666,6,4,10
P2724,soccer-ball-field,256,0.16666666666666666,6,1,2
P2726,harbor,0,1.0,12,12,30
P2726,harbor,16,1.0,12,12,30
P2726,harbor,64,1.0,12,12,29
P2726,harbor,256,0.8333333333333334,12,10,28
P2726,ship,0,1.0,308,308,49
P2726,ship,16,1.0,308,308,49
P2726,ship,64,0.948051948051948,308,292,44
P2726,ship,256,0.07792207792207792,308,24,15
P2733,bridge,0,1.0,1,1,4
P2733,bridge,16,1.0,1,1,4
P2733,bridge,64,1.0,1,1,3
P2733,bridge,256,1.0,1,1,1
P2733,container-crane,0,1.0,12,12,18
P2733,container-crane,16,1.0,12,12,18
P2733,container-crane,64,1.0,12,12,18
P2733,container-crane,256,1.0,12,12,12
P2733,harbor,0,1.0,1,1,8
P2733,harbor,16,1.0,1,1,8
P2733,harbor,64,1.0,1,1,8
P2733,harbor,256,1.0,1,1,8
P2733,large-vehicle,0,1.0,10,10,15
P2733,large-vehicle,16,1.0,10,10,8
P2733,large-vehicle,64,0.0,10,0,0
P2733,large-vehicle,256,0.0,10,0,0
P2733,ship,0,1.0,13,13,19
P2733,ship,16,1.0,13,13,19
P2733,ship,64,1.0,13,13,19
P2733,ship,256,0.6923076923076923,13,9,12
P2733,storage-tank,0,1.0,21,21,12
P2733,storage-tank,16,0.8571428571428571,21,18,12
P2733,storage-tank,64,0.8095238095238095,21,17,8
P2733,storage-tank,256,0.2857142857142857,21,6,1
P2745,baseball-diamond,0,1.0,2,2,6
P2745,baseball-diamond,16,1.0,2,2,6
P2745,baseball-diamond,64,1.0,2,2,4
P2745,baseball-diamond,256,1.0,2,2,1
P2745,bridge,0,1.0,2,2,5
P2745,bridge,16,1.0,2,2,5
P2745,bridge,64,1.0,2,2,5
P2745,bridge,256,0.5,2,1,2
P2745,ground-track-field,0,1.0,1,1,6
P2745,ground-track-field,16,1.0,1,1,6
P2745,ground-track-field,64,1.0,1,1,6
P2745,ground-track-field,256,1.0,1,1,4
P2745,storage-tank,0,1.0,127,127,36
P2745,storage-tank,16,0.984251968503937,127,125,33
P2745,storage-tank,64,0.5275590551181102,127,67,28
P2745,storage-tank,256,0.2047244094488189,127,26,14
P2754,basketball-court,0,1.0,8,8,7
P2754,basketball-court,16,1.0,8,8,7
P2754,basketball-court,64,1.0,8,8,7
P2754,basketball-court,256,1.0,8,8,4
P2754,ground-track-field,0,1.0,2,2,13
P2754,ground-track-field,16,1.0,2,2,13
P2754,ground-track-field,64,1.0,2,2,13
P2754,ground-track-field,256,1.0,2,2,13
P2754,large-vehicle,0,1.0,33,33,42
P2754,large-vehicle,16,1.0,33,33,35
P2754,large-vehicle,64,0.24242424242424243,33,8,8
P2754,large-vehicle,256,0.0,33,0,0
P2754,small-vehicle,0,0.998703823720026,1543,1541,96
P2754,small-vehicle,16,0.9390797148412184,1543,1449,75
P2754,small-vehicle,64,0.0,1543,0,0
P2754,small-vehicle,256,0.0,1543,0,0
P2754,soccer-ball-field,0,1.0,1,1,8
P2754,soccer-ball-field,16,1.0,1,1,8
P2754,soccer-ball-field,64,1.0,1,1,8
P2754,soccer-ball-field,256,1.0,1,1,8
P2754,storage-tank,0,1.0,65,65,24
P2754,storage-tank,16,0.9384615384615385,65,61,22
P2754,storage-tank,64,0.6,65,39,16
P2754,storage-tank,256,0.2,65,13,7
P2754,tennis-court,0,1.0,14,14,19
P2754,tennis-court,16,1.0,14,14,19
P2754,tennis-court,64,1.0,14,14,17
P2754,tennis-court,256,0.8571428571428571,14,12,5
P2758,bridge,0,1.0,2,2,5
P2758,bridge,16,1.0,2,2,5
P2758,bridge,64,1.0,2,2,5
P2758,bridge,256,1.0,2,2,5
P2758,large-vehicle,0,1.0,43,43,46
P2758,large-vehicle,16,0.9767441860465116,43,42,39
P2758,large-vehicle,64,0.4186046511627907,43,18,18
P2758,large-vehicle,256,0.0,43,0,0
P2758,ship,0,0.98,50,49,45
P2758,ship,16,0.82,50,41,45
P2758,ship,64,0.74,50,37,43
P2758,ship,256,0.34,50,17,36
P2758,small-vehicle,0,0.9972426470588235,1088,1085,77
P2758,small-vehicle,16,0.8152573529411765,1088,887,53
P2758,small-vehicle,64,0.0,1088,0,0
P2758,small-vehicle,256,0.0,1088,0,0
P2758,storage-tank,0,1.0,3,3,3
P2758,storage-tank,16,1.0,3,3,2
P2758,storage-tank,64,0.0,3,0,0
P2758,storage-tank,256,0.0,3,0,0
P2766,bridge,0,0.0,1,0,0
P2766,bridge,16,0.0,1,0,0
P2766,bridge,64,0.0,1,0,0
P2766,bridge,256,0.0,1,0,0
P2766,large-vehicle,0,0.8421052631578947,19,16,21
P2766,large-vehicle,16,0.8421052631578947,19,16,21
P2766,large-vehicle,64,0.631578947368421,19,12,9
P2766,large-vehicle,256,0.0,19,0,0
P2766,ship,0,0.0,4,0,0
P2766,ship,16,0.0,4,0,0
P2766,ship,64,0.0,4,0,0
P2766,ship,256,0.0,4,0,0
P2766,storage-tank,0,0.7894736842105263,380,300,48
P2766,storage-tank,16,0.7,380,266,45
P2766,storage-tank,64,0.4342105263157895,380,165,38
P2766,storage-tank,256,0.12368421052631579,380,47,25
P2768,baseball-diamond,0,1.0,1,1,6
P2768,baseball-diamond,16,1.0,1,1,6
P2768,baseball-diamond,64,1.0,1,1,6
P2768,baseball-diamond,256,1.0,1,1,6
P2768,basketball-court,0,1.0,6,6,6
P2768,basketball-court,16,1.0,6,6,6
P2768,basketball-court,64,1.0,6,6,2
P2768,basketball-court,256,0.0,6,0,0
P2768,ground-track-field,0,1.0,1,1,6
P2768,ground-track-field,16,1.0,1,1,6
P2768,ground-track-field,64,1.0,1,1,6
P2768,ground-track-field,256,1.0,1,1,6
P2768,swimming-pool,0,1.0,1,1,4
P2768,swimming-pool,16,1.0,1,1,4
P2768,swimming-pool,64,1.0,1,1,4
P2768,swimming-pool,256,1.0,1,1,2
P2768,tennis-court,0,1.0,6,6,6
P2768,tennis-court,16,1.0,6,6,6
P2768,tennis-court,64,1.0,6,6,4
P2768,tennis-court,256,0.0,6,0,0
P2771,harbor,0,1.0,3,3,13
P2771,harbor,16,1.0,3,3,13
P2771,harbor,64,1.0,3,3,13
P2771,harbor,256,1.0,3,3,11
P2771,ship,0,1.0,152,152,19
P2771,ship,16,1.0,152,152,19
P2771,ship,64,0.3223684210526316,152,49,14
P2771,ship,256,0.02631578947368421,152,4,5
P2778,plane,0,1.0,15,15,45
P2778,plane,16,1.0,15,15,45
P2778,plane,64,1.0,15,15,45
P2778,plane,256,1.0,15,15,45
P2779,large-vehicle,0,1.0,37,37,20
P2779,large-vehicle,16,1.0,37,37,20
P2779,large-vehicle,64,1.0,37,37,20
P2779,large-vehicle,256,0.9459459459459459,37,35,16
P2779,small-vehicle,0,1.0,31,31,19
P2779,small-vehicle,16,1.0,31,31,19
P2779,small-vehicle,64,1.0,31,31,15
P2779,small-vehicle,256,0.0,31,0,0
P2781,large-vehicle,0,1.0,144,144,45
P2781,large-vehicle,16,1.0,144,144,45
P2781,large-vehicle,64,1.0,144,144,45
P2781,large-vehicle,256,1.0,144,144,36
P2781,small-vehicle,0,1.0,128,128,55
P2781,small-vehicle,16,1.0,128,128,55
P2781,small-vehicle,64,1.0,128,128,46
P2781,small-vehicle,256,0.0390625,128,5,7
P2781,soccer-ball-field,0,1.0,1,1,6
P2781,soccer-ball-field,16,1.0,1,1,6
P2781,soccer-ball-field,64,1.0,1,1,6
P2781,soccer-ball-field,256,1.0,1,1,6
P2789,harbor,0,1.0,3,3,8
P2789,harbor,16,1.0,3,3,8
P2789,harbor,64,1.0,3,3,8
P2789,harbor,256,1.0,3,3,8
P2789,large-vehicle,0,1.0,2,2,7
P2789,large-vehicle,16,1.0,2,2,7
P2789,large-vehicle,64,1.0,2,2,6
P2789,large-vehicle,256,1.0,2,2,3
P2789,ship,0,1.0,53,53,58
P2789,ship,16,1.0,53,53,58
P2789,ship,64,1.0,53,53,58
P2789,ship,256,0.6792452830188679,53,36,53
P2789,small-vehicle,0,1.0,58,58,44
P2789,small-vehicle,16,1.0,58,58,44
P2789,small-vehicle,64,1.0,58,58,32
P2789,small-vehicle,256,0.017241379310344827,58,1,2
P2791,helicopter,0,1.0,2,2,4
P2791,helicopter,16,1.0,2,2,4
P2791,helicopter,64,1.0,2,2,4
P2791,helicopter,256,1.0,2,2,4
P2791,plane,0,1.0,22,22,46
P2791,plane,16,1.0,22,22,46
P2791,plane,64,1.0,22,22,46
P2791,plane,256,1.0,22,22,46
P2794,ground-track-field,0,1.0,1,1,4
P2794,ground-track-field,16,1.0,1,1,4
P2794,ground-track-field,64,1.0,1,1,4
P2794,ground-track-field,256,1.0,1,1,4
P2794,large-vehicle,0,1.0,1,1,3
P2794,large-vehicle,16,1.0,1,1,3
P2794,large-vehicle,64,1.0,1,1,3
P2794,large-vehicle,256,1.0,1,1,2
P2794,ship,0,1.0,54,54,49
P2794,ship,16,1.0,54,54,49
P2794,ship,64,1.0,54,54,45
P2794,ship,256,0.6666666666666666,54,36,35
P2794,small-vehicle,0,0.9333333333333333,135,126,44
P2794,small-vehicle,16,0.9333333333333333,135,126,44
P2794,small-vehicle,64,0.8592592592592593,135,116,30
P2794,small-vehicle,256,0.022222222222222223,135,3,3
P2802,large-vehicle,0,0.6176470588235294,34,21,15
P2802,large-vehicle,16,0.6176470588235294,34,21,15
P2802,large-vehicle,64,0.5882352941176471,34,20,11
P2802,large-vehicle,256,0.029411764705882353,34,1,1
P2802,plane,0,1.0,32,32,64
P2802,plane,16,1.0,32,32,64
P2802,plane,64,1.0,32,32,64
P2802,plane,256,1.0,32,32,64
P2802,roundabout,0,1.0,2,2,9
P2802,roundabout,16,1.0,2,2,9
P2802,roundabout,64,1.0,2,2,9
P2802,roundabout,256,1.0,2,2,9
P2802,small-vehicle,0,0.8936688311688312,1232,1101,79
P2802,small-vehicle,16,0.864448051948052,1232,1065,71
P2802,small-vehicle,64,0.012987012987012988,1232,16,17
P2802,small-vehicle,256,0.0,1232,0,0
