image_id,class_name,threshold,object_recall_bound,target_objects,available_objects,qualified_patches
00249,airplane,0,1.0,26,26,14
00249,airplane,16,1.0,26,26,14
00249,airplane,64,0.6923076923076923,26,18,12
00249,airplane,256,0.11538461538461539,26,3,3
00249,helicopter,0,1.0,1,1,2
00249,helicopter,16,1.0,1,1,2
00249,helicopter,64,1.0,1,1,1
00249,helicopter,256,0.0,1,0,0
00249,large-vehicle,0,1.0,12,12,15
00249,large-vehicle,16,0.4166666666666667,12,5,4
00249,large-vehicle,64,0.0,12,0,0
00249,large-vehicle,256,0.0,12,0,0
00249,small-vehicle,0,0.9983844911147012,619,618,37
00249,small-vehicle,16,0.0032310177705977385,619,2,3
00249,small-vehicle,64,0.0,619,0,0
00249,small-vehicle,256,0.0,619,0,0
00249,storage-tank,0,1.0,2,2,3
00249,storage-tank,16,1.0,2,2,2
00249,storage-tank,64,0.0,2,0,0
00249,storage-tank,256,0.0,2,0,0
00249,swimming-pool,0,1.0,2,2,3
00249,swimming-pool,16,1.0,2,2,3
00249,swimming-pool,64,0.5,2,1,2
00249,swimming-pool,256,0.0,2,0,0
00252,windmill,0,0.9811320754716981,106,104,89
00252,windmill,16,0.9811320754716981,106,104,89
00252,windmill,64,0.9245283018867925,106,98,69
00252,windmill,256,0.0,106,0,0
00256,container,0,1.0,24,24,23
00256,container,16,1.0,24,24,11
00256,container,64,0.0,24,0,0
00256,container,256,0.0,24,0,0
00256,large-vehicle,0,1.0,71,71,51
00256,large-vehicle,16,0.9436619718309859,71,67,37
00256,large-vehicle,64,0.014084507042253521,71,1,1
00256,large-vehicle,256,0.0,71,0,0
00256,ship,0,1.0,5,5,9
00256,ship,16,1.0,5,5,6
00256,ship,64,0.4,5,2,1
00256,ship,256,0.0,5,0,0
00256,small-vehicle,0,0.9941613588110403,1884,1873,67
00256,small-vehicle,16,0.01751592356687898,1884,33,21
00256,small-vehicle,64,0.0,1884,0,0
00256,small-vehicle,256,0.0,1884,0,0
00256,storage-tank,0,1.0,53,53,8
00256,storage-tank,16,1.0,53,53,8
00256,storage-tank,64,0.41509433962264153,53,22,5
00256,storage-tank,256,0.018867924528301886,53,1,1
00257,container,0,1.0,304,304,39
00257,container,16,1.0,304,304,39
00257,container,64,0.9703947368421053,304,295,23
00257,container,256,0.0,304,0,0
00257,large-vehicle,0,1.0,13,13,23
00257,large-vehicle,16,1.0,13,13,23
00257,large-vehicle,64,1.0,13,13,11
00257,large-vehicle,256,0.0,13,0,0
00257,small-vehicle,0,1.0,700,700,37
00257,small-vehicle,16,1.0,700,700,27
00257,small-vehicle,64,0.002857142857142857,700,2,3
00257,small-vehicle,256,0.0,700,0,0
00262,container,0,1.0,24,24,4
00262,container,16,0.20833333333333334,24,5,2
00262,container,64,0.0,24,0,0
00262,container,256,0.0,24,0,0
00262,large-vehicle,0,1.0,9,9,18
00262,large-vehicle,16,0.8888888888888888,9,8,7
00262,large-vehicle,64,0.0,9,0,0
00262,large-vehicle,256,0.0,9,0,0
00262,small-vehicle,0,0.988950276243094,181,179,55
00262,small-vehicle,16,0.022099447513812154,181,4,2
00262,small-vehicle,64,0.0,181,0,0
00262,small-vehicle,256,0.0,181,0,0
00262,storage-tank,0,1.0,24,24,4
00262,storage-tank,16,1.0,24,24,4
00262,storage-tank,64,0.7083333333333334,24,17,4
00262,storage-tank,256,0.08333333333333333,24,2,2
00266,airplane,0,1.0,14,14,14
00266,airplane,16,1.0,14,14,14
00266,airplane,64,1.0,14,14,12
00266,airplane,256,0.14285714285714285,14,2,6
00266,container,0,1.0,1,1,4
00266,container,16,1.0,1,1,3
00266,container,64,0.0,1,0,0
00266,container,256,0.0,1,0,0
00266,large-vehicle,0,1.0,14,14,20
00266,large-vehicle,16,1.0,14,14,20
00266,large-vehicle,64,0.9285714285714286,14,13,13
00266,large-vehicle,256,0.0,14,0,0
00266,ship,0,1.0,2,2,4
00266,ship,16,1.0,2,2,2
00266,ship,64,0.0,2,0,0
00266,ship,256,0.0,2,0,0
00266,small-vehicle,0,1.0,613,613,78
00266,small-vehicle,16,0.9086460032626428,613,557,64
00266,small-vehicle,64,0.0016313213703099511,613,1,2
00266,small-vehicle,256,0.0,613,0,0
00266,swimming-pool,0,1.0,5,5,12
00266,swimming-pool,16,1.0,5,5,11
00266,swimming-pool,64,0.8,5,4,6
00266,swimming-pool,256,0.0,5,0,0
00269,windmill,0,1.0,23,23,49
00269,windmill,16,1.0,23,23,48
00269,windmill,64,0.9130434782608695,23,21,28
00269,windmill,256,0.043478260869565216,23,1,2
00283,large-vehicle,0,1.0,10,10,22
00283,large-vehicle,16,1.0,10,10,20
00283,large-vehicle,64,0.7,10,7,10
00283,large-vehicle,256,0.1,10,1,1
00283,small-vehicle,0,1.0,3818,3818,76
00283,small-vehicle,16,1.0,3818,3818,67
00283,small-vehicle,64,0.00497642744892614,3818,19,13
00283,small-vehicle,256,0.0,3818,0,0
00284,airplane,0,1.0,141,141,52
00284,airplane,16,0.9574468085106383,141,135,52
00284,airplane,64,0.7021276595744681,141,99,43
00284,airplane,256,0.11347517730496454,141,16,12
00284,storage-tank,0,1.0,21,21,4
00284,storage-tank,16,1.0,21,21,4
00284,storage-tank,64,0.5238095238095238,21,11,3
00284,storage-tank,256,0.0,21,0,0
00286,large-vehicle,0,1.0,16,16,21
00286,large-vehicle,16,1.0,16,16,21
00286,large-vehicle,64,1.0,16,16,16
00286,large-vehicle,256,0.125,16,2,4
00286,small-vehicle,0,1.0,101,101,57
00286,small-vehicle,16,1.0,101,101,45
00286,small-vehicle,64,0.019801980198019802,101,2,3
00286,small-vehicle,256,0.0,101,0,0
00286,swimming-pool,0,1.0,5,5,20
00286,swimming-pool,16,1.0,5,5,20
00286,swimming-pool,64,1.0,5,5,15
00286,swimming-pool,256,0.2,5,1,2
00294,windmill,0,1.0,20,20,34
00294,windmill,16,1.0,20,20,34
00294,windmill,64,1.0,20,20,26
00294,windmill,256,0.15,20,3,4
00300,windmill,0,1.0,10,10,26
00300,windmill,16,1.0,10,10,25
00300,windmill,64,0.9,10,9,13
00300,windmill,256,0.2,10,2,2
00305,windmill,0,1.0,67,67,72
00305,windmill,16,1.0,67,67,72
00305,windmill,64,0.8805970149253731,67,59,51
00305,windmill,256,0.0,67,0,0
00310,airplane,0,1.0,12,12,13
00310,airplane,16,1.0,12,12,13
00310,airplane,64,0.8333333333333334,12,10,7
00310,airplane,256,0.08333333333333333,12,1,1
00310,large-vehicle,0,1.0,1,1,2
00310,large-vehicle,16,1.0,1,1,2
00310,large-vehicle,64,1.0,1,1,1
00310,large-vehicle,256,0.0,1,0,0
00310,small-vehicle,0,1.0,219,219,9
00310,small-vehicle,16,0.3881278538812785,219,85,6
00310,small-vehicle,64,0.0,219,0,0
00310,small-vehicle,256,0.0,219,0,0
00310,storage-tank,0,1.0,1,1,2
00310,storage-tank,16,1.0,1,1,2
00310,storage-tank,64,1.0,1,1,2
00310,storage-tank,256,1.0,1,1,1
00312,airplane,0,1.0,171,171,23
00312,airplane,16,0.9941520467836257,171,170,23
00312,airplane,64,0.543859649122807,171,93,18
00312,airplane,256,0.1111111111111111,171,19,7
00312,container,0,1.0,68,68,13
00312,container,16,1.0,68,68,7
00312,container,64,0.0,68,0,0
00312,container,256,0.0,68,0,0
00312,large-vehicle,0,1.0,129,129,23
00312,large-vehicle,16,0.7751937984496124,129,100,14
00312,large-vehicle,64,0.007751937984496124,129,1,1
00312,large-vehicle,256,0.0,129,0,0
00312,small-vehicle,0,1.0,58,58,14
00312,small-vehicle,16,0.0,58,0,0
00312,small-vehicle,64,0.0,58,0,0
00312,small-vehicle,256,0.0,58,0,0
00312,storage-tank,0,1.0,1,1,5
00312,storage-tank,16,1.0,1,1,5
00312,storage-tank,64,1.0,1,1,1
00312,storage-tank,256,0.0,1,0,0
00328,airplane,0,1.0,9,9,13
00328,airplane,16,1.0,9,9,13
00328,airplane,64,1.0,9,9,7
00328,airplane,256,0.0,9,0,0
00328,container,0,1.0,4,4,10
00328,container,16,1.0,4,4,10
00328,container,64,1.0,4,4,6
00328,container,256,0.0,4,0,0
00328,large-vehicle,0,1.0,41,41,35
00328,large-vehicle,16,1.0,41,41,33
00328,large-vehicle,64,0.9024390243902439,41,37,20
00328,large-vehicle,256,0.0,41,0,0
00328,small-vehicle,0,1.0,349,349,72
00328,small-vehicle,16,0.994269340974212,349,347,53
00328,small-vehicle,64,0.02865329512893983,349,10,4
00328,small-vehicle,256,0.0,349,0,0
00328,swimming-pool,0,1.0,1,1,8
00328,swimming-pool,16,1.0,1,1,8
00328,swimming-pool,64,1.0,1,1,8
00328,swimming-pool,256,1.0,1,1,4
00331,container,0,1.0,5,5,10
00331,container,16,1.0,5,5,8
00331,container,64,0.6,5,3,3
00331,container,256,0.0,5,0,0
00331,large-vehicle,0,1.0,2,2,7
00331,large-vehicle,16,1.0,2,2,7
00331,large-vehicle,64,1.0,2,2,4
00331,large-vehicle,256,0.0,2,0,0
00331,small-vehicle,0,1.0,13,13,22
00331,small-vehicle,16,1.0,13,13,13
00331,small-vehicle,64,0.0,13,0,0
00331,small-vehicle,256,0.0,13,0,0
00331,storage-tank,0,1.0,9,9,11
00331,storage-tank,16,1.0,9,9,7
00331,storage-tank,64,0.6666666666666666,9,6,2
00331,storage-tank,256,0.0,9,0,0
00339,airplane,0,1.0,8,8,16
00339,airplane,16,1.0,8,8,16
00339,airplane,64,0.875,8,7,10
00339,airplane,256,0.0,8,0,0
00339,container,0,1.0,72,72,20
00339,container,16,0.9583333333333334,72,69,12
00339,container,64,0.1527777777777778,72,11,4
00339,container,256,0.0,72,0,0
00339,large-vehicle,0,1.0,1,1,4
00339,large-vehicle,16,1.0,1,1,2
00339,large-vehicle,64,0.0,1,0,0
00339,large-vehicle,256,0.0,1,0,0
00339,ship,0,1.0,1,1,6
00339,ship,16,0.0,1,0,0
00339,ship,64,0.0,1,0,0
00339,ship,256,0.0,1,0,0
00339,small-vehicle,0,0.9885057471264368,174,172,32
00339,small-vehicle,16,0.1206896551724138,174,21,15
00339,small-vehicle,64,0.0,174,0,0
00339,small-vehicle,256,0.0,174,0,0
00339,storage-tank,0,1.0,1,1,2
00339,storage-tank,16,1.0,1,1,2
00339,storage-tank,64,1.0,1,1,1
00339,storage-tank,256,0.0,1,0,0
00339,swimming-pool,0,1.0,1,1,3
00339,swimming-pool,16,1.0,1,1,3
00339,swimming-pool,64,1.0,1,1,2
00339,swimming-pool,256,0.0,1,0,0
00343,container,0,1.0,24,24,20
00343,container,16,1.0,24,24,20
00343,container,64,0.7916666666666666,24,19,7
00343,container,256,0.0,24,0,0
00343,large-vehicle,0,1.0,12,12,22
00343,large-vehicle,16,1.0,12,12,21
00343,large-vehicle,64,0.8333333333333334,12,10,11
00343,large-vehicle,256,0.0,12,0,0
00343,small-vehicle,0,0.9844559585492227,386,380,78
00343,small-vehicle,16,0.9689119170984456,386,374,59
00343,small-vehicle,64,0.0,386,0,0
00343,small-vehicle,256,0.0,386,0,0
00356,airplane,0,1.0,88,88,28
00356,airplane,16,0.9772727272727273,88,86,28
00356,airplane,64,0.6818181818181818,88,60,19
00356,airplane,256,0.06818181818181818,88,6,3
00356,container,0,1.0,7,7,8
00356,container,16,0.2857142857142857,7,2,2
00356,container,64,0.0,7,0,0
00356,container,256,0.0,7,0,0
00356,helicopter,0,1.0,2,2,6
00356,helicopter,16,1.0,2,2,6
00356,helicopter,64,1.0,2,2,6
00356,helicopter,256,0.5,2,1,1
00356,large-vehicle,0,1.0,11,11,8
00356,large-vehicle,16,1.0,11,11,6
00356,large-vehicle,64,0.0,11,0,0
00356,large-vehicle,256,0.0,11,0,0
00356,small-vehicle,0,0.9763313609467456,169,165,39
00356,small-vehicle,16,0.011834319526627219,169,2,2
00356,small-vehicle,64,0.0,169,0,0
00356,small-vehicle,256,0.0,169,0,0
00356,storage-tank,0,1.0,5,5,10
00356,storage-tank,16,1.0,5,5,10
00356,storage-tank,64,0.6,5,3,6
00356,storage-tank,256,0.0,5,0,0
00359,windmill,0,1.0,13,13,27
00359,windmill,16,1.0,13,13,27
00359,windmill,64,1.0,13,13,18
00359,windmill,256,0.15384615384615385,13,2,2
00380,windmill,0,1.0,66,66,85
00380,windmill,16,1.0,66,66,85
00380,windmill,64,0.9696969696969697,66,64,64
00380,windmill,256,0.0,66,0,0
00384,container,0,1.0,51,51,35
00384,container,16,1.0,51,51,35
00384,container,64,0.9803921568627451,51,50,20
00384,container,256,0.0,51,0,0
00384,large-vehicle,0,1.0,233,233,73
00384,large-vehicle,16,1.0,233,233,73
00384,large-vehicle,64,0.9914163090128756,233,231,66
00384,large-vehicle,256,0.3948497854077253,233,92,24
00384,small-vehicle,0,1.0,443,443,83
00384,small-vehicle,16,0.9729119638826185,443,431,73
00384,small-vehicle,64,0.056433408577878104,443,25,16
00384,small-vehicle,256,0.0,443,0,0
00384,swimming-pool,0,1.0,1,1,5
00384,swimming-pool,16,1.0,1,1,5
00384,swimming-pool,64,1.0,1,1,3
00384,swimming-pool,256,0.0,1,0,0
00392,windmill,0,1.0,38,38,77
00392,windmill,16,1.0,38,38,77
00392,windmill,64,1.0,38,38,73
00392,windmill,256,0.5263157894736842,38,20,27
00406,windmill,0,1.0,18,18,37
00406,windmill,16,1.0,18,18,37
00406,windmill,64,1.0,18,18,22
00406,windmill,256,0.0,18,0,0
00417,windmill,0,1.0,103,103,56
00417,windmill,16,1.0,103,103,56
00417,windmill,64,0.9029126213592233,103,93,48
00417,windmill,256,0.07766990291262135,103,8,11
00423,windmill,0,0.9955022488755623,667,664,98
00423,windmill,16,0.9310344827586207,667,621,97
00423,windmill,64,0.3748125937031484,667,250,73
00423,windmill,256,0.004497751124437781,667,3,3
00448,airplane,0,1.0,7,7,9
00448,airplane,16,1.0,7,7,8
00448,airplane,64,0.7142857142857143,7,5,5
00448,airplane,256,0.0,7,0,0
00448,large-vehicle,0,1.0,1,1,2
00448,large-vehicle,16,0.0,1,0,0
00448,large-vehicle,64,0.0,1,0,0
00448,large-vehicle,256,0.0,1,0,0
00448,small-vehicle,0,1.0,8,8,4
00448,small-vehicle,16,0.0,8,0,0
00448,small-vehicle,64,0.0,8,0,0
00448,small-vehicle,256,0.0,8,0,0
00459,airplane,0,1.0,30,30,26
00459,airplane,16,1.0,30,30,26
00459,airplane,64,0.7,30,21,22
00459,airplane,256,0.1,30,3,5
00459,large-vehicle,0,1.0,9,9,5
00459,large-vehicle,16,0.1111111111111111,9,1,1
00459,large-vehicle,64,0.0,9,0,0
00459,large-vehicle,256,0.0,9,0,0
00459,small-vehicle,0,1.0,107,107,26
00459,small-vehicle,16,0.028037383177570093,107,3,4
00459,small-vehicle,64,0.0,107,0,0
00459,small-vehicle,256,0.0,107,0,0
00462,windmill,0,1.0,20,20,46
00462,windmill,16,1.0,20,20,46
00462,windmill,64,1.0,20,20,37
00462,windmill,256,0.5,20,10,13
00468,windmill,0,1.0,27,27,27
00468,windmill,16,1.0,27,27,27
00468,windmill,64,0.8888888888888888,27,24,19
00468,windmill,256,0.037037037037037035,27,1,1
00481,airplane,0,1.0,28,28,8
00481,airplane,16,1.0,28,28,8
00481,airplane,64,1.0,28,28,6
00481,airplane,256,0.0,28,0,0
00481,helicopter,0,1.0,1,1,2
00481,helicopter,16,1.0,1,1,2
00481,helicopter,64,1.0,1,1,2
00481,helicopter,256,1.0,1,1,1
00481,large-vehicle,0,1.0,2,2,7
00481,large-vehicle,16,1.0,2,2,4
00481,large-vehicle,64,0.0,2,0,0
00481,large-vehicle,256,0.0,2,0,0
00481,small-vehicle,0,1.0,163,163,26
00481,small-vehicle,16,0.4601226993865031,163,75,16
00481,small-vehicle,64,0.0,163,0,0
00481,small-vehicle,256,0.0,163,0,0
00488,windmill,0,1.0,83,83,83
00488,windmill,16,1.0,83,83,83
00488,windmill,64,0.927710843373494,83,77,78
00488,windmill,256,0.1927710843373494,83,16,18
00490,windmill,0,0.98,50,49,65
00490,windmill,16,0.98,50,49,65
00490,windmill,64,0.94,50,47,54
00490,windmill,256,0.12,50,6,10
00493,windmill,0,1.0,13,13,26
00493,windmill,16,1.0,13,13,26
00493,windmill,64,1.0,13,13,20
00493,windmill,256,0.15384615384615385,13,2,4
00498,airplane,0,1.0,15,15,19
00498,airplane,16,1.0,15,15,19
00498,airplane,64,1.0,15,15,15
00498,airplane,256,0.26666666666666666,15,4,4
00498,container,0,1.0,39,39,15
00498,container,16,0.7692307692307693,39,30,8
00498,container,64,0.0,39,0,0
00498,container,256,0.0,39,0,0
00498,large-vehicle,0,1.0,38,38,35
00498,large-vehicle,16,0.868421052631579,38,33,26
00498,large-vehicle,64,0.18421052631578946,38,7,8
00498,large-vehicle,256,0.0,38,0,0
00498,small-vehicle,0,0.8560741004631279,2807,2403,73
00498,small-vehicle,16,0.003918774492340577,2807,11,10
00498,small-vehicle,64,0.0,2807,0,0
00498,small-vehicle,256,0.0,2807,0,0
00498,swimming-pool,0,1.0,204,204,71
00498,swimming-pool,16,0.9901960784313726,204,202,62
00498,swimming-pool,64,0.014705882352941176,204,3,10
00498,swimming-pool,256,0.0,204,0,0
00502,airplane,0,1.0,30,30,10
00502,airplane,16,1.0,30,30,10
00502,airplane,64,1.0,30,30,9
00502,airplane,256,0.03333333333333333,30,1,2
00502,container,0,1.0,14,14,11
00502,container,16,1.0,14,14,6
00502,container,64,0.0,14,0,0
00502,container,256,0.0,14,0,0
00502,large-vehicle,0,1.0,5,5,18
00502,large-vehicle,16,1.0,5,5,11
00502,large-vehicle,64,0.0,5,0,0
00502,large-vehicle,256,0.0,5,0,0
00502,ship,0,1.0,87,87,34
00502,ship,16,0.9770114942528736,87,85,24
00502,ship,64,0.05747126436781609,87,5,6
00502,ship,256,0.011494252873563218,87,1,2
00502,small-vehicle,0,1.0,178,178,38
00502,small-vehicle,16,0.6741573033707865,178,120,23
00502,small-vehicle,64,0.0,178,0,0
00502,small-vehicle,256,0.0,178,0,0
00502,swimming-pool,0,1.0,2,2,5
00502,swimming-pool,16,1.0,2,2,5
00502,swimming-pool,64,1.0,2,2,4
00502,swimming-pool,256,0.5,2,1,2
00510,airplane,0,1.0,26,26,24
00510,airplane,16,1.0,26,26,24
00510,airplane,64,0.9615384615384616,26,25,17
00510,airplane,256,0.0,26,0,0
00510,small-vehicle,0,1.0,407,407,28
00510,small-vehicle,16,0.9213759213759214,407,375,14
00510,small-vehicle,64,0.0,407,0,0
00510,small-vehicle,256,0.0,407,0,0
00514,airplane,0,1.0,136,136,39
00514,airplane,16,0.9852941176470589,136,134,38
00514,airplane,64,0.9632352941176471,136,131,29
00514,airplane,256,0.03676470588235294,136,5,4
00514,storage-tank,0,1.0,8,8,3
00514,storage-tank,16,1.0,8,8,3
00514,storage-tank,64,1.0,8,8,1
00514,storage-tank,256,0.0,8,0,0
00529,windmill,0,1.0,55,55,76
00529,windmill,16,1.0,55,55,76
00529,windmill,64,0.9818181818181818,55,54,60
00529,windmill,256,0.03636363636363636,55,2,4
00530,airplane,0,1.0,20,20,13
00530,airplane,16,1.0,20,20,13
00530,airplane,64,1.0,20,20,6
00530,airplane,256,0.0,20,0,0
00530,container,0,1.0,3,3,5
00530,container,16,1.0,3,3,3
00530,container,64,0.3333333333333333,3,1,1
00530,container,256,0.0,3,0,0
00530,large-vehicle,0,1.0,4,4,8
00530,large-vehicle,16,1.0,4,4,5
00530,large-vehicle,64,0.0,4,0,0
00530,large-vehicle,256,0.0,4,0,0
00530,small-vehicle,0,0.9845679012345679,324,319,48
00530,small-vehicle,16,0.5370370370370371,324,174,31
00530,small-vehicle,64,0.0,324,0,0
00530,small-vehicle,256,0.0,324,0,0
00538,windmill,0,1.0,47,47,40
00538,windmill,16,1.0,47,47,40
00538,windmill,64,0.9787234042553191,47,46,23
00538,windmill,256,0.0,47,0,0
00550,airplane,0,1.0,125,125,45
00550,airplane,16,0.992,125,124,45
00550,airplane,64,0.464,125,58,34
00550,airplane,256,0.04,125,5,6
00550,swimming-pool,0,1.0,5,5,10
00550,swimming-pool,16,1.0,5,5,5
00550,swimming-pool,64,0.0,5,0,0
00550,swimming-pool,256,0.0,5,0,0
00553,airplane,0,1.0,9,9,14
00553,airplane,16,1.0,9,9,14
00553,airplane,64,1.0,9,9,11
00553,airplane,256,0.0,9,0,0
00553,helicopter,0,1.0,5,5,7
00553,helicopter,16,1.0,5,5,7
00553,helicopter,64,1.0,5,5,4
00553,helicopter,256,0.0,5,0,0
00553,large-vehicle,0,1.0,4,4,10
00553,large-vehicle,16,1.0,4,4,5
00553,large-vehicle,64,0.0,4,0,0
00553,large-vehicle,256,0.0,4,0,0
00553,small-vehicle,0,1.0,178,178,19
00553,small-vehicle,16,0.20224719101123595,178,36,11
00553,small-vehicle,64,0.0,178,0,0
00553,small-vehicle,256,0.0,178,0,0
00553,storage-tank,0,1.0,1,1,2
00553,storage-tank,16,1.0,1,1,2
00553,storage-tank,64,1.0,1,1,2
00553,storage-tank,256,1.0,1,1,1
00553,swimming-pool,0,1.0,2,2,4
00553,swimming-pool,16,1.0,2,2,4
00553,swimming-pool,64,1.0,2,2,2
00553,swimming-pool,256,0.0,2,0,0
00557,ship,0,1.0,1,1,3
00557,ship,16,1.0,1,1,3
00557,ship,64,1.0,1,1,2
00557,ship,256,0.0,1,0,0
00557,small-vehicle,0,1.0,1165,1165,95
00557,small-vehicle,16,0.91931330472103,1165,1071,76
00557,small-vehicle,64,0.002575107296137339,1165,3,4
00557,small-vehicle,256,0.0,1165,0,0
00557,storage-tank,0,1.0,1,1,2
00557,storage-tank,16,1.0,1,1,1
00557,storage-tank,64,0.0,1,0,0
00557,storage-tank,256,0.0,1,0,0
00557,swimming-pool,0,1.0,182,182,92
00557,swimming-pool,16,1.0,182,182,92
00557,swimming-pool,64,0.978021978021978,182,178,75
00557,swimming-pool,256,0.027472527472527472,182,5,7
00562,airplane,0,1.0,10,10,14
00562,airplane,16,1.0,10,10,12
00562,airplane,64,0.7,10,7,7
00562,airplane,256,0.0,10,0,0
00562,large-vehicle,0,1.0,5,5,5
00562,large-vehicle,16,1.0,5,5,5
00562,large-vehicle,64,0.2,5,1,2
00562,large-vehicle,256,0.0,5,0,0
00562,small-vehicle,0,0.9911504424778761,113,112,17
00562,small-vehicle,16,0.22123893805309736,113,25,13
00562,small-vehicle,64,0.0,113,0,0
00562,small-vehicle,256,0.0,113,0,0
00562,swimming-pool,0,1.0,1,1,3
00562,swimming-pool,16,1.0,1,1,2
00562,swimming-pool,64,0.0,1,0,0
00562,swimming-pool,256,0.0,1,0,0
00566,airplane,0,1.0,4,4,5
00566,airplane,16,1.0,4,4,5
00566,airplane,64,1.0,4,4,3
00566,airplane,256,0.0,4,0,0
00566,container,0,1.0,22,22,8
00566,container,16,1.0,22,22,7
00566,container,64,0.18181818181818182,22,4,2
00566,container,256,0.0,22,0,0
00566,large-vehicle,0,1.0,1,1,3
00566,large-vehicle,16,1.0,1,1,3
00566,large-vehicle,64,1.0,1,1,1
00566,large-vehicle,256,0.0,1,0,0
00566,small-vehicle,0,1.0,57,57,9
00566,small-vehicle,16,0.9122807017543859,57,52,5
00566,small-vehicle,64,0.0,57,0,0
00566,small-vehicle,256,0.0,57,0,0
00568,container,0,1.0,2,2,4
00568,container,16,1.0,2,2,4
00568,container,64,0.5,2,1,2
00568,container,256,0.0,2,0,0
00568,large-vehicle,0,1.0,1,1,3
00568,large-vehicle,16,1.0,1,1,3
00568,large-vehicle,64,1.0,1,1,2
00568,large-vehicle,256,0.0,1,0,0
00568,ship,0,1.0,2,2,9
00568,ship,16,1.0,2,2,7
00568,ship,64,0.5,2,1,2
00568,ship,256,0.0,2,0,0
00568,small-vehicle,0,1.0,311,311,89
00568,small-vehicle,16,0.9839228295819936,311,306,77
00568,small-vehicle,64,0.02572347266881029,311,8,13
00568,small-vehicle,256,0.0,311,0,0
00568,storage-tank,0,1.0,1,1,6
00568,storage-tank,16,1.0,1,1,4
00568,storage-tank,64,0.0,1,0,0
00568,storage-tank,256,0.0,1,0,0
00568,swimming-pool,0,0.974025974025974,77,75,84
00568,swimming-pool,16,0.974025974025974,77,75,84
00568,swimming-pool,64,0.922077922077922,77,71,66
00568,swimming-pool,256,0.09090909090909091,77,7,8
00571,small-vehicle,0,1.0,467,467,95
00571,small-vehicle,16,0.9700214132762313,467,453,74
00571,small-vehicle,64,0.0021413276231263384,467,1,1
00571,small-vehicle,256,0.0,467,0,0
00571,swimming-pool,0,1.0,72,72,89
00571,swimming-pool,16,0.9861111111111112,72,71,88
00571,swimming-pool,64,0.9027777777777778,72,65,74
00571,swimming-pool,256,0.20833333333333334,72,15,19
00572,airplane,0,1.0,27,27,28
00572,airplane,16,0.9259259259259259,27,25,26
00572,airplane,64,0.4074074074074074,27,11,16
00572,airplane,256,0.1111111111111111,27,3,4
00572,container,0,1.0,20,20,7
00572,container,16,1.0,20,20,4
00572,container,64,0.0,20,0,0
00572,container,256,0.0,20,0,0
00572,large-vehicle,0,1.0,9,9,12
00572,large-vehicle,16,0.8888888888888888,9,8,5
00572,large-vehicle,64,0.0,9,0,0
00572,large-vehicle,256,0.0,9,0,0
00572,small-vehicle,0,0.9941348973607038,682,678,32
00572,small-vehicle,16,0.0,682,0,0
00572,small-vehicle,64,0.0,682,0,0
00572,small-vehicle,256,0.0,682,0,0
00572,storage-tank,0,1.0,3,3,3
00572,storage-tank,16,1.0,3,3,3
00572,storage-tank,64,1.0,3,3,2
00572,storage-tank,256,0.0,3,0,0
00575,large-vehicle,0,1.0,5,5,9
00575,large-vehicle,16,1.0,5,5,7
00575,large-vehicle,64,0.4,5,2,3
00575,large-vehicle,256,0.0,5,0,0
00575,small-vehicle,0,1.0,320,320,95
00575,small-vehicle,16,0.96875,320,310,69
00575,small-vehicle,64,0.0,320,0,0
00575,small-vehicle,256,0.0,320,0,0
00575,storage-tank,0,1.0,4,4,10
00575,storage-tank,16,1.0,4,4,4
00575,storage-tank,64,0.0,4,0,0
00575,storage-tank,256,0.0,4,0,0
00575,swimming-pool,0,1.0,118,118,95
00575,swimming-pool,16,1.0,118,118,95
00575,swimming-pool,64,0.9915254237288136,118,117,95
00575,swimming-pool,256,0.4152542372881356,118,49,48
00599,airplane,0,1.0,18,18,13
00599,airplane,16,0.9444444444444444,18,17,12
00599,airplane,64,0.6666666666666666,18,12,9
00599,airplane,256,0.1111111111111111,18,2,4
00599,container,0,1.0,1289,1289,56
00599,container,16,0.0,1289,0,0
00599,container,64,0.0,1289,0,0
00599,container,256,0.0,1289,0,0
00599,large-vehicle,0,1.0,19,19,25
00599,large-vehicle,16,0.0,19,0,0
00599,large-vehicle,64,0.0,19,0,0
00599,large-vehicle,256,0.0,19,0,0
00599,small-vehicle,0,1.0,1,1,4
00599,small-vehicle,16,1.0,1,1,3
00599,small-vehicle,64,0.0,1,0,0
00599,small-vehicle,256,0.0,1,0,0
00599,storage-tank,0,0.45454545454545453,11,5,5
00599,storage-tank,16,0.18181818181818182,11,2,1
00599,storage-tank,64,0.0,11,0,0
00599,storage-tank,256,0.0,11,0,0
00599,swimming-pool,0,1.0,16,16,22
00599,swimming-pool,16,0.4375,16,7,8
00599,swimming-pool,64,0.0,16,0,0
00599,swimming-pool,256,0.0,16,0,0
00614,container,0,1.0,566,566,63
00614,container,16,0.2226148409893993,566,126,26
00614,container,64,0.0,566,0,0
00614,container,256,0.0,566,0,0
00614,large-vehicle,0,1.0,40,40,50
00614,large-vehicle,16,0.7,40,28,27
00614,large-vehicle,64,0.0,40,0,0
00614,large-vehicle,256,0.0,40,0,0
00614,ship,0,1.0,2,2,3
00614,ship,16,1.0,2,2,3
00614,ship,64,0.5,2,1,1
00614,ship,256,0.0,2,0,0
00614,small-vehicle,0,1.0,33,33,29
00614,small-vehicle,16,0.0,33,0,0
00614,small-vehicle,64,0.0,33,0,0
00614,small-vehicle,256,0.0,33,0,0
00614,storage-tank,0,1.0,233,233,51
00614,storage-tank,16,0.7939914163090128,233,185,43
00614,storage-tank,64,0.33047210300429186,233,77,32
00614,storage-tank,256,0.06866952789699571,233,16,7
00618,windmill,0,1.0,18,18,37
00618,windmill,16,1.0,18,18,37
00618,windmill,64,1.0,18,18,36
00618,windmill,256,0.5555555555555556,18,10,13
00619,windmill,0,1.0,208,208,70
00619,windmill,16,1.0,208,208,70
00619,windmill,64,1.0,208,208,51
00619,windmill,256,0.009615384615384616,208,2,6
00627,container,0,0.9773519163763066,1148,1122,44
00627,container,16,0.0,1148,0,0
00627,container,64,0.0,1148,0,0
00627,container,256,0.0,1148,0,0
00627,large-vehicle,0,1.0,20,20,20
00627,large-vehicle,16,0.05,20,1,4
00627,large-vehicle,64,0.0,20,0,0
00627,large-vehicle,256,0.0,20,0,0
00627,small-vehicle,0,1.0,100,100,50
00627,small-vehicle,16,0.0,100,0,0
00627,small-vehicle,64,0.0,100,0,0
00627,small-vehicle,256,0.0,100,0,0
00627,storage-tank,0,1.0,242,242,32
00627,storage-tank,16,0.9090909090909091,242,220,26
00627,storage-tank,64,0.4628099173553719,242,112,17
00627,storage-tank,256,0.028925619834710745,242,7,4
00638,airplane,0,1.0,138,138,35
00638,airplane,16,1.0,138,138,35
00638,airplane,64,0.5144927536231884,138,71,25
00638,airplane,256,0.021739130434782608,138,3,5
00638,large-vehicle,0,1.0,11,11,14
00638,large-vehicle,16,0.5454545454545454,11,6,7
00638,large-vehicle,64,0.0,11,0,0
00638,large-vehicle,256,0.0,11,0,0
00638,small-vehicle,0,1.0,239,239,37
00638,small-vehicle,16,0.0041841004184100415,239,1,1
00638,small-vehicle,64,0.0,239,0,0
00638,small-vehicle,256,0.0,239,0,0
00640,large-vehicle,0,1.0,28,28,51
00640,large-vehicle,16,1.0,28,28,51
00640,large-vehicle,64,1.0,28,28,32
00640,large-vehicle,256,0.07142857142857142,28,2,2
00640,small-vehicle,0,1.0,128,128,86
00640,small-vehicle,16,0.9921875,128,127,64
00640,small-vehicle,64,0.015625,128,2,4
00640,small-vehicle,256,0.0,128,0,0
00641,windmill,0,1.0,55,55,81
00641,windmill,16,1.0,55,55,81
00641,windmill,64,0.6363636363636364,55,35,49
00641,windmill,256,0.03636363636363636,55,2,3
00642,airplane,0,1.0,25,25,17
00642,airplane,16,1.0,25,25,17
00642,airplane,64,0.96,25,24,11
00642,airplane,256,0.24,25,6,3
00642,container,0,1.0,101,101,40
00642,container,16,0.504950495049505,101,51,28
00642,container,64,0.019801980198019802,101,2,2
00642,container,256,0.0,101,0,0
00642,large-vehicle,0,1.0,6,6,11
00642,large-vehicle,16,0.5,6,3,6
00642,large-vehicle,64,0.3333333333333333,6,2,3
00642,large-vehicle,256,0.0,6,0,0
00642,small-vehicle,0,1.0,334,334,51
00642,small-vehicle,16,0.020958083832335328,334,7,10
00642,small-vehicle,64,0.0,334,0,0
00642,small-vehicle,256,0.0,334,0,0
00642,storage-tank,0,1.0,2,2,3
00642,storage-tank,16,1.0,2,2,2
00642,storage-tank,64,0.0,2,0,0
00642,storage-tank,256,0.0,2,0,0
00647,container,0,1.0,108,108,18
00647,container,16,0.1574074074074074,108,17,7
00647,container,64,0.0,108,0,0
00647,container,256,0.0,108,0,0
00647,helicopter,0,1.0,15,15,6
00647,helicopter,16,1.0,15,15,6
00647,helicopter,64,1.0,15,15,4
00647,helicopter,256,0.0,15,0,0
00647,large-vehicle,0,1.0,100,100,20
00647,large-vehicle,16,0.76,100,76,14
00647,large-vehicle,64,0.0,100,0,0
00647,large-vehicle,256,0.0,100,0,0
00647,small-vehicle,0,0.9736842105263158,342,333,27
00647,small-vehicle,16,0.0,342,0,0
00647,small-vehicle,64,0.0,342,0,0
00647,small-vehicle,256,0.0,342,0,0
00658,large-vehicle,0,1.0,7,7,7
00658,large-vehicle,16,0.7142857142857143,7,5,2
00658,large-vehicle,64,0.0,7,0,0
00658,large-vehicle,256,0.0,7,0,0
00658,windmill,0,1.0,2,2,7
00658,windmill,16,1.0,2,2,7
00658,windmill,64,1.0,2,2,7
00658,windmill,256,1.0,2,2,3
00672,airplane,0,1.0,33,33,19
00672,airplane,16,1.0,33,33,19
00672,airplane,64,1.0,33,33,16
00672,airplane,256,0.42424242424242425,33,14,6
00672,container,0,1.0,3,3,5
00672,container,16,1.0,3,3,2
00672,container,64,0.0,3,0,0
00672,container,256,0.0,3,0,0
00672,helicopter,0,1.0,2,2,8
00672,helicopter,16,1.0,2,2,8
00672,helicopter,64,1.0,2,2,4
00672,helicopter,256,0.0,2,0,0
00672,large-vehicle,0,1.0,7,7,10
00672,large-vehicle,16,1.0,7,7,9
00672,large-vehicle,64,0.2857142857142857,7,2,2
00672,large-vehicle,256,0.0,7,0,0
00672,small-vehicle,0,1.0,512,512,25
00672,small-vehicle,16,0.001953125,512,1,2
00672,small-vehicle,64,0.0,512,0,0
00672,small-vehicle,256,0.0,512,0,0
00672,storage-tank,0,1.0,3,3,9
00672,storage-tank,16,1.0,3,3,9
00672,storage-tank,64,1.0,3,3,8
00672,storage-tank,256,0.6666666666666666,3,2,2
00685,container,0,1.0,484,484,82
00685,container,16,1.0,484,484,82
00685,container,64,0.8512396694214877,484,412,61
00685,container,256,0.0,484,0,0
00685,large-vehicle,0,1.0,136,136,73
00685,large-vehicle,16,1.0,136,136,73
00685,large-vehicle,64,0.9191176470588235,136,125,61
00685,large-vehicle,256,0.08088235294117647,136,11,14
00685,small-vehicle,0,1.0,409,409,87
00685,small-vehicle,16,0.9877750611246944,409,404,71
00685,small-vehicle,64,0.004889975550122249,409,2,3
00685,small-vehicle,256,0.0,409,0,0
00689,windmill,0,1.0,19,19,48
00689,windmill,16,1.0,19,19,48
00689,windmill,64,0.9473684210526315,19,18,37
00689,windmill,256,0.10526315789473684,19,2,7
00702,helicopter,0,1.0,3,3,3
00702,helicopter,16,1.0,3,3,3
00702,helicopter,64,1.0,3,3,2
00702,helicopter,256,0.0,3,0,0
00702,storage-tank,0,1.0,1,1,3
00702,storage-tank,16,1.0,1,1,2
00702,storage-tank,64,0.0,1,0,0
00702,storage-tank,256,0.0,1,0,0
00704,container,0,1.0,1092,1092,70
00704,container,16,0.0,1092,0,0
00704,container,64,0.0,1092,0,0
00704,container,256,0.0,1092,0,0
00704,large-vehicle,0,1.0,8,8,4
00704,large-vehicle,16,0.0,8,0,0
00704,large-vehicle,64,0.0,8,0,0
00704,large-vehicle,256,0.0,8,0,0
00704,ship,0,1.0,25,25,33
00704,ship,16,0.56,25,14,24
00704,ship,64,0.24,25,6,7
00704,ship,256,0.04,25,1,1
00704,small-vehicle,0,1.0,87,87,37
00704,small-vehicle,16,0.0,87,0,0
00704,small-vehicle,64,0.0,87,0,0
00704,small-vehicle,256,0.0,87,0,0
00704,storage-tank,0,1.0,457,457,62
00704,storage-tank,16,0.4113785557986871,457,188,48
00704,storage-tank,64,0.12691466083150985,457,58,23
00704,storage-tank,256,0.01312910284463895,457,6,8
00706,windmill,0,1.0,109,109,85
00706,windmill,16,0.981651376146789,109,107,84
00706,windmill,64,0.7798165137614679,109,85,53
00706,windmill,256,0.0,109,0,0
00707,windmill,0,1.0,15,15,46
00707,windmill,16,1.0,15,15,46
00707,windmill,64,1.0,15,15,31
00707,windmill,256,0.13333333333333333,15,2,2
00711,airplane,0,1.0,18,18,14
00711,airplane,16,1.0,18,18,14
00711,airplane,64,0.5555555555555556,18,10,5
00711,airplane,256,0.0,18,0,0
00711,container,0,0.8636363636363636,22,19,17
00711,container,16,0.6363636363636364,22,14,13
00711,container,64,0.045454545454545456,22,1,1
00711,container,256,0.0,22,0,0
00711,large-vehicle,0,1.0,3,3,14
00711,large-vehicle,16,0.3333333333333333,3,1,6
00711,large-vehicle,64,0.3333333333333333,3,1,4
00711,large-vehicle,256,0.0,3,0,0
00711,small-vehicle,0,0.9305555555555556,72,67,20
00711,small-vehicle,16,0.125,72,9,7
00711,small-vehicle,64,0.0,72,0,0
00711,small-vehicle,256,0.0,72,0,0
00724,large-vehicle,0,1.0,1,1,3
00724,large-vehicle,16,1.0,1,1,3
00724,large-vehicle,64,1.0,1,1,1
00724,large-vehicle,256,0.0,1,0,0
00724,small-vehicle,0,1.0,313,313,90
00724,small-vehicle,16,0.952076677316294,313,298,74
00724,small-vehicle,64,0.009584664536741214,313,3,5
00724,small-vehicle,256,0.0,313,0,0
00724,swimming-pool,0,1.0,341,341,94
00724,swimming-pool,16,1.0,341,341,94
00724,swimming-pool,64,0.9765395894428153,341,333,80
00724,swimming-pool,256,0.02346041055718475,341,8,12
00726,ship,0,1.0,1,1,2
00726,ship,16,1.0,1,1,1
00726,ship,64,0.0,1,0,0
00726,ship,256,0.0,1,0,0
00726,small-vehicle,0,1.0,492,492,97
00726,small-vehicle,16,0.9735772357723578,492,479,76
00726,small-vehicle,64,0.0020325203252032522,492,1,1
00726,small-vehicle,256,0.0,492,0,0
00726,swimming-pool,0,1.0,73,73,76
00726,swimming-pool,16,1.0,73,73,76
00726,swimming-pool,64,0.9452054794520548,73,69,54
00726,swimming-pool,256,0.0273972602739726,73,2,3
00731,windmill,0,1.0,23,23,37
00731,windmill,16,1.0,23,23,37
00731,windmill,64,1.0,23,23,32
00731,windmill,256,0.2608695652173913,23,6,11
00733,container,0,1.0,2,2,3
00733,container,16,1.0,2,2,3
00733,container,64,1.0,2,2,2
00733,container,256,0.0,2,0,0
00733,large-vehicle,0,1.0,6,6,18
00733,large-vehicle,16,1.0,6,6,16
00733,large-vehicle,64,0.8333333333333334,6,5,6
00733,large-vehicle,256,0.0,6,0,0
00733,small-vehicle,0,1.0,913,913,96
00733,small-vehicle,16,0.9912376779846659,913,905,74
00733,small-vehicle,64,0.001095290251916758,913,1,1
00733,small-vehicle,256,0.0,913,0,0
00737,windmill,0,1.0,25,25,44
00737,windmill,16,1.0,25,25,41
00737,windmill,64,0.8,25,20,33
00737,windmill,256,0.52,25,13,18
00740,windmill,0,1.0,50,50,67
00740,windmill,16,1.0,50,50,67
00740,windmill,64,0.94,50,47,61
00740,windmill,256,0.22,50,11,14
00746,large-vehicle,0,1.0,3,3,10
00746,large-vehicle,16,1.0,3,3,10
00746,large-vehicle,64,1.0,3,3,4
00746,large-vehicle,256,0.0,3,0,0
00746,ship,0,1.0,1,1,3
00746,ship,16,1.0,1,1,3
00746,ship,64,1.0,1,1,1
00746,ship,256,0.0,1,0,0
00746,small-vehicle,0,1.0,768,768,90
00746,small-vehicle,16,0.9908854166666666,768,761,75
00746,small-vehicle,64,0.005208333333333333,768,4,4
00746,small-vehicle,256,0.0,768,0,0
00746,swimming-pool,0,1.0,109,109,86
00746,swimming-pool,16,1.0,109,109,86
00746,swimming-pool,64,0.9724770642201835,109,106,81
00746,swimming-pool,256,0.1559633027522936,109,17,21
00749,windmill,0,1.0,31,31,40
00749,windmill,16,0.8387096774193549,31,26,40
00749,windmill,64,0.6774193548387096,31,21,26
00749,windmill,256,0.03225806451612903,31,1,1
00767,airplane,0,1.0,4,4,5
00767,airplane,16,1.0,4,4,5
00767,airplane,64,0.5,4,2,3
00767,airplane,256,0.0,4,0,0
00767,large-vehicle,0,1.0,7,7,13
00767,large-vehicle,16,1.0,7,7,7
00767,large-vehicle,64,0.14285714285714285,7,1,1
00767,large-vehicle,256,0.0,7,0,0
00767,small-vehicle,0,0.9561752988047809,251,240,34
00767,small-vehicle,16,0.11553784860557768,251,29,14
00767,small-vehicle,64,0.0,251,0,0
00767,small-vehicle,256,0.0,251,0,0
00767,swimming-pool,0,1.0,1,1,3
00767,swimming-pool,16,1.0,1,1,2
00767,swimming-pool,64,0.0,1,0,0
00767,swimming-pool,256,0.0,1,0,0
00776,airplane,0,1.0,19,19,14
00776,airplane,16,1.0,19,19,13
00776,airplane,64,0.8947368421052632,19,17,10
00776,airplane,256,0.10526315789473684,19,2,2
00776,container,0,1.0,2,2,3
00776,container,16,1.0,2,2,1
00776,container,64,0.0,2,0,0
00776,container,256,0.0,2,0,0
00776,helicopter,0,1.0,1,1,6
00776,helicopter,16,1.0,1,1,6
00776,helicopter,64,1.0,1,1,2
00776,helicopter,256,0.0,1,0,0
00776,large-vehicle,0,1.0,5,5,6
00776,large-vehicle,16,1.0,5,5,3
00776,large-vehicle,64,0.0,5,0,0
00776,large-vehicle,256,0.0,5,0,0
00776,small-vehicle,0,0.9809523809523809,105,103,35
00776,small-vehicle,16,0.6,105,63,19
00776,small-vehicle,64,0.0,105,0,0
00776,small-vehicle,256,0.0,105,0,0
00776,swimming-pool,0,1.0,3,3,8
00776,swimming-pool,16,1.0,3,3,3
00776,swimming-pool,64,0.3333333333333333,3,1,1
00776,swimming-pool,256,0.0,3,0,0
00793,airplane,0,1.0,15,15,22
00793,airplane,16,1.0,15,15,22
00793,airplane,64,1.0,15,15,20
00793,airplane,256,0.4,15,6,9
00793,container,0,1.0,1,1,4
00793,container,16,1.0,1,1,2
00793,container,64,0.0,1,0,0
00793,container,256,0.0,1,0,0
00793,large-vehicle,0,1.0,3,3,7
00793,large-vehicle,16,0.6666666666666666,3,2,3
00793,large-vehicle,64,0.0,3,0,0
00793,large-vehicle,256,0.0,3,0,0
00793,small-vehicle,0,0.9846153846153847,260,256,36
00793,small-vehicle,16,0.0,260,0,0
00793,small-vehicle,64,0.0,260,0,0
00793,small-vehicle,256,0.0,260,0,0
00797,windmill,0,1.0,38,38,67
00797,windmill,16,1.0,38,38,67
00797,windmill,64,0.9210526315789473,38,35,47
00797,windmill,256,0.07894736842105263,38,3,3
00812,container,0,1.0,1,1,2
00812,container,16,1.0,1,1,2
00812,container,64,1.0,1,1,1
00812,container,256,0.0,1,0,0
00812,large-vehicle,0,1.0,1,1,2
00812,large-vehicle,16,1.0,1,1,2
00812,large-vehicle,64,1.0,1,1,2
00812,large-vehicle,256,0.0,1,0,0
00812,small-vehicle,0,0.9934354485776805,457,454,98
00812,small-vehicle,16,0.9452954048140044,457,432,90
00812,small-vehicle,64,0.03938730853391685,457,18,26
00812,small-vehicle,256,0.0,457,0,0
00812,swimming-pool,0,1.0,98,98,78
00812,swimming-pool,16,1.0,98,98,77
00812,swimming-pool,64,0.9285714285714286,98,91,71
00812,swimming-pool,256,0.15306122448979592,98,15,22
00816,airplane,0,1.0,6,6,3
00816,airplane,16,1.0,6,6,3
00816,airplane,64,0.3333333333333333,6,2,1
00816,airplane,256,0.0,6,0,0
00816,helicopter,0,1.0,1,1,4
00816,helicopter,16,1.0,1,1,4
00816,helicopter,64,1.0,1,1,2
00816,helicopter,256,0.0,1,0,0
00816,large-vehicle,0,1.0,3,3,4
00816,large-vehicle,16,1.0,3,3,4
00816,large-vehicle,64,0.3333333333333333,3,1,1
00816,large-vehicle,256,0.0,3,0,0
00816,small-vehicle,0,1.0,261,261,9
00816,small-vehicle,16,0.24904214559386972,261,65,8
00816,small-vehicle,64,0.0,261,0,0
00816,small-vehicle,256,0.0,261,0,0
00816,storage-tank,0,1.0,2,2,6
00816,storage-tank,16,1.0,2,2,6
00816,storage-tank,64,1.0,2,2,4
00816,storage-tank,256,0.0,2,0,0
00819,airplane,0,1.0,40,40,23
00819,airplane,16,1.0,40,40,23
00819,airplane,64,0.4,40,16,10
00819,airplane,256,0.025,40,1,1
00819,container,0,1.0,2,2,6
00819,container,16,1.0,2,2,3
00819,container,64,0.0,2,0,0
00819,container,256,0.0,2,0,0
00819,large-vehicle,0,1.0,3,3,5
00819,large-vehicle,16,1.0,3,3,2
00819,large-vehicle,64,0.0,3,0,0
00819,large-vehicle,256,0.0,3,0,0
00819,small-vehicle,0,1.0,712,712,23
00819,small-vehicle,16,0.0,712,0,0
00819,small-vehicle,64,0.0,712,0,0
00819,small-vehicle,256,0.0,712,0,0
00819,storage-tank,0,1.0,1,1,3
00819,storage-tank,16,1.0,1,1,3
00819,storage-tank,64,1.0,1,1,2
00819,storage-tank,256,0.0,1,0,0
00820,airplane,0,1.0,15,15,9
00820,airplane,16,1.0,15,15,9
00820,airplane,64,0.6666666666666666,15,10,5
00820,airplane,256,0.0,15,0,0
00820,container,0,1.0,46,46,22
00820,container,16,0.5,46,23,10
00820,container,64,0.0,46,0,0
00820,container,256,0.0,46,0,0
00820,large-vehicle,0,1.0,51,51,44
00820,large-vehicle,16,0.9215686274509803,51,47,26
00820,large-vehicle,64,0.0,51,0,0
00820,large-vehicle,256,0.0,51,0,0
00820,small-vehicle,0,1.0,728,728,73
00820,small-vehicle,16,0.0027472527472527475,728,2,2
00820,small-vehicle,64,0.0,728,0,0
00820,small-vehicle,256,0.0,728,0,0
00820,swimming-pool,0,1.0,4,4,11
00820,swimming-pool,16,1.0,4,4,8
00820,swimming-pool,64,0.25,4,1,1
00820,swimming-pool,256,0.0,4,0,0
00825,airplane,0,1.0,5,5,5
00825,airplane,16,1.0,5,5,5
00825,airplane,64,1.0,5,5,4
00825,airplane,256,0.6,5,3,2
00825,container,0,0.9259259259259259,27,25,12
00825,container,16,0.6666666666666666,27,18,8
00825,container,64,0.037037037037037035,27,1,1
00825,container,256,0.0,27,0,0
00825,large-vehicle,0,0.9,10,9,4
00825,large-vehicle,16,0.6,10,6,2
00825,large-vehicle,64,0.0,10,0,0
00825,large-vehicle,256,0.0,10,0,0
00825,small-vehicle,0,0.6363636363636364,286,182,45
00825,small-vehicle,16,0.21328671328671328,286,61,19
00825,small-vehicle,64,0.0,286,0,0
00825,small-vehicle,256,0.0,286,0,0
00825,swimming-pool,0,1.0,1,1,2
00825,swimming-pool,16,1.0,1,1,1
00825,swimming-pool,64,0.0,1,0,0
00825,swimming-pool,256,0.0,1,0,0
00826,windmill,0,1.0,10,10,16
00826,windmill,16,1.0,10,10,16
00826,windmill,64,1.0,10,10,11
00826,windmill,256,0.0,10,0,0
00832,small-vehicle,0,1.0,1142,1142,25
00832,small-vehicle,16,1.0,1142,1142,15
00832,small-vehicle,64,0.0,1142,0,0
00832,small-vehicle,256,0.0,1142,0,0
00849,large-vehicle,0,1.0,13,13,8
00849,large-vehicle,16,1.0,13,13,8
00849,large-vehicle,64,1.0,13,13,4
00849,large-vehicle,256,0.0,13,0,0
00849,small-vehicle,0,1.0,3446,3446,53
00849,small-vehicle,16,1.0,3446,3446,53
00849,small-vehicle,64,0.1538015089959373,3446,530,39
00849,small-vehicle,256,0.0,3446,0,0
00855,airplane,0,1.0,125,125,23
00855,airplane,16,1.0,125,125,23
00855,airplane,64,0.992,125,124,14
00855,airplane,256,0.0,125,0,0
00855,container,0,1.0,268,268,46
00855,container,16,0.9402985074626866,268,252,33
00855,container,64,0.014925373134328358,268,4,5
00855,container,256,0.0,268,0,0
00855,helicopter,0,1.0,7,7,5
00855,helicopter,16,1.0,7,7,5
00855,helicopter,64,1.0,7,7,5
00855,helicopter,256,0.5714285714285714,7,4,2
00855,large-vehicle,0,1.0,129,129,62
00855,large-vehicle,16,1.0,129,129,49
00855,large-vehicle,64,0.13178294573643412,129,17,4
00855,large-vehicle,256,0.0,129,0,0
00855,small-vehicle,0,1.0,2330,2330,100
00855,small-vehicle,16,0.0648068669527897,2330,151,61
00855,small-vehicle,64,0.0,2330,0,0
00855,small-vehicle,256,0.0,2330,0,0
00855,swimming-pool,0,1.0,33,33,33
00855,swimming-pool,16,1.0,33,33,31
00855,swimming-pool,64,0.36363636363636365,33,12,14
00855,swimming-pool,256,0.0,33,0,0
00860,airplane,0,1.0,21,21,11
00860,airplane,16,1.0,21,21,11
00860,airplane,64,1.0,21,21,10
00860,airplane,256,0.47619047619047616,21,10,3
00860,container,0,1.0,16,16,7
00860,container,16,1.0,16,16,5
00860,container,64,0.0625,16,1,1
00860,container,256,0.0,16,0,0
00860,large-vehicle,0,1.0,30,30,22
00860,large-vehicle,16,1.0,30,30,21
00860,large-vehicle,64,0.43333333333333335,30,13,8
00860,large-vehicle,256,0.0,30,0,0
00860,small-vehicle,0,0.9850374064837906,401,395,47
00860,small-vehicle,16,0.9451371571072319,401,379,34
00860,small-vehicle,64,0.0024937655860349127,401,1,1
00860,small-vehicle,256,0.0,401,0,0
00860,swimming-pool,0,1.0,12,12,13
00860,swimming-pool,16,1.0,12,12,13
00860,swimming-pool,64,0.5,12,6,7
00860,swimming-pool,256,0.0,12,0,0
00862,storage-tank,0,1.0,3,3,5
00862,storage-tank,16,1.0,3,3,5
00862,storage-tank,64,1.0,3,3,5
00862,storage-tank,256,0.3333333333333333,3,1,1
00862,windmill,0,1.0,36,36,55
00862,windmill,16,1.0,36,36,53
00862,windmill,64,0.6111111111111112,36,22,30
00862,windmill,256,0.027777777777777776,36,1,1
00867,airplane,0,1.0,15,15,16
00867,airplane,16,1.0,15,15,16
00867,airplane,64,0.8,15,12,8
00867,airplane,256,0.06666666666666667,15,1,1
00867,container,0,1.0,1,1,3
00867,container,16,1.0,1,1,3
00867,container,64,1.0,1,1,2
00867,container,256,0.0,1,0,0
00867,large-vehicle,0,1.0,7,7,8
00867,large-vehicle,16,1.0,7,7,5
00867,large-vehicle,64,0.0,7,0,0
00867,large-vehicle,256,0.0,7,0,0
00867,small-vehicle,0,0.9985486211901307,1378,1376,53
00867,small-vehicle,16,0.4811320754716981,1378,663,35
00867,small-vehicle,64,0.0,1378,0,0
00867,small-vehicle,256,0.0,1378,0,0
00867,storage-tank,0,1.0,1,1,6
00867,storage-tank,16,1.0,1,1,6
00867,storage-tank,64,1.0,1,1,4
00867,storage-tank,256,0.0,1,0,0
00893,airplane,0,1.0,64,64,45
00893,airplane,16,1.0,64,64,45
00893,airplane,64,1.0,64,64,40
00893,airplane,256,0.109375,64,7,14
00893,container,0,1.0,12,12,13
00893,container,16,1.0,12,12,11
00893,container,64,0.75,12,9,4
00893,container,256,0.0,12,0,0
00893,helicopter,0,1.0,5,5,8
00893,helicopter,16,1.0,5,5,8
00893,helicopter,64,1.0,5,5,5
00893,helicopter,256,0.0,5,0,0
00893,large-vehicle,0,1.0,13,13,28
00893,large-vehicle,16,1.0,13,13,19
00893,large-vehicle,64,0.0,13,0,0
00893,large-vehicle,256,0.0,13,0,0
00893,ship,0,1.0,28,28,12
00893,ship,16,1.0,28,28,12
00893,ship,64,0.35714285714285715,28,10,5
00893,ship,256,0.0,28,0,0
00893,small-vehicle,0,1.0,2357,2357,71
00893,small-vehicle,16,0.7568943572337717,2357,1784,47
00893,small-vehicle,64,0.0,2357,0,0
00893,small-vehicle,256,0.0,2357,0,0
00893,storage-tank,0,1.0,4,4,6
00893,storage-tank,16,1.0,4,4,4
00893,storage-tank,64,0.5,4,2,1
00893,storage-tank,256,0.0,4,0,0
00893,swimming-pool,0,1.0,2,2,10
00893,swimming-pool,16,1.0,2,2,10
00893,swimming-pool,64,1.0,2,2,5
00893,swimming-pool,256,0.0,2,0,0
00905,airplane,0,1.0,62,62,31
00905,airplane,16,0.9838709677419355,62,61,30
00905,airplane,64,0.8387096774193549,62,52,23
00905,airplane,256,0.14516129032258066,62,9,6
00905,container,0,1.0,594,594,25
00905,container,16,0.016835016835016835,594,10,6
00905,container,64,0.0,594,0,0
00905,container,256,0.0,594,0,0
00905,large-vehicle,0,1.0,4,4,6
00905,large-vehicle,16,0.75,4,3,1
00905,large-vehicle,64,0.0,4,0,0
00905,large-vehicle,256,0.0,4,0,0
00905,small-vehicle,0,1.0,8,8,9
00905,small-vehicle,16,0.0,8,0,0
00905,small-vehicle,64,0.0,8,0,0
00905,small-vehicle,256,0.0,8,0,0
00905,storage-tank,0,1.0,7,7,11
00905,storage-tank,16,1.0,7,7,7
00905,storage-tank,64,0.0,7,0,0
00905,storage-tank,256,0.0,7,0,0
00905,swimming-pool,0,1.0,3,3,9
00905,swimming-pool,16,1.0,3,3,6
00905,swimming-pool,64,0.0,3,0,0
00905,swimming-pool,256,0.0,3,0,0
00910,windmill,0,1.0,34,34,44
00910,windmill,16,1.0,34,34,44
00910,windmill,64,0.9705882352941176,34,33,29
00910,windmill,256,0.0,34,0,0
00917,windmill,0,1.0,13,13,30
00917,windmill,16,1.0,13,13,30
00917,windmill,64,0.9230769230769231,13,12,27
00917,windmill,256,0.23076923076923078,13,3,4
00918,windmill,0,1.0,38,38,41
00918,windmill,16,1.0,38,38,41
00918,windmill,64,0.9736842105263158,38,37,35
00918,windmill,256,0.23684210526315788,38,9,14
00919,windmill,0,1.0,4,4,13
00919,windmill,16,1.0,4,4,13
00919,windmill,64,1.0,4,4,10
00919,windmill,256,0.25,4,1,3
00921,storage-tank,0,1.0,11,11,16
00921,storage-tank,16,0.7272727272727273,11,8,7
00921,storage-tank,64,0.0,11,0,0
00921,storage-tank,256,0.0,11,0,0
00921,windmill,0,1.0,30,30,53
00921,windmill,16,1.0,30,30,53
00921,windmill,64,0.9,30,27,37
00921,windmill,256,0.1,30,3,4
00931,helicopter,0,1.0,74,74,41
00931,helicopter,16,1.0,74,74,41
00931,helicopter,64,1.0,74,74,29
00931,helicopter,256,0.013513513513513514,74,1,2
00931,large-vehicle,0,1.0,1,1,2
00931,large-vehicle,16,1.0,1,1,1
00931,large-vehicle,64,0.0,1,0,0
00931,large-vehicle,256,0.0,1,0,0
00931,small-vehicle,0,1.0,68,68,9
00931,small-vehicle,16,1.0,68,68,6
00931,small-vehicle,64,0.0,68,0,0
00931,small-vehicle,256,0.0,68,0,0
00932,windmill,0,1.0,88,88,75
00932,windmill,16,1.0,88,88,75
00932,windmill,64,0.9659090909090909,88,85,62
00932,windmill,256,0.22727272727272727,88,20,18
00936,container,0,0.9839307787391842,809,796,60
00936,container,16,0.9839307787391842,809,796,60
00936,container,64,0.9592088998763906,809,776,39
00936,container,256,0.0,809,0,0
00936,large-vehicle,0,1.0,13,13,34
00936,large-vehicle,16,1.0,13,13,34
00936,large-vehicle,64,1.0,13,13,26
00936,large-vehicle,256,0.3076923076923077,13,4,5
00936,small-vehicle,0,1.0,442,442,47
00936,small-vehicle,16,1.0,442,442,34
00936,small-vehicle,64,0.004524886877828055,442,2,3
00936,small-vehicle,256,0.0,442,0,0
00959,airplane,0,1.0,14,14,22
00959,airplane,16,1.0,14,14,22
00959,airplane,64,0.8571428571428571,14,12,8
00959,airplane,256,0.0,14,0,0
00959,large-vehicle,0,1.0,1,1,3
00959,large-vehicle,16,1.0,1,1,1
00959,large-vehicle,64,0.0,1,0,0
00959,large-vehicle,256,0.0,1,0,0
00959,small-vehicle,0,1.0,930,930,29
00959,small-vehicle,16,0.16559139784946236,930,154,20
00959,small-vehicle,64,0.0,930,0,0
00959,small-vehicle,256,0.0,930,0,0
00959,storage-tank,0,1.0,1,1,4
00959,storage-tank,16,1.0,1,1,3
00959,storage-tank,64,1.0,1,1,1
00959,storage-tank,256,0.0,1,0,0
00960,airplane,0,1.0,14,14,16
00960,airplane,16,1.0,14,14,16
00960,airplane,64,1.0,14,14,11
00960,airplane,256,0.21428571428571427,14,3,4
00960,container,0,1.0,13,13,24
00960,container,16,0.9230769230769231,13,12,13
00960,container,64,0.23076923076923078,13,3,1
00960,container,256,0.0,13,0,0
00960,helicopter,0,1.0,4,4,3
00960,helicopter,16,1.0,4,4,3
00960,helicopter,64,1.0,4,4,3
00960,helicopter,256,0.25,4,1,1
00960,large-vehicle,0,1.0,17,17,7
00960,large-vehicle,16,1.0,17,17,4
00960,large-vehicle,64,0.0,17,0,0
00960,large-vehicle,256,0.0,17,0,0
00960,small-vehicle,0,1.0,273,273,41
00960,small-vehicle,16,0.41025641025641024,273,112,19
00960,small-vehicle,64,0.0,273,0,0
00960,small-vehicle,256,0.0,273,0,0
00964,airplane,0,1.0,18,18,19
00964,airplane,16,1.0,18,18,19
00964,airplane,64,0.6666666666666666,18,12,11
00964,airplane,256,0.1111111111111111,18,2,2
00964,container,0,0.8401826484018264,219,184,24
00964,container,16,0.4383561643835616,219,96,18
00964,container,64,0.0,219,0,0
00964,container,256,0.0,219,0,0
00964,large-vehicle,0,0.9016393442622951,61,55,30
00964,large-vehicle,16,0.7704918032786885,61,47,23
00964,large-vehicle,64,0.0,61,0,0
00964,large-vehicle,256,0.0,61,0,0
00964,small-vehicle,0,0.8577559779276518,1631,1399,52
00964,small-vehicle,16,0.0,1631,0,0
00964,small-vehicle,64,0.0,1631,0,0
00964,small-vehicle,256,0.0,1631,0,0
00964,storage-tank,0,1.0,4,4,11
00964,storage-tank,16,1.0,4,4,5
00964,storage-tank,64,0.0,4,0,0
00964,storage-tank,256,0.0,4,0,0
00965,container,0,1.0,47,47,12
00965,container,16,1.0,47,47,12
00965,container,64,0.9787234042553191,47,46,8
00965,container,256,0.0,47,0,0
00965,large-vehicle,0,1.0,13,13,18
00965,large-vehicle,16,1.0,13,13,18
00965,large-vehicle,64,1.0,13,13,12
00965,large-vehicle,256,0.0,13,0,0
00965,small-vehicle,0,1.0,195,195,70
00965,small-vehicle,16,0.9948717948717949,195,194,66
00965,small-vehicle,64,0.06666666666666667,195,13,16
00965,small-vehicle,256,0.0,195,0,0
00965,swimming-pool,0,1.0,46,46,54
00965,swimming-pool,16,1.0,46,46,54
00965,swimming-pool,64,0.9565217391304348,46,44,48
00965,swimming-pool,256,0.17391304347826086,46,8,14
00967,large-vehicle,0,1.0,4,4,11
00967,large-vehicle,16,1.0,4,4,11
00967,large-vehicle,64,1.0,4,4,6
00967,large-vehicle,256,0.0,4,0,0
00967,small-vehicle,0,0.9994778067885117,3830,3828,73
00967,small-vehicle,16,0.9890339425587468,3830,3788,73
00967,small-vehicle,64,0.1287206266318538,3830,493,55
00967,small-vehicle,256,0.0,3830,0,0
00975,container,0,1.0,139,139,33
00975,container,16,1.0,139,139,33
00975,container,64,0.9928057553956835,139,138,23
00975,container,256,0.0,139,0,0
00975,large-vehicle,0,1.0,23,23,32
00975,large-vehicle,16,1.0,23,23,32
00975,large-vehicle,64,1.0,23,23,20
00975,large-vehicle,256,0.0,23,0,0
00975,small-vehicle,0,1.0,2504,2504,64
00975,small-vehicle,16,0.9980031948881789,2504,2499,49
00975,small-vehicle,64,0.0,2504,0,0
00975,small-vehicle,256,0.0,2504,0,0
00976,container,0,1.0,455,455,46
00976,container,16,1.0,455,455,46
00976,container,64,0.978021978021978,455,445,31
00976,container,256,0.0,455,0,0
00976,large-vehicle,0,1.0,6,6,17
00976,large-vehicle,16,1.0,6,6,16
00976,large-vehicle,64,0.8333333333333334,6,5,11
00976,large-vehicle,256,0.3333333333333333,6,2,2
00976,small-vehicle,0,1.0,642,642,49
00976,small-vehicle,16,0.9781931464174455,642,628,40
00976,small-vehicle,64,0.006230529595015576,642,4,5
00976,small-vehicle,256,0.0,642,0,0
00981,windmill,0,1.0,70,70,53
00981,windmill,16,1.0,70,70,53
00981,windmill,64,0.8428571428571429,70,59,42
00981,windmill,256,0.07142857142857142,70,5,4
00988,airplane,0,1.0,17,17,14
00988,airplane,16,1.0,17,17,13
00988,airplane,64,1.0,17,17,9
00988,airplane,256,0.058823529411764705,17,1,1
00988,container,0,1.0,11,11,17
00988,container,16,1.0,11,11,9
00988,container,64,0.0,11,0,0
00988,container,256,0.0,11,0,0
00988,helicopter,0,1.0,4,4,5
00988,helicopter,16,1.0,4,4,5
00988,helicopter,64,1.0,4,4,4
00988,helicopter,256,0.0,4,0,0
00988,large-vehicle,0,1.0,6,6,22
00988,large-vehicle,16,1.0,6,6,16
00988,large-vehicle,64,0.3333333333333333,6,2,4
00988,large-vehicle,256,0.0,6,0,0
00988,small-vehicle,0,0.9991721854304636,1208,1207,71
00988,small-vehicle,16,0.8004966887417219,1208,967,49
00988,small-vehicle,64,0.0,1208,0,0
00988,small-vehicle,256,0.0,1208,0,0
00988,storage-tank,0,1.0,2,2,6
00988,storage-tank,16,1.0,2,2,6
00988,storage-tank,64,1.0,2,2,6
00988,storage-tank,256,1.0,2,2,3
00996,airplane,0,1.0,103,103,33
00996,airplane,16,1.0,103,103,33
00996,airplane,64,0.9514563106796117,103,98,26
00996,airplane,256,0.009708737864077669,103,1,1
00996,container,0,1.0,41,41,9
00996,container,16,1.0,41,41,8
00996,container,64,0.0975609756097561,41,4,3
00996,container,256,0.0,41,0,0
00996,helicopter,0,1.0,4,4,7
00996,helicopter,16,1.0,4,4,7
00996,helicopter,64,1.0,4,4,5
00996,helicopter,256,0.0,4,0,0
00996,large-vehicle,0,1.0,13,13,9
00996,large-vehicle,16,1.0,13,13,8
00996,large-vehicle,64,0.07692307692307693,13,1,2
00996,large-vehicle,256,0.0,13,0,0
00996,small-vehicle,0,1.0,238,238,25
00996,small-vehicle,16,0.2773109243697479,238,66,12
00996,small-vehicle,64,0.0,238,0,0
00996,small-vehicle,256,0.0,238,0,0
00996,swimming-pool,0,1.0,2,2,6
00996,swimming-pool,16,1.0,2,2,4
00996,swimming-pool,64,0.5,2,1,2
00996,swimming-pool,256,0.0,2,0,0
00997,airplane,0,1.0,25,25,19
00997,airplane,16,1.0,25,25,17
00997,airplane,64,0.88,25,22,11
00997,airplane,256,0.04,25,1,1
00997,container,0,1.0,275,275,19
00997,container,16,0.9963636363636363,275,274,12
00997,container,64,0.15272727272727274,275,42,5
00997,container,256,0.0,275,0,0
00997,large-vehicle,0,1.0,28,28,7
00997,large-vehicle,16,1.0,28,28,6
00997,large-vehicle,64,0.35714285714285715,28,10,3
00997,large-vehicle,256,0.0,28,0,0
00997,small-vehicle,0,1.0,197,197,33
00997,small-vehicle,16,0.39086294416243655,197,77,19
00997,small-vehicle,64,0.0,197,0,0
00997,small-vehicle,256,0.0,197,0,0
01002,container,0,1.0,1,1,2
01002,container,16,1.0,1,1,2
01002,container,64,1.0,1,1,1
01002,container,256,0.0,1,0,0
01002,large-vehicle,0,1.0,2,2,10
01002,large-vehicle,16,1.0,2,2,10
01002,large-vehicle,64,1.0,2,2,5
01002,large-vehicle,256,0.0,2,0,0
01002,small-vehicle,0,1.0,175,175,93
01002,small-vehicle,16,0.9771428571428571,175,171,71
01002,small-vehicle,64,0.022857142857142857,175,4,2
01002,small-vehicle,256,0.0,175,0,0
01002,swimming-pool,0,0.99609375,256,255,99
01002,swimming-pool,16,0.9921875,256,254,99
01002,swimming-pool,64,0.98046875,256,251,92
01002,swimming-pool,256,0.05859375,256,15,15
01004,container,0,1.0,16,16,10
01004,container,16,1.0,16,16,10
01004,container,64,0.8125,16,13,6
01004,container,256,0.0,16,0,0
01004,large-vehicle,0,1.0,12,12,28
01004,large-vehicle,16,1.0,12,12,28
01004,large-vehicle,64,0.8333333333333334,12,10,12
01004,large-vehicle,256,0.0,12,0,0
01004,small-vehicle,0,1.0,260,260,94
01004,small-vehicle,16,0.9923076923076923,260,258,72
01004,small-vehicle,64,0.0,260,0,0
01004,small-vehicle,256,0.0,260,0,0
01008,windmill,0,1.0,21,21,34
01008,windmill,16,1.0,21,21,34
01008,windmill,64,0.9523809523809523,21,20,23
01008,windmill,256,0.047619047619047616,21,1,1
01009,airplane,0,1.0,40,40,16
01009,airplane,16,0.925,40,37,13
01009,airplane,64,0.1,40,4,4
01009,airplane,256,0.0,40,0,0
01009,helicopter,0,1.0,2,2,5
01009,helicopter,16,1.0,2,2,5
01009,helicopter,64,0.5,2,1,2
01009,helicopter,256,0.0,2,0,0
01009,large-vehicle,0,1.0,15,15,3
01009,large-vehicle,16,1.0,15,15,2
01009,large-vehicle,64,0.0,15,0,0
01009,large-vehicle,256,0.0,15,0,0
01009,storage-tank,0,1.0,2,2,2
01009,storage-tank,16,1.0,2,2,2
01009,storage-tank,64,1.0,2,2,1
01009,storage-tank,256,0.0,2,0,0
01023,windmill,0,1.0,11,11,25
01023,windmill,16,1.0,11,11,25
01023,windmill,64,1.0,11,11,19
01023,windmill,256,0.36363636363636365,11,4,5
01028,large-vehicle,0,1.0,2,2,3
01028,large-vehicle,16,1.0,2,2,3
01028,large-vehicle,64,0.0,2,0,0
01028,large-vehicle,256,0.0,2,0,0
01028,ship,0,1.0,969,969,51
01028,ship,16,0.978328173374613,969,948,49
01028,ship,64,0.023735810113519093,969,23,25
01028,ship,256,0.0020639834881320948,969,2,4
01028,small-vehicle,0,1.0,437,437,57
01028,small-vehicle,16,0.5263157894736842,437,230,40
01028,small-vehicle,64,0.0,437,0,0
01028,small-vehicle,256,0.0,437,0,0
01031,windmill,0,1.0,57,57,34
01031,windmill,16,1.0,57,57,34
01031,windmill,64,0.9473684210526315,57,54,31
01031,windmill,256,0.24561403508771928,57,14,12
01037,airplane,0,1.0,12,12,8
01037,airplane,16,1.0,12,12,8
01037,airplane,64,0.5833333333333334,12,7,6
01037,airplane,256,0.0,12,0,0
01037,container,0,1.0,13,13,3
01037,container,16,1.0,13,13,1
01037,container,64,0.0,13,0,0
01037,container,256,0.0,13,0,0
01037,large-vehicle,0,1.0,2,2,6
01037,large-vehicle,16,1.0,2,2,5
01037,large-vehicle,64,0.5,2,1,1
01037,large-vehicle,256,0.0,2,0,0
01037,small-vehicle,0,1.0,80,80,15
01037,small-vehicle,16,0.0125,80,1,1
01037,small-vehicle,64,0.0,80,0,0
01037,small-vehicle,256,0.0,80,0,0
01044,large-vehicle,0,1.0,1,1,6
01044,large-vehicle,16,1.0,1,1,2
01044,large-vehicle,64,0.0,1,0,0
01044,large-vehicle,256,0.0,1,0,0
01044,ship,0,1.0,1,1,3
01044,ship,16,1.0,1,1,1
01044,ship,64,0.0,1,0,0
01044,ship,256,0.0,1,0,0
01044,small-vehicle,0,0.9948979591836735,392,390,64
01044,small-vehicle,16,0.8571428571428571,392,336,45
01044,small-vehicle,64,0.002551020408163265,392,1,1
01044,small-vehicle,256,0.0,392,0,0
01044,swimming-pool,0,1.0,50,50,67
01044,swimming-pool,16,1.0,50,50,67
01044,swimming-pool,64,0.96,50,48,50
01044,swimming-pool,256,0.06,50,3,8
01065,airplane,0,1.0,6,6,8
01065,airplane,16,1.0,6,6,8
01065,airplane,64,1.0,6,6,4
01065,airplane,256,0.0,6,0,0
01065,container,0,1.0,2,2,2
01065,container,16,1.0,2,2,1
01065,container,64,0.0,2,0,0
01065,container,256,0.0,2,0,0
01065,large-vehicle,0,1.0,12,12,10
01065,large-vehicle,16,0.75,12,9,7
01065,large-vehicle,64,0.16666666666666666,12,2,2
01065,large-vehicle,256,0.0,12,0,0
01065,small-vehicle,0,1.0,16,16,31
01065,small-vehicle,16,0.5625,16,9,11
01065,small-vehicle,64,0.0625,16,1,2
01065,small-vehicle,256,0.0,16,0,0
01069,windmill,0,1.0,34,34,53
01069,windmill,16,1.0,34,34,53
01069,windmill,64,1.0,34,34,40
01069,windmill,256,0.20588235294117646,34,7,8
01072,windmill,0,1.0,4,4,8
01072,windmill,16,1.0,4,4,8
01072,windmill,64,1.0,4,4,8
01072,windmill,256,0.5,4,2,3
01083,windmill,0,1.0,21,21,31
01083,windmill,16,1.0,21,21,31
01083,windmill,64,1.0,21,21,20
01083,windmill,256,0.0,21,0,0
01099,ship,0,1.0,948,948,98
01099,ship,16,0.9672995780590717,948,917,97
01099,ship,64,0.27848101265822783,948,264,74
01099,ship,256,0.002109704641350211,948,2,3
01099,small-vehicle,0,1.0,1528,1528,100
01099,small-vehicle,16,0.9044502617801047,1528,1382,77
01099,small-vehicle,64,0.0,1528,0,0
01099,small-vehicle,256,0.0,1528,0,0
01099,swimming-pool,0,1.0,235,235,88
01099,swimming-pool,16,0.9872340425531915,235,232,88
01099,swimming-pool,64,0.6680851063829787,235,157,63
01099,swimming-pool,256,0.0,235,0,0
01106,windmill,0,1.0,32,32,53
01106,windmill,16,1.0,32,32,53
01106,windmill,64,0.8125,32,26,36
01106,windmill,256,0.09375,32,3,3
01133,windmill,0,1.0,17,17,28
01133,windmill,16,1.0,17,17,28
01133,windmill,64,1.0,17,17,18
01133,windmill,256,0.0,17,0,0
01139,large-vehicle,0,1.0,4,4,10
01139,large-vehicle,16,1.0,4,4,10
01139,large-vehicle,64,1.0,4,4,5
01139,large-vehicle,256,0.0,4,0,0
01139,small-vehicle,0,1.0,263,263,86
01139,small-vehicle,16,0.9885931558935361,263,260,69
01139,small-vehicle,64,0.015209125475285171,263,4,3
01139,small-vehicle,256,0.0,263,0,0
01139,swimming-pool,0,1.0,94,94,81
01139,swimming-pool,16,1.0,94,94,81
01139,swimming-pool,64,1.0,94,94,75
01139,swimming-pool,256,0.18085106382978725,94,17,22
01145,airplane,0,1.0,35,35,22
01145,airplane,16,1.0,35,35,22
01145,airplane,64,0.9142857142857143,35,32,10
01145,airplane,256,0.0,35,0,0
01145,container,0,1.0,3,3,5
01145,container,16,1.0,3,3,4
01145,container,64,0.3333333333333333,3,1,1
01145,container,256,0.0,3,0,0
01145,helicopter,0,1.0,2,2,2
01145,helicopter,16,1.0,2,2,2
01145,helicopter,64,1.0,2,2,1
01145,helicopter,256,0.0,2,0,0
01145,large-vehicle,0,0.6666666666666666,6,4,10
01145,large-vehicle,16,0.6666666666666666,6,4,6
01145,large-vehicle,64,0.0,6,0,0
01145,large-vehicle,256,0.0,6,0,0
01145,small-vehicle,0,0.7567567567567568,259,196,43
01145,small-vehicle,16,0.3590733590733591,259,93,26
01145,small-vehicle,64,0.0,259,0,0
01145,small-vehicle,256,0.0,259,0,0
01146,windmill,0,1.0,13,13,28
01146,windmill,16,1.0,13,13,28
01146,windmill,64,1.0,13,13,24
01146,windmill,256,0.38461538461538464,13,5,5
01147,airplane,0,1.0,8,8,5
01147,airplane,16,1.0,8,8,5
01147,airplane,64,1.0,8,8,3
01147,airplane,256,0.0,8,0,0
01147,container,0,1.0,1,1,3
01147,container,16,1.0,1,1,2
01147,container,64,0.0,1,0,0
01147,container,256,0.0,1,0,0
01147,large-vehicle,0,1.0,8,8,5
01147,large-vehicle,16,1.0,8,8,4
01147,large-vehicle,64,0.0,8,0,0
01147,large-vehicle,256,0.0,8,0,0
01147,small-vehicle,0,0.5523809523809524,105,58,35
01147,small-vehicle,16,0.4380952380952381,105,46,17
01147,small-vehicle,64,0.0,105,0,0
01147,small-vehicle,256,0.0,105,0,0
01147,swimming-pool,0,1.0,7,7,22
01147,swimming-pool,16,1.0,7,7,16
01147,swimming-pool,64,0.5714285714285714,7,4,8
01147,swimming-pool,256,0.0,7,0,0
01152,airplane,0,1.0,4,4,14
01152,airplane,16,1.0,4,4,14
01152,airplane,64,1.0,4,4,8
01152,airplane,256,0.0,4,0,0
01152,container,0,1.0,13,13,20
01152,container,16,0.9230769230769231,13,12,10
01152,container,64,0.0,13,0,0
01152,container,256,0.0,13,0,0
01152,large-vehicle,0,1.0,4,4,9
01152,large-vehicle,16,1.0,4,4,5
01152,large-vehicle,64,0.25,4,1,1
01152,large-vehicle,256,0.0,4,0,0
01152,small-vehicle,0,1.0,92,92,38
01152,small-vehicle,16,0.6304347826086957,92,58,15
01152,small-vehicle,64,0.0,92,0,0
01152,small-vehicle,256,0.0,92,0,0
01152,storage-tank,0,1.0,3,3,11
01152,storage-tank,16,1.0,3,3,9
01152,storage-tank,64,0.3333333333333333,3,1,5
01152,storage-tank,256,0.3333333333333333,3,1,1
01152,swimming-pool,0,1.0,1,1,2
01152,swimming-pool,16,1.0,1,1,2
01152,swimming-pool,64,1.0,1,1,1
01152,swimming-pool,256,0.0,1,0,0
01157,windmill,0,1.0,55,55,80
01157,windmill,16,1.0,55,55,80
01157,windmill,64,0.9818181818181818,55,54,77
01157,windmill,256,0.45454545454545453,55,25,36
01160,container,0,0.7647058823529411,34,26,5
01160,container,16,0.2647058823529412,34,9,3
01160,container,64,0.0,34,0,0
01160,container,256,0.0,34,0,0
01160,helicopter,0,1.0,36,36,10
01160,helicopter,16,1.0,36,36,10
01160,helicopter,64,1.0,36,36,8
01160,helicopter,256,0.0,36,0,0
01160,small-vehicle,0,1.0,544,544,46
01160,small-vehicle,16,0.0,544,0,0
01160,small-vehicle,64,0.0,544,0,0
01160,small-vehicle,256,0.0,544,0,0
01160,storage-tank,0,1.0,2,2,3
01160,storage-tank,16,1.0,2,2,3
01160,storage-tank,64,1.0,2,2,1
01160,storage-tank,256,0.0,2,0,0
01160,windmill,0,1.0,1,1,2
01160,windmill,16,1.0,1,1,2
01160,windmill,64,1.0,1,1,1
01160,windmill,256,0.0,1,0,0
01179,windmill,0,1.0,205,205,70
01179,windmill,16,1.0,205,205,70
01179,windmill,64,0.8048780487804879,205,165,54
01179,windmill,256,0.024390243902439025,205,5,6
01190,container,0,1.0,12,12,13
01190,container,16,1.0,12,12,13
01190,container,64,0.6666666666666666,12,8,5
01190,container,256,0.0,12,0,0
01190,large-vehicle,0,1.0,22,22,31
01190,large-vehicle,16,1.0,22,22,31
01190,large-vehicle,64,0.3181818181818182,22,7,17
01190,large-vehicle,256,0.0,22,0,0
01190,small-vehicle,0,0.991701244813278,241,239,77
01190,small-vehicle,16,0.983402489626556,241,237,59
01190,small-vehicle,64,0.004149377593360996,241,1,4
01190,small-vehicle,256,0.0,241,0,0
01190,swimming-pool,0,1.0,3,3,10
01190,swimming-pool,16,1.0,3,3,10
01190,swimming-pool,64,0.6666666666666666,3,2,4
01190,swimming-pool,256,0.0,3,0,0
01205,windmill,0,1.0,11,11,30
01205,windmill,16,1.0,11,11,27
01205,windmill,64,1.0,11,11,14
01205,windmill,256,0.0,11,0,0
01210,container,0,1.0,4,4,8
01210,container,16,1.0,4,4,7
01210,container,64,0.5,4,2,1
01210,container,256,0.0,4,0,0
01210,large-vehicle,0,1.0,23,23,41
01210,large-vehicle,16,1.0,23,23,41
01210,large-vehicle,64,1.0,23,23,27
01210,large-vehicle,256,0.0,23,0,0
01210,small-vehicle,0,1.0,158,158,57
01210,small-vehicle,16,1.0,158,158,39
01210,small-vehicle,64,0.0,158,0,0
01210,small-vehicle,256,0.0,158,0,0
01210,swimming-pool,0,1.0,1,1,4
01210,swimming-pool,16,1.0,1,1,4
01210,swimming-pool,64,1.0,1,1,2
01210,swimming-pool,256,0.0,1,0,0
01211,container,0,1.0,429,429,53
01211,container,16,1.0,429,429,53
01211,container,64,1.0,429,429,37
01211,container,256,0.0,429,0,0
01211,large-vehicle,0,1.0,10,10,22
01211,large-vehicle,16,1.0,10,10,22
01211,large-vehicle,64,1.0,10,10,17
01211,large-vehicle,256,0.3,10,3,3
01211,small-vehicle,0,1.0,325,325,40
01211,small-vehicle,16,1.0,325,325,27
01211,small-vehicle,64,0.0,325,0,0
01211,small-vehicle,256,0.0,325,0,0
01215,airplane,0,1.0,8,8,10
01215,airplane,16,1.0,8,8,10
01215,airplane,64,1.0,8,8,6
01215,airplane,256,0.0,8,0,0
01215,container,0,1.0,171,171,16
01215,container,16,1.0,171,171,10
01215,container,64,0.0,171,0,0
01215,container,256,0.0,171,0,0
01215,large-vehicle,0,1.0,5,5,5
01215,large-vehicle,16,1.0,5,5,5
01215,large-vehicle,64,0.6,5,3,1
01215,large-vehicle,256,0.0,5,0,0
01215,storage-tank,0,1.0,1,1,2
01215,storage-tank,16,1.0,1,1,2
01215,storage-tank,64,1.0,1,1,1
01215,storage-tank,256,0.0,1,0,0
01235,airplane,0,1.0,11,11,17
01235,airplane,16,1.0,11,11,17
01235,airplane,64,0.8181818181818182,11,9,13
01235,airplane,256,0.2727272727272727,11,3,2
01235,small-vehicle,0,1.0,2,2,5
01235,small-vehicle,16,0.0,2,0,0
01235,small-vehicle,64,0.0,2,0,0
01235,small-vehicle,256,0.0,2,0,0
01235,storage-tank,0,1.0,3,3,4
01235,storage-tank,16,1.0,3,3,4
01235,storage-tank,64,1.0,3,3,2
01235,storage-tank,256,0.0,3,0,0
01240,windmill,0,1.0,18,18,33
01240,windmill,16,1.0,18,18,33
01240,windmill,64,1.0,18,18,25
01240,windmill,256,0.16666666666666666,18,3,5
01241,storage-tank,0,1.0,48,48,11
01241,storage-tank,16,1.0,48,48,11
01241,storage-tank,64,0.3958333333333333,48,19,6
01241,storage-tank,256,0.0,48,0,0
01242,airplane,0,1.0,23,23,4
01242,airplane,16,1.0,23,23,4
01242,airplane,64,0.8695652173913043,23,20,2
01242,airplane,256,0.0,23,0,0
01242,small-vehicle,0,1.0,33,33,12
01242,small-vehicle,16,1.0,33,33,5
01242,small-vehicle,64,0.0,33,0,0
01242,small-vehicle,256,0.0,33,0,0
01243,airplane,0,1.0,23,23,10
01243,airplane,16,1.0,23,23,10
01243,airplane,64,1.0,23,23,6
01243,airplane,256,0.0,23,0,0
01243,helicopter,0,1.0,1,1,2
01243,helicopter,16,1.0,1,1,2
01243,helicopter,64,1.0,1,1,1
01243,helicopter,256,0.0,1,0,0
01243,small-vehicle,0,1.0,38,38,11
01243,small-vehicle,16,0.9473684210526315,38,36,6
01243,small-vehicle,64,0.0,38,0,0
01243,small-vehicle,256,0.0,38,0,0
01249,airplane,0,1.0,39,39,16
01249,airplane,16,1.0,39,39,16
01249,airplane,64,0.7948717948717948,39,31,13
01249,airplane,256,0.1794871794871795,39,7,3
01249,swimming-pool,0,1.0,2,2,3
01249,swimming-pool,16,1.0,2,2,2
01249,swimming-pool,64,0.0,2,0,0
01249,swimming-pool,256,0.0,2,0,0
01250,container,0,1.0,66,66,8
01250,container,16,0.0,66,0,0
01250,container,64,0.0,66,0,0
01250,container,256,0.0,66,0,0
01250,storage-tank,0,1.0,66,66,16
01250,storage-tank,16,0.7424242424242424,66,49,14
01250,storage-tank,64,0.19696969696969696,66,13,10
01250,storage-tank,256,0.0,66,0,0
01251,container,0,1.0,3,3,4
01251,container,16,1.0,3,3,4
01251,container,64,0.6666666666666666,3,2,2
01251,container,256,0.0,3,0,0
01251,large-vehicle,0,1.0,29,29,40
01251,large-vehicle,16,1.0,29,29,33
01251,large-vehicle,64,0.3103448275862069,29,9,9
01251,large-vehicle,256,0.0,29,0,0
01251,ship,0,1.0,1325,1325,69
01251,ship,16,1.0,1325,1325,68
01251,ship,64,0.6347169811320754,1325,841,65
01251,ship,256,0.08075471698113207,1325,107,29
01251,small-vehicle,0,1.0,1400,1400,93
01251,small-vehicle,16,0.9742857142857143,1400,1364,73
01251,small-vehicle,64,0.0,1400,0,0
01251,small-vehicle,256,0.0,1400,0,0
01252,large-vehicle,0,1.0,3,3,6
01252,large-vehicle,16,1.0,3,3,6
01252,large-vehicle,64,1.0,3,3,3
01252,large-vehicle,256,0.0,3,0,0
01252,small-vehicle,0,1.0,349,349,68
01252,small-vehicle,16,0.997134670487106,349,348,51
01252,small-vehicle,64,0.0,349,0,0
01252,small-vehicle,256,0.0,349,0,0
01252,swimming-pool,0,1.0,53,53,54
01252,swimming-pool,16,1.0,53,53,54
01252,swimming-pool,64,0.9811320754716981,53,52,40
01252,swimming-pool,256,0.018867924528301886,53,1,1
01254,ship,0,1.0,461,461,45
01254,ship,16,1.0,461,461,39
01254,ship,64,0.3752711496746204,461,173,20
01254,ship,256,0.0021691973969631237,461,1,1
01254,small-vehicle,0,1.0,182,182,30
01254,small-vehicle,16,0.9725274725274725,182,177,22
01254,small-vehicle,64,0.0,182,0,0
01254,small-vehicle,256,0.0,182,0,0
01254,swimming-pool,0,1.0,4,4,4
01254,swimming-pool,16,1.0,4,4,4
01254,swimming-pool,64,0.5,4,2,2
01254,swimming-pool,256,0.0,4,0,0
01257,airplane,0,1.0,104,104,30
01257,airplane,16,0.8557692307692307,104,89,28
01257,airplane,64,0.3076923076923077,104,32,23
01257,airplane,256,0.3076923076923077,104,32,12
01257,container,0,1.0,204,204,28
01257,container,16,0.024509803921568627,204,5,4
01257,container,64,0.0,204,0,0
01257,container,256,0.0,204,0,0
01257,large-vehicle,0,1.0,5,5,6
01257,large-vehicle,16,0.0,5,0,0
01257,large-vehicle,64,0.0,5,0,0
01257,large-vehicle,256,0.0,5,0,0
01257,ship,0,1.0,15,15,18
01257,ship,16,0.5333333333333333,15,8,9
01257,ship,64,0.06666666666666667,15,1,2
01257,ship,256,0.0,15,0,0
01257,storage-tank,0,1.0,2,2,7
01257,storage-tank,16,1.0,2,2,5
01257,storage-tank,64,0.0,2,0,0
01257,storage-tank,256,0.0,2,0,0
01259,storage-tank,0,1.0,18,18,17
01259,storage-tank,16,1.0,18,18,17
01259,storage-tank,64,0.9444444444444444,18,17,17
01259,storage-tank,256,0.5555555555555556,18,10,6
01260,ship,0,1.0,4,4,14
01260,ship,16,1.0,4,4,14
01260,ship,64,0.75,4,3,9
01260,ship,256,0.25,4,1,1
01260,storage-tank,0,1.0,106,106,32
01260,storage-tank,16,0.8773584905660378,106,93,28
01260,storage-tank,64,0.4056603773584906,106,43,15
01260,storage-tank,256,0.0,106,0,0
01261,airplane,0,1.0,26,26,14
01261,airplane,16,1.0,26,26,14
01261,airplane,64,0.9230769230769231,26,24,8
01261,airplane,256,0.0,26,0,0
01261,container,0,1.0,22,22,7
01261,container,16,1.0,22,22,5
01261,container,64,0.7272727272727273,22,16,2
01261,container,256,0.0,22,0,0
01261,large-vehicle,0,1.0,1,1,4
01261,large-vehicle,16,1.0,1,1,2
01261,large-vehicle,64,0.0,1,0,0
01261,large-vehicle,256,0.0,1,0,0
01261,small-vehicle,0,1.0,95,95,18
01261,small-vehicle,16,0.24210526315789474,95,23,8
01261,small-vehicle,64,0.0,95,0,0
01261,small-vehicle,256,0.0,95,0,0
01261,storage-tank,0,1.0,1,1,4
01261,storage-tank,16,1.0,1,1,4
01261,storage-tank,64,1.0,1,1,2
01261,storage-tank,256,0.0,1,0,0
01261,swimming-pool,0,1.0,4,4,3
01261,swimming-pool,16,1.0,4,4,3
01261,swimming-pool,64,0.25,4,1,1
01261,swimming-pool,256,0.0,4,0,0
01262,storage-tank,0,1.0,14,14,15
01262,storage-tank,16,1.0,14,14,15
01262,storage-tank,64,1.0,14,14,8
01262,storage-tank,256,0.0,14,0,0
01268,airplane,0,1.0,121,121,29
01268,airplane,16,1.0,121,121,27
01268,airplane,64,0.7107438016528925,121,86,15
01268,airplane,256,0.0,121,0,0
01268,container,0,1.0,1,1,5
01268,container,16,1.0,1,1,2
01268,container,64,0.0,1,0,0
01268,container,256,0.0,1,0,0
01268,large-vehicle,0,1.0,3,3,4
01268,large-vehicle,16,1.0,3,3,1
01268,large-vehicle,64,0.0,3,0,0
01268,large-vehicle,256,0.0,3,0,0
01268,ship,0,1.0,9,9,2
01268,ship,16,1.0,9,9,1
01268,ship,64,0.0,9,0,0
01268,ship,256,0.0,9,0,0
01268,small-vehicle,0,1.0,302,302,54
01268,small-vehicle,16,0.013245033112582781,302,4,7
01268,small-vehicle,64,0.0,302,0,0
01268,small-vehicle,256,0.0,302,0,0
01268,swimming-pool,0,1.0,10,10,17
01268,swimming-pool,16,1.0,10,10,15
01268,swimming-pool,64,0.6,10,6,9
01268,swimming-pool,256,0.0,10,0,0
01269,airplane,0,1.0,4,4,5
01269,airplane,16,1.0,4,4,5
01269,airplane,64,1.0,4,4,2
01269,airplane,256,0.0,4,0,0
01269,large-vehicle,0,1.0,1,1,2
01269,large-vehicle,16,1.0,1,1,1
01269,large-vehicle,64,0.0,1,0,0
01269,large-vehicle,256,0.0,1,0,0
01269,small-vehicle,0,1.0,108,108,22
01269,small-vehicle,16,0.9444444444444444,108,102,14
01269,small-vehicle,64,0.0,108,0,0
01269,small-vehicle,256,0.0,108,0,0
01269,storage-tank,0,1.0,1,1,6
01269,storage-tank,16,1.0,1,1,6
01269,storage-tank,64,1.0,1,1,4
01269,storage-tank,256,0.0,1,0,0
01272,airplane,0,1.0,171,171,58
01272,airplane,16,0.9707602339181286,171,166,58
01272,airplane,64,0.49707602339181284,171,85,36
01272,airplane,256,0.0,171,0,0
01272,storage-tank,0,1.0,22,22,6
01272,storage-tank,16,0.9545454545454546,22,21,6
01272,storage-tank,64,0.5454545454545454,22,12,4
01272,storage-tank,256,0.0,22,0,0
01273,airplane,0,1.0,2,2,4
01273,airplane,16,1.0,2,2,4
01273,airplane,64,1.0,2,2,2
01273,airplane,256,0.0,2,0,0
01273,container,0,1.0,12,12,15
01273,container,16,1.0,12,12,15
01273,container,64,0.75,12,9,7
01273,container,256,0.0,12,0,0
01273,helicopter,0,1.0,3,3,6
01273,helicopter,16,1.0,3,3,6
01273,helicopter,64,1.0,3,3,5
01273,helicopter,256,0.6666666666666666,3,2,2
01273,large-vehicle,0,1.0,5,5,9
01273,large-vehicle,16,1.0,5,5,9
01273,large-vehicle,64,1.0,5,5,6
01273,large-vehicle,256,0.0,5,0,0
01273,small-vehicle,0,0.9743589743589743,39,38,18
01273,small-vehicle,16,0.7692307692307693,39,30,11
01273,small-vehicle,64,0.07692307692307693,39,3,2
01273,small-vehicle,256,0.0,39,0,0
01278,airplane,0,1.0,111,111,43
01278,airplane,16,1.0,111,111,43
01278,airplane,64,0.8108108108108109,111,90,30
01278,airplane,256,0.04504504504504504,111,5,8
01278,storage-tank,0,1.0,7,7,4
01278,storage-tank,16,1.0,7,7,4
01278,storage-tank,64,0.42857142857142855,7,3,2
01278,storage-tank,256,0.0,7,0,0
01281,airplane,0,0.9875,80,79,35
01281,airplane,16,0.95,80,76,35
01281,airplane,64,0.5625,80,45,27
01281,airplane,256,0.1125,80,9,4
01281,storage-tank,0,1.0,15,15,7
01281,storage-tank,16,0.26666666666666666,15,4,2
01281,storage-tank,64,0.0,15,0,0
01281,storage-tank,256,0.0,15,0,0
01284,small-vehicle,0,1.0,224,224,87
01284,small-vehicle,16,0.9732142857142857,224,218,64
01284,small-vehicle,64,0.0,224,0,0
01284,small-vehicle,256,0.0,224,0,0
01284,swimming-pool,0,1.0,198,198,99
01284,swimming-pool,16,1.0,198,198,99
01284,swimming-pool,64,0.9747474747474747,198,193,91
01284,swimming-pool,256,0.09090909090909091,198,18,20
01285,windmill,0,1.0,65,65,74
01285,windmill,16,1.0,65,65,74
01285,windmill,64,0.9692307692307692,65,63,54
01285,windmill,256,0.03076923076923077,65,2,4
01287,airplane,0,1.0,14,14,11
01287,airplane,16,1.0,14,14,11
01287,airplane,64,1.0,14,14,6
01287,airplane,256,0.0,14,0,0
01287,small-vehicle,0,1.0,357,357,44
01287,small-vehicle,16,0.8571428571428571,357,306,30
01287,small-vehicle,64,0.0,357,0,0
01287,small-vehicle,256,0.0,357,0,0
01287,swimming-pool,0,1.0,1,1,4
01287,swimming-pool,16,1.0,1,1,4
01287,swimming-pool,64,1.0,1,1,1
01287,swimming-pool,256,0.0,1,0,0
01289,storage-tank,0,1.0,4,4,19
01289,storage-tank,16,1.0,4,4,19
01289,storage-tank,64,1.0,4,4,17
01289,storage-tank,256,0.5,4,2,5
01290,airplane,0,1.0,103,103,25
01290,airplane,16,0.5436893203883495,103,56,24
01290,airplane,64,0.34951456310679613,103,36,17
01290,airplane,256,0.038834951456310676,103,4,6
01291,airplane,0,1.0,14,14,13
01291,airplane,16,1.0,14,14,13
01291,airplane,64,0.8571428571428571,14,12,7
01291,airplane,256,0.0,14,0,0
01291,small-vehicle,0,1.0,22,22,14
01291,small-vehicle,16,0.0,22,0,0
01291,small-vehicle,64,0.0,22,0,0
01291,small-vehicle,256,0.0,22,0,0
01292,storage-tank,0,1.0,2,2,4
01292,storage-tank,16,1.0,2,2,4
01292,storage-tank,64,1.0,2,2,4
01292,storage-tank,256,1.0,2,2,2
01293,airplane,0,1.0,6,6,9
01293,airplane,16,1.0,6,6,9
01293,airplane,64,1.0,6,6,4
01293,airplane,256,0.0,6,0,0
01293,small-vehicle,0,0.96,25,24,23
01293,small-vehicle,16,0.96,25,24,13
01293,small-vehicle,64,0.0,25,0,0
01293,small-vehicle,256,0.0,25,0,0
01293,swimming-pool,0,1.0,2,2,5
01293,swimming-pool,16,1.0,2,2,5
01293,swimming-pool,64,1.0,2,2,3
01293,swimming-pool,256,0.0,2,0,0
01295,small-vehicle,0,0.9584905660377359,265,254,93
01295,small-vehicle,16,0.8490566037735849,265,225,73
01295,small-vehicle,64,0.0,265,0,0
01295,small-vehicle,256,0.0,265,0,0
01295,swimming-pool,0,0.9777070063694268,314,307,99
01295,swimming-pool,16,0.9745222929936306,314,306,99
01295,swimming-pool,64,0.910828025477707,314,286,90
01295,swimming-pool,256,0.022292993630573247,314,7,8
01303,airplane,0,1.0,90,90,22
01303,airplane,16,1.0,90,90,22
01303,airplane,64,0.8666666666666667,90,78,18
01303,airplane,256,0.03333333333333333,90,3,2
01303,storage-tank,0,1.0,13,13,12
01303,storage-tank,16,0.5384615384615384,13,7,6
01303,storage-tank,64,0.07692307692307693,13,1,2
01303,storage-tank,256,0.0,13,0,0
01305,container,0,1.0,295,295,51
01305,container,16,1.0,295,295,51
01305,container,64,0.9966101694915255,295,294,32
01305,container,256,0.0,295,0,0
01305,small-vehicle,0,1.0,70,70,28
01305,small-vehicle,16,1.0,70,70,23
01305,small-vehicle,64,0.14285714285714285,70,10,6
01305,small-vehicle,256,0.0,70,0,0
01306,airplane,0,1.0,17,17,14
01306,airplane,16,1.0,17,17,14
01306,airplane,64,1.0,17,17,14
01306,airplane,256,0.6470588235294118,17,11,8
01306,container,0,1.0,4,4,4
01306,container,16,1.0,4,4,2
01306,container,64,0.0,4,0,0
01306,container,256,0.0,4,0,0
01306,storage-tank,0,1.0,9,9,5
01306,storage-tank,16,0.7777777777777778,9,7,3
01306,storage-tank,64,0.0,9,0,0
01306,storage-tank,256,0.0,9,0,0
01307,airplane,0,1.0,149,149,29
01307,airplane,16,1.0,149,149,29
01307,airplane,64,0.7986577181208053,149,119,27
01307,airplane,256,0.15436241610738255,149,23,12
01310,storage-tank,0,1.0,190,190,53
01310,storage-tank,16,0.6421052631578947,190,122,47
01310,storage-tank,64,0.23684210526315788,190,45,30
01310,storage-tank,256,0.021052631578947368,190,4,5
01312,airplane,0,1.0,12,12,13
01312,airplane,16,0.8333333333333334,12,10,13
01312,airplane,64,0.5,12,6,9
01312,airplane,256,0.16666666666666666,12,2,2
01312,storage-tank,0,1.0,18,18,6
01312,storage-tank,16,1.0,18,18,6
01312,storage-tank,64,1.0,18,18,4
01312,storage-tank,256,0.1111111111111111,18,2,1
01312,swimming-pool,0,1.0,2,2,4
01312,swimming-pool,16,1.0,2,2,2
01312,swimming-pool,64,0.0,2,0,0
01312,swimming-pool,256,0.0,2,0,0
01313,airplane,0,1.0,10,10,6
01313,airplane,16,1.0,10,10,6
01313,airplane,64,1.0,10,10,4
01313,airplane,256,0.0,10,0,0
01313,storage-tank,0,1.0,5,5,5
01313,storage-tank,16,0.8,5,4,2
01313,storage-tank,64,0.0,5,0,0
01313,storage-tank,256,0.0,5,0,0
01316,storage-tank,0,1.0,263,263,21
01316,storage-tank,16,0.6958174904942965,263,183,19
01316,storage-tank,64,0.4524714828897338,263,119,9
01316,storage-tank,256,0.0,263,0,0
01319,small-vehicle,0,1.0,123,123,76
01319,small-vehicle,16,0.959349593495935,123,118,56
01319,small-vehicle,64,0.008130081300813009,123,1,1
01319,small-vehicle,256,0.0,123,0,0
01319,swimming-pool,0,0.9920634920634921,126,125,88
01319,swimming-pool,16,0.9920634920634921,126,125,88
01319,swimming-pool,64,0.9761904761904762,126,123,77
01319,swimming-pool,256,0.05555555555555555,126,7,12
01320,storage-tank,0,1.0,2,2,8
01320,storage-tank,16,1.0,2,2,8
01320,storage-tank,64,0.5,2,1,2
01320,storage-tank,256,0.0,2,0,0
01320,swimming-pool,0,1.0,1,1,6
01320,swimming-pool,16,1.0,1,1,2
01320,swimming-pool,64,0.0,1,0,0
01320,swimming-pool,256,0.0,1,0,0
01321,windmill,0,1.0,16,16,34
01321,windmill,16,1.0,16,16,34
01321,windmill,64,1.0,16,16,33
01321,windmill,256,0.4375,16,7,12
01325,airplane,0,1.0,24,24,15
01325,airplane,16,1.0,24,24,15
01325,airplane,64,0.7083333333333334,24,17,9
01325,airplane,256,0.125,24,3,3
01325,small-vehicle,0,1.0,16,16,1
01325,small-vehicle,16,0.0,16,0,0
01325,small-vehicle,64,0.0,16,0,0
01325,small-vehicle,256,0.0,16,0,0
01325,storage-tank,0,1.0,2,2,2
01325,storage-tank,16,1.0,2,2,1
01325,storage-tank,64,0.0,2,0,0
01325,storage-tank,256,0.0,2,0,0
01326,windmill,0,1.0,12,12,21
01326,windmill,16,1.0,12,12,21
01326,windmill,64,1.0,12,12,18
01326,windmill,256,0.4166666666666667,12,5,7
01328,ship,0,1.0,1,1,8
01328,ship,16,1.0,1,1,8
01328,ship,64,1.0,1,1,8
01328,ship,256,1.0,1,1,2
01328,storage-tank,0,1.0,25,25,12
01328,storage-tank,16,1.0,25,25,12
01328,storage-tank,64,0.8,25,20,7
01328,storage-tank,256,0.0,25,0,0
01329,airplane,0,1.0,34,34,16
01329,airplane,16,1.0,34,34,16
01329,airplane,64,1.0,34,34,12
01329,airplane,256,0.029411764705882353,34,1,2
01329,container,0,1.0,9,9,13
01329,container,16,1.0,9,9,8
01329,container,64,0.1111111111111111,9,1,2
01329,container,256,0.0,9,0,0
01329,large-vehicle,0,1.0,4,4,16
01329,large-vehicle,16,1.0,4,4,9
01329,large-vehicle,64,0.25,4,1,2
01329,large-vehicle,256,0.0,4,0,0
01329,small-vehicle,0,1.0,814,814,32
01329,small-vehicle,16,0.10810810810810811,814,88,17
01329,small-vehicle,64,0.0,814,0,0
01329,small-vehicle,256,0.0,814,0,0
01331,ship,0,1.0,503,503,63
01331,ship,16,0.9721669980119284,503,489,63
01331,ship,64,0.5168986083499006,503,260,47
01331,ship,256,0.009940357852882704,503,5,4
01331,small-vehicle,0,1.0,626,626,41
01331,small-vehicle,16,0.829073482428115,626,519,29
01331,small-vehicle,64,0.0,626,0,0
01331,small-vehicle,256,0.0,626,0,0
01332,airplane,0,1.0,19,19,12
01332,airplane,16,1.0,19,19,12
01332,airplane,64,0.2631578947368421,19,5,2
01332,airplane,256,0.0,19,0,0
01332,container,0,1.0,200,200,8
01332,container,16,0.0,200,0,0
01332,container,64,0.0,200,0,0
01332,container,256,0.0,200,0,0
01332,storage-tank,0,1.0,2,2,5
01332,storage-tank,16,1.0,2,2,5
01332,storage-tank,64,0.5,2,1,1
01332,storage-tank,256,0.0,2,0,0
01334,storage-tank,0,1.0,84,84,20
01334,storage-tank,16,0.39285714285714285,84,33,20
01334,storage-tank,64,0.32142857142857145,84,27,11
01334,storage-tank,256,0.0,84,0,0
01334,swimming-pool,0,1.0,3,3,12
01334,swimming-pool,16,0.6666666666666666,3,2,5
01334,swimming-pool,64,0.0,3,0,0
01334,swimming-pool,256,0.0,3,0,0
01336,windmill,0,1.0,186,186,76
01336,windmill,16,0.9838709677419355,186,183,75
01336,windmill,64,0.5376344086021505,186,100,47
01336,windmill,256,0.0,186,0,0
01338,storage-tank,0,1.0,80,80,22
01338,storage-tank,16,1.0,80,80,22
01338,storage-tank,64,0.5375,80,43,12
01338,storage-tank,256,0.025,80,2,4
01344,windmill,0,1.0,16,16,35
01344,windmill,16,1.0,16,16,35
01344,windmill,64,1.0,16,16,23
01344,windmill,256,0.0,16,0,0
01347,airplane,0,1.0,57,57,24
01347,airplane,16,1.0,57,57,24
01347,airplane,64,0.5263157894736842,57,30,22
01347,airplane,256,0.15789473684210525,57,9,8
01347,storage-tank,0,1.0,8,8,3
01347,storage-tank,16,1.0,8,8,3
01347,storage-tank,64,0.5,8,4,2
01347,storage-tank,256,0.0,8,0,0
01348,storage-tank,0,1.0,25,25,16
01348,storage-tank,16,1.0,25,25,16
01348,storage-tank,64,0.52,25,13,11
01348,storage-tank,256,0.04,25,1,1
01349,storage-tank,0,1.0,39,39,21
01349,storage-tank,16,1.0,39,39,21
01349,storage-tank,64,0.7948717948717948,39,31,11
01349,storage-tank,256,0.0,39,0,0
01351,windmill,0,1.0,47,47,64
01351,windmill,16,1.0,47,47,63
01351,windmill,64,0.5319148936170213,47,25,36
01351,windmill,256,0.0,47,0,0
01352,airplane,0,1.0,4,4,4
01352,airplane,16,1.0,4,4,4
01352,airplane,64,0.25,4,1,2
01352,airplane,256,0.0,4,0,0
01353,airplane,0,1.0,5,5,8
01353,airplane,16,1.0,5,5,8
01353,airplane,64,1.0,5,5,4
01353,airplane,256,0.0,5,0,0
01353,container,0,1.0,19,19,12
01353,container,16,1.0,19,19,12
01353,container,64,0.8947368421052632,19,17,8
01353,container,256,0.0,19,0,0
01353,large-vehicle,0,1.0,24,24,22
01353,large-vehicle,16,0.9166666666666666,24,22,14
01353,large-vehicle,64,0.7916666666666666,24,19,8
01353,large-vehicle,256,0.0,24,0,0
01353,small-vehicle,0,1.0,171,171,47
01353,small-vehicle,16,0.5555555555555556,171,95,29
01353,small-vehicle,64,0.0,171,0,0
01353,small-vehicle,256,0.0,171,0,0
01353,storage-tank,0,1.0,1,1,2
01353,storage-tank,16,1.0,1,1,2
01353,storage-tank,64,1.0,1,1,1
01353,storage-tank,256,0.0,1,0,0
01355,ship,0,1.0,898,898,24
01355,ship,16,0.8062360801781737,898,724,22
01355,ship,64,0.0200445434298441,898,18,7
01355,ship,256,0.0,898,0,0
01355,small-vehicle,0,0.9490806223479491,707,671,28
01355,small-vehicle,16,0.0014144271570014145,707,1,2
01355,small-vehicle,64,0.0,707,0,0
01355,small-vehicle,256,0.0,707,0,0
01356,ship,0,1.0,6,6,9
01356,ship,16,1.0,6,6,9
01356,ship,64,0.5,6,3,3
01356,ship,256,0.0,6,0,0
01356,storage-tank,0,1.0,25,25,16
01356,storage-tank,16,0.96,25,24,12
01356,storage-tank,64,0.32,25,8,4
01356,storage-tank,256,0.0,25,0,0
01357,airplane,0,1.0,74,74,31
01357,airplane,16,1.0,74,74,31
01357,airplane,64,0.6756756756756757,74,50,25
01357,airplane,256,0.06756756756756757,74,5,5
01357,swimming-pool,0,1.0,6,6,13
01357,swimming-pool,16,1.0,6,6,12
01357,swimming-pool,64,0.3333333333333333,6,2,5
01357,swimming-pool,256,0.0,6,0,0
01358,storage-tank,0,1.0,31,31,19
01358,storage-tank,16,1.0,31,31,19
01358,storage-tank,64,0.7096774193548387,31,22,15
01358,storage-tank,256,0.25806451612903225,31,8,8
01361,airplane,0,1.0,48,48,10
01361,airplane,16,1.0,48,48,10
01361,airplane,64,0.6041666666666666,48,29,7
01361,airplane,256,0.0,48,0,0
01361,storage-tank,0,1.0,11,11,4
01361,storage-tank,16,1.0,11,11,4
01361,storage-tank,64,0.9090909090909091,11,10,4
01361,storage-tank,256,0.0,11,0,0
01363,ship,0,1.0,51,51,43
01363,ship,16,0.9803921568627451,51,50,43
01363,ship,64,0.7647058823529411,51,39,33
01363,ship,256,0.058823529411764705,51,3,4
01363,storage-tank,0,1.0,74,74,13
01363,storage-tank,16,1.0,74,74,13
01363,storage-tank,64,0.4594594594594595,74,34,10
01363,storage-tank,256,0.02702702702702703,74,2,2
01363,swimming-pool,0,1.0,4,4,10
01363,swimming-pool,16,0.75,4,3,8
01363,swimming-pool,64,0.25,4,1,2
01363,swimming-pool,256,0.0,4,0,0
01366,storage-tank,0,1.0,9,9,13
01366,storage-tank,16,1.0,9,9,13
01366,storage-tank,64,1.0,9,9,13
01366,storage-tank,256,0.3333333333333333,9,3,6
01367,storage-tank,0,1.0,10,10,12
01367,storage-tank,16,1.0,10,10,10
01367,storage-tank,64,0.2,10,2,3
01367,storage-tank,256,0.0,10,0,0
01371,storage-tank,0,1.0,58,58,29
01371,storage-tank,16,0.8793103448275862,58,51,26
01371,storage-tank,64,0.4482758620689655,58,26,16
01371,storage-tank,256,0.05172413793103448,58,3,3
01373,container,0,1.0,8,8,9
01373,container,16,1.0,8,8,5
01373,container,64,0.0,8,0,0
01373,container,256,0.0,8,0,0
01373,storage-tank,0,1.0,24,24,9
01373,storage-tank,16,0.9166666666666666,24,22,8
01373,storage-tank,64,0.5,24,12,6
01373,storage-tank,256,0.0,24,0,0
01373,swimming-pool,0,1.0,1,1,4
01373,swimming-pool,16,1.0,1,1,4
01373,swimming-pool,64,1.0,1,1,2
01373,swimming-pool,256,0.0,1,0,0
01374,container,0,1.0,1,1,2
01374,container,16,1.0,1,1,2
01374,container,64,1.0,1,1,1
01374,container,256,0.0,1,0,0
01374,small-vehicle,0,1.0,514,514,100
01374,small-vehicle,16,0.9708171206225681,514,499,92
01374,small-vehicle,64,0.021400778210116732,514,11,12
01374,small-vehicle,256,0.0,514,0,0
01374,swimming-pool,0,1.0,113,113,93
01374,swimming-pool,16,1.0,113,113,93
01374,swimming-pool,64,0.9823008849557522,113,111,75
01374,swimming-pool,256,0.02654867256637168,113,3,2
01379,storage-tank,0,1.0,8,8,15
01379,storage-tank,16,1.0,8,8,11
01379,storage-tank,64,0.375,8,3,5
01379,storage-tank,256,0.125,8,1,1
01383,large-vehicle,0,1.0,23,23,31
01383,large-vehicle,16,1.0,23,23,31
01383,large-vehicle,64,1.0,23,23,25
01383,large-vehicle,256,0.34782608695652173,23,8,8
01383,small-vehicle,0,1.0,241,241,71
01383,small-vehicle,16,1.0,241,241,71
01383,small-vehicle,64,0.7053941908713693,241,170,54
01383,small-vehicle,256,0.0,241,0,0
01384,airplane,0,1.0,23,23,9
01384,airplane,16,1.0,23,23,7
01384,airplane,64,0.6086956521739131,23,14,3
01384,airplane,256,0.0,23,0,0
01384,swimming-pool,0,1.0,14,14,35
01384,swimming-pool,16,1.0,14,14,28
01384,swimming-pool,64,0.2857142857142857,14,4,10
01384,swimming-pool,256,0.0,14,0,0
01386,airplane,0,1.0,42,42,31
01386,airplane,16,1.0,42,42,31
01386,airplane,64,0.8095238095238095,42,34,23
01386,airplane,256,0.11904761904761904,42,5,6
01386,container,0,1.0,2,2,5
01386,container,16,1.0,2,2,3
01386,container,64,0.0,2,0,0
01386,container,256,0.0,2,0,0
01386,storage-tank,0,1.0,21,21,7
01386,storage-tank,16,1.0,21,21,7
01386,storage-tank,64,1.0,21,21,3
01386,storage-tank,256,0.0,21,0,0
01386,swimming-pool,0,1.0,1,1,5
01386,swimming-pool,16,1.0,1,1,5
01386,swimming-pool,64,1.0,1,1,1
01386,swimming-pool,256,0.0,1,0,0
01387,container,0,1.0,3040,3040,42
01387,container,16,0.003618421052631579,3040,11,5
01387,container,64,0.0,3040,0,0
01387,container,256,0.0,3040,0,0
01387,ship,0,1.0,13,13,22
01387,ship,16,1.0,13,13,22
01387,ship,64,0.8461538461538461,13,11,19
01387,ship,256,0.23076923076923078,13,3,6
01387,storage-tank,0,1.0,236,236,30
01387,storage-tank,16,0.9110169491525424,236,215,30
01387,storage-tank,64,0.3940677966101695,236,93,25
01387,storage-tank,256,0.05508474576271186,236,13,5
01391,windmill,0,1.0,35,35,60
01391,windmill,16,1.0,35,35,60
01391,windmill,64,0.6571428571428571,35,23,32
01391,windmill,256,0.0,35,0,0
01394,storage-tank,0,1.0,17,17,14
01394,storage-tank,16,0.9411764705882353,17,16,13
01394,storage-tank,64,0.17647058823529413,17,3,4
01394,storage-tank,256,0.0,17,0,0
01395,windmill,0,1.0,4,4,7
01395,windmill,16,1.0,4,4,7
01395,windmill,64,1.0,4,4,5
01395,windmill,256,0.25,4,1,1
01399,airplane,0,1.0,9,9,5
01399,airplane,16,1.0,9,9,5
01399,airplane,64,1.0,9,9,5
01399,airplane,256,0.1111111111111111,9,1,1
01399,helicopter,0,1.0,1,1,2
01399,helicopter,16,1.0,1,1,2
01399,helicopter,64,1.0,1,1,1
01399,helicopter,256,0.0,1,0,0
01401,container,0,1.0,292,292,42
01401,container,16,1.0,292,292,42
01401,container,64,1.0,292,292,25
01401,container,256,0.0,292,0,0
01401,small-vehicle,0,1.0,12,12,5
01401,small-vehicle,16,1.0,12,12,3
01401,small-vehicle,64,0.0,12,0,0
01401,small-vehicle,256,0.0,12,0,0
01403,storage-tank,0,1.0,5,5,17
01403,storage-tank,16,1.0,5,5,16
01403,storage-tank,64,0.8,5,4,10
01403,storage-tank,256,0.0,5,0,0
01404,container,0,1.0,19,19,26
01404,container,16,0.7368421052631579,19,14,17
01404,container,64,0.0,19,0,0
01404,container,256,0.0,19,0,0
01404,large-vehicle,0,1.0,8,8,10
01404,large-vehicle,16,1.0,8,8,4
01404,large-vehicle,64,0.0,8,0,0
01404,large-vehicle,256,0.0,8,0,0
01404,small-vehicle,0,1.0,147,147,43
01404,small-vehicle,16,0.061224489795918366,147,9,7
01404,small-vehicle,64,0.0,147,0,0
01404,small-vehicle,256,0.0,147,0,0
01404,storage-tank,0,1.0,243,243,32
01404,storage-tank,16,0.720164609053498,243,175,21
01404,storage-tank,64,0.2716049382716049,243,66,15
01404,storage-tank,256,0.00823045267489712,243,2,2
01404,swimming-pool,0,1.0,14,14,15
01404,swimming-pool,16,1.0,14,14,12
01404,swimming-pool,64,0.35714285714285715,14,5,5
01404,swimming-pool,256,0.0,14,0,0
01406,storage-tank,0,1.0,286,286,44
01406,storage-tank,16,0.9755244755244755,286,279,44
01406,storage-tank,64,0.7517482517482518,286,215,33
01406,storage-tank,256,0.045454545454545456,286,13,6
01407,ship,0,1.0,262,262,44
01407,ship,16,1.0,262,262,44
01407,ship,64,0.8358778625954199,262,219,33
01407,ship,256,0.011450381679389313,262,3,4
01407,small-vehicle,0,0.9955357142857143,224,223,70
01407,small-vehicle,16,0.9642857142857143,224,216,50
01407,small-vehicle,64,0.0,224,0,0
01407,small-vehicle,256,0.0,224,0,0
01407,swimming-pool,0,1.0,32,32,59
01407,swimming-pool,16,1.0,32,32,59
01407,swimming-pool,64,0.96875,32,31,43
01407,swimming-pool,256,0.09375,32,3,4
01408,large-vehicle,0,1.0,2,2,7
01408,large-vehicle,16,1.0,2,2,6
01408,large-vehicle,64,1.0,2,2,4
01408,large-vehicle,256,0.0,2,0,0
01408,small-vehicle,0,0.9957264957264957,234,233,89
01408,small-vehicle,16,0.9658119658119658,234,226,72
01408,small-vehicle,64,0.01282051282051282,234,3,4
01408,small-vehicle,256,0.0,234,0,0
01408,swimming-pool,0,1.0,97,97,75
01408,swimming-pool,16,1.0,97,97,75
01408,swimming-pool,64,0.9381443298969072,97,91,72
01408,swimming-pool,256,0.28865979381443296,97,28,28
01410,windmill,0,1.0,24,24,54
01410,windmill,16,1.0,24,24,54
01410,windmill,64,0.9583333333333334,24,23,38
01410,windmill,256,0.041666666666666664,24,1,2
01412,airplane,0,1.0,79,79,27
01412,airplane,16,1.0,79,79,27
01412,airplane,64,0.810126582278481,79,64,18
01412,airplane,256,0.0,79,0,0
01412,storage-tank,0,1.0,5,5,4
01412,storage-tank,16,1.0,5,5,4
01412,storage-tank,64,1.0,5,5,2
01412,storage-tank,256,0.0,5,0,0
01413,container,0,1.0,8,8,9
01413,container,16,0.125,8,1,2
01413,container,64,0.0,8,0,0
01413,container,256,0.0,8,0,0
01413,large-vehicle,0,1.0,6,6,12
01413,large-vehicle,16,0.6666666666666666,6,4,6
01413,large-vehicle,64,0.0,6,0,0
01413,large-vehicle,256,0.0,6,0,0
01413,ship,0,1.0,729,729,15
01413,ship,16,0.7846364883401921,729,572,14
01413,ship,64,0.006858710562414266,729,5,5
01413,ship,256,0.0,729,0,0
01413,small-vehicle,0,0.9966216216216216,296,295,33
01413,small-vehicle,16,0.0,296,0,0
01413,small-vehicle,64,0.0,296,0,0
01413,small-vehicle,256,0.0,296,0,0
01413,swimming-pool,0,1.0,6,6,10
01413,swimming-pool,16,1.0,6,6,8
01413,swimming-pool,64,0.16666666666666666,6,1,1
01413,swimming-pool,256,0.0,6,0,0
01414,container,0,1.0,1731,1731,51
01414,container,16,1.0,1731,1731,50
01414,container,64,0.9797804737146159,1731,1696,36
01414,container,256,0.0,1731,0,0
01414,large-vehicle,0,1.0,12,12,14
01414,large-vehicle,16,1.0,12,12,14
01414,large-vehicle,64,1.0,12,12,8
01414,large-vehicle,256,0.0,12,0,0
01414,small-vehicle,0,1.0,410,410,51
01414,small-vehicle,16,1.0,410,410,47
01414,small-vehicle,64,0.05853658536585366,410,24,20
01414,small-vehicle,256,0.0,410,0,0
01414,swimming-pool,0,1.0,36,36,33
01414,swimming-pool,16,1.0,36,36,33
01414,swimming-pool,64,1.0,36,36,30
01414,swimming-pool,256,0.16666666666666666,36,6,8
01416,container,0,1.0,21,21,14
01416,container,16,1.0,21,21,14
01416,container,64,0.9523809523809523,21,20,9
01416,container,256,0.0,21,0,0
01416,large-vehicle,0,1.0,19,19,25
01416,large-vehicle,16,1.0,19,19,25
01416,large-vehicle,64,1.0,19,19,20
01416,large-vehicle,256,0.6842105263157895,19,13,7
01416,small-vehicle,0,1.0,304,304,64
01416,small-vehicle,16,0.9736842105263158,304,296,52
01416,small-vehicle,64,0.046052631578947366,304,14,17
01416,small-vehicle,256,0.006578947368421052,304,2,4
01417,airplane,0,1.0,112,112,29
01417,airplane,16,1.0,112,112,29
01417,airplane,64,0.9464285714285714,112,106,18
01417,airplane,256,0.017857142857142856,112,2,2
01417,large-vehicle,0,1.0,1,1,3
01417,large-vehicle,16,1.0,1,1,1
01417,large-vehicle,64,0.0,1,0,0
01417,large-vehicle,256,0.0,1,0,0
01417,small-vehicle,0,1.0,359,359,51
01417,small-vehicle,16,0.6183844011142061,359,222,37
01417,small-vehicle,64,0.0,359,0,0
01417,small-vehicle,256,0.0,359,0,0
01417,storage-tank,0,0.4,5,2,2
01417,storage-tank,16,0.4,5,2,2
01417,storage-tank,64,0.4,5,2,1
01417,storage-tank,256,0.0,5,0,0
01417,swimming-pool,0,1.0,65,65,29
01417,swimming-pool,16,1.0,65,65,28
01417,swimming-pool,64,0.2,65,13,16
01417,swimming-pool,256,0.0,65,0,0
01418,storage-tank,0,1.0,37,37,16
01418,storage-tank,16,1.0,37,37,15
01418,storage-tank,64,0.5135135135135135,37,19,8
01418,storage-tank,256,0.0,37,0,0
01419,airplane,0,1.0,66,66,28
01419,airplane,16,1.0,66,66,28
01419,airplane,64,0.9545454545454546,66,63,25
01419,airplane,256,0.19696969696969696,66,13,10
01419,storage-tank,0,1.0,14,14,4
01419,storage-tank,16,1.0,14,14,3
01419,storage-tank,64,0.35714285714285715,14,5,2
01419,storage-tank,256,0.0,14,0,0
01424,ship,0,1.0,91,91,35
01424,ship,16,1.0,91,91,31
01424,ship,64,0.16483516483516483,91,15,17
01424,ship,256,0.01098901098901099,91,1,2
01425,airplane,0,1.0,15,15,14
01425,airplane,16,1.0,15,15,14
01425,airplane,64,1.0,15,15,10
01425,airplane,256,0.06666666666666667,15,1,2
01425,large-vehicle,0,1.0,4,4,9
01425,large-vehicle,16,1.0,4,4,9
01425,large-vehicle,64,1.0,4,4,5
01425,large-vehicle,256,0.0,4,0,0
01425,small-vehicle,0,1.0,376,376,76
01425,small-vehicle,16,0.2473404255319149,376,93,43
01425,small-vehicle,64,0.0,376,0,0
01425,small-vehicle,256,0.0,376,0,0
01425,swimming-pool,0,1.0,67,67,54
01425,swimming-pool,16,1.0,67,67,52
01425,swimming-pool,64,0.5074626865671642,67,34,32
01425,swimming-pool,256,0.0,67,0,0
01426,windmill,0,1.0,42,42,72
01426,windmill,16,1.0,42,42,72
01426,windmill,64,0.9285714285714286,42,39,55
01426,windmill,256,0.16666666666666666,42,7,9
01427,airplane,0,1.0,11,11,12
01427,airplane,16,1.0,11,11,12
01427,airplane,64,0.9090909090909091,11,10,8
01427,airplane,256,0.0,11,0,0
01427,small-vehicle,0,1.0,10,10,12
01427,small-vehicle,16,0.6,10,6,6
01427,small-vehicle,64,0.0,10,0,0
01427,small-vehicle,256,0.0,10,0,0
01430,airplane,0,1.0,18,18,9
01430,airplane,16,1.0,18,18,9
01430,airplane,64,1.0,18,18,5
01430,airplane,256,0.0,18,0,0
01430,container,0,1.0,20,20,18
01430,container,16,0.15,20,3,3
01430,container,64,0.0,20,0,0
01430,container,256,0.0,20,0,0
01430,large-vehicle,0,1.0,2,2,4
01430,large-vehicle,16,0.0,2,0,0
01430,large-vehicle,64,0.0,2,0,0
01430,large-vehicle,256,0.0,2,0,0
01430,small-vehicle,0,1.0,114,114,30
01430,small-vehicle,16,0.0,114,0,0
01430,small-vehicle,64,0.0,114,0,0
01430,small-vehicle,256,0.0,114,0,0
01430,storage-tank,0,1.0,1,1,7
01430,storage-tank,16,1.0,1,1,5
01430,storage-tank,64,1.0,1,1,1
01430,storage-tank,256,0.0,1,0,0
01435,airplane,0,1.0,19,19,22
01435,airplane,16,0.6842105263157895,19,13,17
01435,airplane,64,0.5789473684210527,19,11,12
01435,airplane,256,0.0,19,0,0
01435,storage-tank,0,0.9545454545454546,22,21,14
01435,storage-tank,16,0.5454545454545454,22,12,8
01435,storage-tank,64,0.13636363636363635,22,3,1
01435,storage-tank,256,0.0,22,0,0
01440,large-vehicle,0,1.0,1,1,6
01440,large-vehicle,16,1.0,1,1,6
01440,large-vehicle,64,1.0,1,1,1
01440,large-vehicle,256,0.0,1,0,0
01440,small-vehicle,0,1.0,279,279,96
01440,small-vehicle,16,0.9283154121863799,279,259,73
01440,small-vehicle,64,0.0035842293906810036,279,1,1
01440,small-vehicle,256,0.0,279,0,0
01440,swimming-pool,0,1.0,220,220,97
01440,swimming-pool,16,1.0,220,220,97
01440,swimming-pool,64,0.9772727272727273,220,215,95
01440,swimming-pool,256,0.18636363636363637,220,41,39
01443,airplane,0,1.0,7,7,9
01443,airplane,16,1.0,7,7,9
01443,airplane,64,1.0,7,7,8
01443,airplane,256,0.14285714285714285,7,1,2
01444,storage-tank,0,1.0,10,10,6
01444,storage-tank,16,1.0,10,10,6
01444,storage-tank,64,1.0,10,10,4
01444,storage-tank,256,0.0,10,0,0
01447,large-vehicle,0,1.0,7,7,18
01447,large-vehicle,16,1.0,7,7,18
01447,large-vehicle,64,1.0,7,7,8
01447,large-vehicle,256,0.0,7,0,0
01447,ship,0,1.0,1,1,5
01447,ship,16,1.0,1,1,5
01447,ship,64,1.0,1,1,1
01447,ship,256,0.0,1,0,0
01447,small-vehicle,0,0.9878048780487805,410,405,95
01447,small-vehicle,16,0.8780487804878049,410,360,82
01447,small-vehicle,64,0.04878048780487805,410,20,15
01447,small-vehicle,256,0.0,410,0,0
01447,swimming-pool,0,1.0,16,16,33
01447,swimming-pool,16,1.0,16,16,33
01447,swimming-pool,64,0.875,16,14,19
01447,swimming-pool,256,0.0,16,0,0
01449,container,0,1.0,208,208,70
01449,container,16,1.0,208,208,69
01449,container,64,0.9855769230769231,208,205,45
01449,container,256,0.0,208,0,0
01449,large-vehicle,0,1.0,47,47,46
01449,large-vehicle,16,1.0,47,47,45
01449,large-vehicle,64,0.8085106382978723,47,38,27
01449,large-vehicle,256,0.02127659574468085,47,1,1
01449,small-vehicle,0,1.0,381,381,75
01449,small-vehicle,16,0.9973753280839895,381,380,57
01449,small-vehicle,64,0.047244094488188976,381,18,11
01449,small-vehicle,256,0.0,381,0,0
01450,storage-tank,0,1.0,3,3,3
01450,storage-tank,16,1.0,3,3,2
01450,storage-tank,64,0.0,3,0,0
01450,storage-tank,256,0.0,3,0,0
01451,airplane,0,0.96,25,24,12
01451,airplane,16,0.96,25,24,12
01451,airplane,64,0.92,25,23,9
01451,airplane,256,0.04,25,1,2
01451,storage-tank,0,1.0,11,11,3
01451,storage-tank,16,0.8181818181818182,11,9,3
01451,storage-tank,64,0.36363636363636365,11,4,2
01451,storage-tank,256,0.0,11,0,0
01452,windmill,0,1.0,6,6,17
01452,windmill,16,1.0,6,6,17
01452,windmill,64,1.0,6,6,8
01452,windmill,256,0.0,6,0,0
01454,airplane,0,1.0,12,12,10
01454,airplane,16,1.0,12,12,10
01454,airplane,64,0.9166666666666666,12,11,7
01454,airplane,256,0.25,12,3,3
01455,large-vehicle,0,1.0,2,2,7
01455,large-vehicle,16,1.0,2,2,7
01455,large-vehicle,64,1.0,2,2,6
01455,large-vehicle,256,1.0,2,2,2
01455,small-vehicle,0,0.9952830188679245,212,211,75
01455,small-vehicle,16,0.9764150943396226,212,207,60
01455,small-vehicle,64,0.018867924528301886,212,4,6
01455,small-vehicle,256,0.0,212,0,0
01455,storage-tank,0,1.0,196,196,10
01455,storage-tank,16,1.0,196,196,10
01455,storage-tank,64,0.576530612244898,196,113,10
01455,storage-tank,256,0.08163265306122448,196,16,6
01455,swimming-pool,0,1.0,64,64,63
01455,swimming-pool,16,1.0,64,64,63
01455,swimming-pool,64,0.890625,64,57,49
01455,swimming-pool,256,0.0625,64,4,3
01457,airplane,0,1.0,30,30,22
01457,airplane,16,1.0,30,30,17
01457,airplane,64,0.6666666666666666,30,20,10
01457,airplane,256,0.0,30,0,0
01457,container,0,1.0,21,21,12
01457,container,16,0.8095238095238095,21,17,8
01457,container,64,0.047619047619047616,21,1,1
01457,container,256,0.0,21,0,0
01457,storage-tank,0,1.0,6,6,6
01457,storage-tank,16,0.8333333333333334,6,5,3
01457,storage-tank,64,0.3333333333333333,6,2,2
01457,storage-tank,256,0.0,6,0,0
01458,airplane,0,1.0,3,3,3
01458,airplane,16,1.0,3,3,3
01458,airplane,64,0.6666666666666666,3,2,1
01458,airplane,256,0.0,3,0,0
01458,storage-tank,0,1.0,27,27,4
01458,storage-tank,16,1.0,27,27,3
01458,storage-tank,64,0.037037037037037035,27,1,2
01458,storage-tank,256,0.037037037037037035,27,1,1
01461,container,0,1.0,2,2,9
01461,container,16,1.0,2,2,9
01461,container,64,1.0,2,2,6
01461,container,256,0.0,2,0,0
01461,large-vehicle,0,1.0,16,16,38
01461,large-vehicle,16,1.0,16,16,38
01461,large-vehicle,64,1.0,16,16,24
01461,large-vehicle,256,0.0,16,0,0
01461,ship,0,1.0,1,1,2
01461,ship,16,0.0,1,0,0
01461,ship,64,0.0,1,0,0
01461,ship,256,0.0,1,0,0
01461,small-vehicle,0,0.9943181818181818,880,875,100
01461,small-vehicle,16,0.9431818181818182,880,830,87
01461,small-vehicle,64,0.007954545454545454,880,7,8
01461,small-vehicle,256,0.0,880,0,0
01461,swimming-pool,0,1.0,1,1,3
01461,swimming-pool,16,1.0,1,1,3
01461,swimming-pool,64,1.0,1,1,2
01461,swimming-pool,256,0.0,1,0,0
01463,airplane,0,1.0,7,7,9
01463,airplane,16,1.0,7,7,8
01463,airplane,64,0.5714285714285714,7,4,4
01463,airplane,256,0.14285714285714285,7,1,1
01463,large-vehicle,0,1.0,12,12,11
01463,large-vehicle,16,1.0,12,12,7
01463,large-vehicle,64,0.0,12,0,0
01463,large-vehicle,256,0.0,12,0,0
01463,storage-tank,0,1.0,2,2,4
01463,storage-tank,16,1.0,2,2,4
01463,storage-tank,64,1.0,2,2,2
01463,storage-tank,256,0.0,2,0,0
01463,swimming-pool,0,1.0,6,6,8
01463,swimming-pool,16,1.0,6,6,6
01463,swimming-pool,64,0.0,6,0,0
01463,swimming-pool,256,0.0,6,0,0
01464,airplane,0,1.0,13,13,17
01464,airplane,16,1.0,13,13,17
01464,airplane,64,1.0,13,13,10
01464,airplane,256,0.0,13,0,0
01464,large-vehicle,0,1.0,9,9,3
01464,large-vehicle,16,1.0,9,9,2
01464,large-vehicle,64,0.0,9,0,0
01464,large-vehicle,256,0.0,9,0,0
01464,small-vehicle,0,1.0,8,8,6
01464,small-vehicle,16,0.0,8,0,0
01464,small-vehicle,64,0.0,8,0,0
01464,small-vehicle,256,0.0,8,0,0
01467,windmill,0,1.0,22,22,57
01467,windmill,16,0.9545454545454546,22,21,55
01467,windmill,64,0.7727272727272727,22,17,29
01467,windmill,256,0.0,22,0,0
01468,small-vehicle,0,0.9889705882352942,272,269,86
01468,small-vehicle,16,0.9558823529411765,272,260,85
01468,small-vehicle,64,0.22794117647058823,272,62,48
01468,small-vehicle,256,0.0,272,0,0
01468,swimming-pool,0,1.0,104,104,86
01468,swimming-pool,16,1.0,104,104,86
01468,swimming-pool,64,1.0,104,104,80
01468,swimming-pool,256,0.2403846153846154,104,25,28
01470,airplane,0,1.0,9,9,5
01470,airplane,16,1.0,9,9,5
01470,airplane,64,1.0,9,9,3
01470,airplane,256,0.0,9,0,0
01470,large-vehicle,0,1.0,1,1,3
01470,large-vehicle,16,1.0,1,1,3
01470,large-vehicle,64,1.0,1,1,2
01470,large-vehicle,256,0.0,1,0,0
01470,small-vehicle,0,1.0,23,23,7
01470,small-vehicle,16,1.0,23,23,4
01470,small-vehicle,64,0.0,23,0,0
01470,small-vehicle,256,0.0,23,0,0
01472,airplane,0,1.0,2,2,4
01472,airplane,16,1.0,2,2,4
01472,airplane,64,0.5,2,1,2
01472,airplane,256,0.0,2,0,0
01475,ship,0,1.0,7,7,9
01475,ship,16,1.0,7,7,8
01475,ship,64,1.0,7,7,6
01475,ship,256,0.14285714285714285,7,1,1
01475,storage-tank,0,1.0,67,67,28
01475,storage-tank,16,0.9104477611940298,67,61,28
01475,storage-tank,64,0.47761194029850745,67,32,13
01475,storage-tank,256,0.0,67,0,0
01479,storage-tank,0,1.0,37,37,8
01479,storage-tank,16,1.0,37,37,7
01479,storage-tank,64,0.7027027027027027,37,26,5
01479,storage-tank,256,0.0,37,0,0
01481,airplane,0,1.0,8,8,11
01481,airplane,16,1.0,8,8,10
01481,airplane,64,0.5,8,4,3
01481,airplane,256,0.0,8,0,0
01482,small-vehicle,0,1.0,162,162,92
01482,small-vehicle,16,0.9629629629629629,162,156,70
01482,small-vehicle,64,0.006172839506172839,162,1,2
01482,small-vehicle,256,0.0,162,0,0
01482,swimming-pool,0,1.0,151,151,99
01482,swimming-pool,16,1.0,151,151,99
01482,swimming-pool,64,0.9470198675496688,151,143,99
01482,swimming-pool,256,0.2582781456953642,151,39,43
01483,storage-tank,0,1.0,7,7,14
01483,storage-tank,16,1.0,7,7,14
01483,storage-tank,64,1.0,7,7,10
01483,storage-tank,256,0.0,7,0,0
01484,airplane,0,1.0,1,1,8
01484,airplane,16,1.0,1,1,8
01484,airplane,64,1.0,1,1,4
01484,airplane,256,0.0,1,0,0
01484,helicopter,0,1.0,10,10,10
01484,helicopter,16,1.0,10,10,10
01484,helicopter,64,1.0,10,10,4
01484,helicopter,256,0.0,10,0,0
01484,large-vehicle,0,1.0,75,75,6
01484,large-vehicle,16,0.3333333333333333,75,25,4
01484,large-vehicle,64,0.0,75,0,0
01484,large-vehicle,256,0.0,75,0,0
01484,small-vehicle,0,1.0,401,401,15
01484,small-vehicle,16,0.05486284289276808,401,22,8
01484,small-vehicle,64,0.0,401,0,0
01484,small-vehicle,256,0.0,401,0,0
01488,airplane,0,1.0,65,65,15
01488,airplane,16,1.0,65,65,15
01488,airplane,64,1.0,65,65,12
01488,airplane,256,0.1076923076923077,65,7,2
01492,airplane,0,1.0,22,22,20
01492,airplane,16,0.9090909090909091,22,20,19
01492,airplane,64,0.5909090909090909,22,13,10
01492,airplane,256,0.045454545454545456,22,1,1
01492,container,0,1.0,1,1,2
01492,container,16,1.0,1,1,1
01492,container,64,0.0,1,0,0
01492,container,256,0.0,1,0,0
01492,storage-tank,0,1.0,18,18,4
01492,storage-tank,16,0.5,18,9,2
01492,storage-tank,64,0.0,18,0,0
01492,storage-tank,256,0.0,18,0,0
01492,swimming-pool,0,1.0,1,1,5
01492,swimming-pool,16,1.0,1,1,5
01492,swimming-pool,64,1.0,1,1,4
01492,swimming-pool,256,0.0,1,0,0
01493,windmill,0,1.0,28,28,58
01493,windmill,16,1.0,28,28,58
01493,windmill,64,0.8928571428571429,28,25,42
01493,windmill,256,0.10714285714285714,28,3,5
01494,airplane,0,1.0,37,37,24
01494,airplane,16,1.0,37,37,24
01494,airplane,64,1.0,37,37,18
01494,airplane,256,0.05405405405405406,37,2,6
01494,small-vehicle,0,1.0,41,41,22
01494,small-vehicle,16,0.975609756097561,41,40,10
01494,small-vehicle,64,0.0,41,0,0
01494,small-vehicle,256,0.0,41,0,0
01495,storage-tank,0,1.0,50,50,14
01495,storage-tank,16,1.0,50,50,13
01495,storage-tank,64,0.48,50,24,9
01495,storage-tank,256,0.08,50,4,2
01500,storage-tank,0,1.0,22,22,11
01500,storage-tank,16,1.0,22,22,11
01500,storage-tank,64,1.0,22,22,5
01500,storage-tank,256,0.0,22,0,0
01502,airplane,0,1.0,18,18,15
01502,airplane,16,1.0,18,18,14
01502,airplane,64,0.7777777777777778,18,14,8
01502,airplane,256,0.0,18,0,0
01502,container,0,1.0,8,8,4
01502,container,16,1.0,8,8,2
01502,container,64,0.0,8,0,0
01502,container,256,0.0,8,0,0
01502,small-vehicle,0,1.0,65,65,11
01502,small-vehicle,16,0.9230769230769231,65,60,6
01502,small-vehicle,64,0.0,65,0,0
01502,small-vehicle,256,0.0,65,0,0
01504,windmill,0,1.0,84,84,69
01504,windmill,16,0.9880952380952381,84,83,69
01504,windmill,64,0.9761904761904762,84,82,51
01504,windmill,256,0.0,84,0,0
01508,storage-tank,0,1.0,16,16,6
01508,storage-tank,16,1.0,16,16,6
01508,storage-tank,64,0.375,16,6,4
01508,storage-tank,256,0.0,16,0,0
01509,airplane,0,1.0,6,6,8
01509,airplane,16,1.0,6,6,8
01509,airplane,64,0.8333333333333334,6,5,6
01509,airplane,256,0.0,6,0,0
01509,container,0,1.0,10,10,9
01509,container,16,1.0,10,10,5
01509,container,64,0.0,10,0,0
01509,container,256,0.0,10,0,0
01509,large-vehicle,0,1.0,6,6,14
01509,large-vehicle,16,1.0,6,6,12
01509,large-vehicle,64,0.0,6,0,0
01509,large-vehicle,256,0.0,6,0,0
01509,small-vehicle,0,0.8119266055045872,218,177,14
01509,small-vehicle,16,0.14220183486238533,218,31,8
01509,small-vehicle,64,0.0,218,0,0
01509,small-vehicle,256,0.0,218,0,0
01510,airplane,0,1.0,29,29,17
01510,airplane,16,1.0,29,29,17
01510,airplane,64,0.3103448275862069,29,9,11
01510,airplane,256,0.0,29,0,0
01510,storage-tank,0,1.0,2,2,6
01510,storage-tank,16,1.0,2,2,6
01510,storage-tank,64,0.5,2,1,1
01510,storage-tank,256,0.0,2,0,0
01511,airplane,0,1.0,19,19,8
01511,airplane,16,1.0,19,19,7
01511,airplane,64,0.47368421052631576,19,9,4
01511,airplane,256,0.0,19,0,0
01511,storage-tank,0,1.0,6,6,8
01511,storage-tank,16,1.0,6,6,8
01511,storage-tank,64,1.0,6,6,5
01511,storage-tank,256,0.0,6,0,0
01512,airplane,0,1.0,21,21,18
01512,airplane,16,1.0,21,21,18
01512,airplane,64,0.9523809523809523,21,20,16
01512,airplane,256,0.2857142857142857,21,6,3
01517,airplane,0,1.0,11,11,13
01517,airplane,16,1.0,11,11,13
01517,airplane,64,1.0,11,11,11
01517,airplane,256,0.2727272727272727,11,3,3
01517,container,0,1.0,160,160,15
01517,container,16,1.0,160,160,10
01517,container,64,0.0,160,0,0
01517,container,256,0.0,160,0,0
01517,large-vehicle,0,1.0,6,6,13
01517,large-vehicle,16,1.0,6,6,7
01517,large-vehicle,64,0.0,6,0,0
01517,large-vehicle,256,0.0,6,0,0
01517,ship,0,1.0,1,1,2
01517,ship,16,0.0,1,0,0
01517,ship,64,0.0,1,0,0
01517,ship,256,0.0,1,0,0
01517,small-vehicle,0,0.9822695035460993,282,277,59
01517,small-vehicle,16,0.05673758865248227,282,16,12
01517,small-vehicle,64,0.0,282,0,0
01517,small-vehicle,256,0.0,282,0,0
01519,windmill,0,1.0,54,54,45
01519,windmill,16,1.0,54,54,45
01519,windmill,64,1.0,54,54,36
01519,windmill,256,0.1111111111111111,54,6,9
01520,windmill,0,1.0,25,25,33
01520,windmill,16,0.92,25,23,30
01520,windmill,64,0.32,25,8,9
01520,windmill,256,0.0,25,0,0
01521,airplane,0,1.0,32,32,36
01521,airplane,16,0.96875,32,31,36
01521,airplane,64,0.8125,32,26,29
01521,airplane,256,0.15625,32,5,6
01521,storage-tank,0,1.0,4,4,3
01521,storage-tank,16,1.0,4,4,3
01521,storage-tank,64,0.0,4,0,0
01521,storage-tank,256,0.0,4,0,0
01525,airplane,0,1.0,128,128,37
01525,airplane,16,1.0,128,128,35
01525,airplane,64,0.8359375,128,107,28
01525,airplane,256,0.046875,128,6,6
01525,storage-tank,0,1.0,10,10,14
01525,storage-tank,16,0.9,10,9,10
01525,storage-tank,64,0.1,10,1,1
01525,storage-tank,256,0.0,10,0,0
01529,storage-tank,0,1.0,9,9,6
01529,storage-tank,16,1.0,9,9,6
01529,storage-tank,64,0.6666666666666666,9,6,5
01529,storage-tank,256,0.1111111111111111,9,1,2
01530,ship,0,1.0,1,1,4
01530,ship,16,1.0,1,1,4
01530,ship,64,1.0,1,1,2
01530,ship,256,0.0,1,0,0
01530,storage-tank,0,1.0,19,19,5
01530,storage-tank,16,1.0,19,19,5
01530,storage-tank,64,1.0,19,19,2
01530,storage-tank,256,0.0,19,0,0
01531,storage-tank,0,1.0,24,24,7
01531,storage-tank,16,1.0,24,24,7
01531,storage-tank,64,1.0,24,24,5
01531,storage-tank,256,0.0,24,0,0
01532,storage-tank,0,1.0,68,68,15
01532,storage-tank,16,1.0,68,68,14
01532,storage-tank,64,0.6617647058823529,68,45,10
01532,storage-tank,256,0.014705882352941176,68,1,1
01535,windmill,0,0.9928057553956835,139,138,56
01535,windmill,16,0.9928057553956835,139,138,56
01535,windmill,64,0.8633093525179856,139,120,45
01535,windmill,256,0.02877697841726619,139,4,4
01538,container,0,1.0,15,15,13
01538,container,16,0.9333333333333333,15,14,12
01538,container,64,0.5333333333333333,15,8,4
01538,container,256,0.0,15,0,0
01538,small-vehicle,0,1.0,344,344,93
01538,small-vehicle,16,0.9825581395348837,344,338,74
01538,small-vehicle,64,0.00872093023255814,344,3,8
01538,small-vehicle,256,0.0,344,0,0
01538,swimming-pool,0,1.0,185,185,75
01538,swimming-pool,16,1.0,185,185,75
01538,swimming-pool,64,0.9837837837837838,185,182,57
01538,swimming-pool,256,0.0,185,0,0
01540,ship,0,1.0,1,1,3
01540,ship,16,0.0,1,0,0
01540,ship,64,0.0,1,0,0
01540,ship,256,0.0,1,0,0
01540,storage-tank,0,1.0,108,108,28
01540,storage-tank,16,0.9351851851851852,108,101,27
01540,storage-tank,64,0.4537037037037037,108,49,16
01540,storage-tank,256,0.0,108,0,0
01541,airplane,0,1.0,37,37,24
01541,airplane,16,1.0,37,37,23
01541,airplane,64,0.9459459459459459,37,35,14
01541,airplane,256,0.0,37,0,0
01541,ship,0,1.0,44,44,14
01541,ship,16,0.36363636363636365,44,16,12
01541,ship,64,0.09090909090909091,44,4,5
01541,ship,256,0.0,44,0,0
01541,storage-tank,0,1.0,7,7,10
01541,storage-tank,16,1.0,7,7,6
01541,storage-tank,64,0.14285714285714285,7,1,1
01541,storage-tank,256,0.0,7,0,0
01541,swimming-pool,0,1.0,1,1,2
01541,swimming-pool,16,1.0,1,1,1
01541,swimming-pool,64,0.0,1,0,0
01541,swimming-pool,256,0.0,1,0,0
01542,container,0,1.0,38,38,16
01542,container,16,1.0,38,38,16
01542,container,64,0.34210526315789475,38,13,6
01542,container,256,0.0,38,0,0
01542,ship,0,1.0,821,821,59
01542,ship,16,0.9902557856272838,821,813,59
01542,ship,64,0.40682095006090135,821,334,46
01542,ship,256,0.0048721071863581,821,4,4
01542,small-vehicle,0,1.0,405,405,70
01542,small-vehicle,16,0.9530864197530864,405,386,54
01542,small-vehicle,64,0.014814814814814815,405,6,3
01542,small-vehicle,256,0.0,405,0,0
01542,swimming-pool,0,1.0,110,110,61
01542,swimming-pool,16,1.0,110,110,58
01542,swimming-pool,64,0.7636363636363637,110,84,37
01542,swimming-pool,256,0.00909090909090909,110,1,2
01543,airplane,0,1.0,131,131,29
01543,airplane,16,1.0,131,131,29
01543,airplane,64,0.6412213740458015,131,84,16
01543,airplane,256,0.0,131,0,0
01543,storage-tank,0,1.0,37,37,8
01543,storage-tank,16,0.7027027027027027,37,26,2
01543,storage-tank,64,0.0,37,0,0
01543,storage-tank,256,0.0,37,0,0
01544,storage-tank,0,1.0,19,19,33
01544,storage-tank,16,1.0,19,19,31
01544,storage-tank,64,0.5789473684210527,19,11,14
01544,storage-tank,256,0.0,19,0,0
01544,swimming-pool,0,1.0,6,6,16
01544,swimming-pool,16,1.0,6,6,10
01544,swimming-pool,64,0.0,6,0,0
01544,swimming-pool,256,0.0,6,0,0
01546,windmill,0,1.0,10,10,30
01546,windmill,16,1.0,10,10,26
01546,windmill,64,0.7,10,7,12
01546,windmill,256,0.0,10,0,0
01549,storage-tank,0,1.0,2,2,6
01549,storage-tank,16,1.0,2,2,6
01549,storage-tank,64,1.0,2,2,6
01549,storage-tank,256,0.5,2,1,2
01549,windmill,0,1.0,99,99,74
01549,windmill,16,0.98989898989899,99,98,74
01549,windmill,64,0.9595959595959596,99,95,67
01549,windmill,256,0.18181818181818182,99,18,16
01551,storage-tank,0,1.0,96,96,12
01551,storage-tank,16,0.9895833333333334,96,95,10
01551,storage-tank,64,0.19791666666666666,96,19,5
01551,storage-tank,256,0.0,96,0,0
01552,ship,0,1.0,17,17,21
01552,ship,16,1.0,17,17,20
01552,ship,64,0.6470588235294118,17,11,16
01552,ship,256,0.17647058823529413,17,3,2
01552,storage-tank,0,1.0,261,261,50
01552,storage-tank,16,0.8850574712643678,261,231,41
01552,storage-tank,64,0.23371647509578544,261,61,15
01552,storage-tank,256,0.0,261,0,0
01552,swimming-pool,0,1.0,2,2,6
01552,swimming-pool,16,1.0,2,2,3
01552,swimming-pool,64,0.0,2,0,0
01552,swimming-pool,256,0.0,2,0,0
01555,airplane,0,1.0,21,21,7
01555,airplane,16,1.0,21,21,7
01555,airplane,64,0.6190476190476191,21,13,3
01555,airplane,256,0.0,21,0,0
01560,airplane,0,1.0,30,30,23
01560,airplane,16,1.0,30,30,23
01560,airplane,64,0.8,30,24,13
01560,airplane,256,0.03333333333333333,30,1,1
01560,small-vehicle,0,1.0,753,753,25
01560,small-vehicle,16,0.17131474103585656,753,129,15
01560,small-vehicle,64,0.0,753,0,0
01560,small-vehicle,256,0.0,753,0,0
01561,airplane,0,1.0,48,48,20
01561,airplane,16,1.0,48,48,20
01561,airplane,64,0.7291666666666666,48,35,15
01561,airplane,256,0.041666666666666664,48,2,3
01561,storage-tank,0,1.0,6,6,3
01561,storage-tank,16,0.0,6,0,0
01561,storage-tank,64,0.0,6,0,0
01561,storage-tank,256,0.0,6,0,0
01563,large-vehicle,0,1.0,1,1,4
01563,large-vehicle,16,1.0,1,1,4
01563,large-vehicle,64,1.0,1,1,2
01563,large-vehicle,256,0.0,1,0,0
01563,ship,0,1.0,5,5,3
01563,ship,16,1.0,5,5,1
01563,ship,64,0.0,5,0,0
01563,ship,256,0.0,5,0,0
01563,small-vehicle,0,1.0,461,461,97
01563,small-vehicle,16,0.9457700650759219,461,436,79
01563,small-vehicle,64,0.006507592190889371,461,3,3
01563,small-vehicle,256,0.0,461,0,0
01563,swimming-pool,0,1.0,65,65,76
01563,swimming-pool,16,1.0,65,65,76
01563,swimming-pool,64,0.9846153846153847,65,64,71
01563,swimming-pool,256,0.5538461538461539,65,36,36
01564,storage-tank,0,1.0,2,2,7
01564,storage-tank,16,1.0,2,2,5
01564,storage-tank,64,0.5,2,1,1
01564,storage-tank,256,0.0,2,0,0
01564,swimming-pool,0,1.0,1,1,2
01564,swimming-pool,16,1.0,1,1,2
01564,swimming-pool,64,1.0,1,1,1
01564,swimming-pool,256,0.0,1,0,0
01566,airplane,0,1.0,53,53,27
01566,airplane,16,0.9433962264150944,53,50,27
01566,airplane,64,0.8679245283018868,53,46,21
01566,airplane,256,0.05660377358490566,53,3,4
01566,storage-tank,0,1.0,12,12,18
01566,storage-tank,16,0.5833333333333334,12,7,12
01566,storage-tank,64,0.3333333333333333,12,4,6
01566,storage-tank,256,0.0,12,0,0
01567,ship,0,1.0,566,566,51
01567,ship,16,0.9646643109540636,566,546,51
01567,ship,64,0.7243816254416962,566,410,47
01567,ship,256,0.030035335689045935,566,17,16
01567,small-vehicle,0,1.0,169,169,23
01567,small-vehicle,16,1.0,169,169,16
01567,small-vehicle,64,0.0,169,0,0
01567,small-vehicle,256,0.0,169,0,0
01568,airplane,0,1.0,4,4,7
01568,airplane,16,1.0,4,4,7
01568,airplane,64,1.0,4,4,4
01568,airplane,256,0.0,4,0,0
01568,container,0,1.0,28,28,23
01568,container,16,1.0,28,28,20
01568,container,64,0.5,28,14,8
01568,container,256,0.0,28,0,0
01568,small-vehicle,0,1.0,178,178,42
01568,small-vehicle,16,0.28651685393258425,178,51,20
01568,small-vehicle,64,0.0,178,0,0
01568,small-vehicle,256,0.0,178,0,0
01568,storage-tank,0,1.0,1,1,4
01568,storage-tank,16,1.0,1,1,4
01568,storage-tank,64,1.0,1,1,4
01568,storage-tank,256,1.0,1,1,2
01570,airplane,0,1.0,155,155,29
01570,airplane,16,1.0,155,155,29
01570,airplane,64,0.7419354838709677,155,115,16
01570,airplane,256,0.0,155,0,0
01570,storage-tank,0,1.0,39,39,9
01570,storage-tank,16,0.8461538461538461,39,33,7
01570,storage-tank,64,0.2564102564102564,39,10,3
01570,storage-tank,256,0.0,39,0,0
01571,airplane,0,1.0,102,102,34
01571,airplane,16,0.9705882352941176,102,99,34
01571,airplane,64,0.5980392156862745,102,61,30
01571,airplane,256,0.13725490196078433,102,14,15
01571,storage-tank,0,1.0,12,12,4
01571,storage-tank,16,0.5,12,6,2
01571,storage-tank,64,0.0,12,0,0
01571,storage-tank,256,0.0,12,0,0
01575,container,0,1.0,33,33,14
01575,container,16,1.0,33,33,14
01575,container,64,0.8181818181818182,33,27,10
01575,container,256,0.0,33,0,0
01575,ship,0,1.0,10,10,9
01575,ship,16,1.0,10,10,8
01575,ship,64,0.4,10,4,3
01575,ship,256,0.0,10,0,0
01575,small-vehicle,0,1.0,1,1,1
01575,small-vehicle,16,1.0,1,1,1
01575,small-vehicle,64,1.0,1,1,1
01575,small-vehicle,256,0.0,1,0,0
01575,storage-tank,0,1.0,105,105,23
01575,storage-tank,16,0.8761904761904762,105,92,21
01575,storage-tank,64,0.5904761904761905,105,62,15
01575,storage-tank,256,0.05714285714285714,105,6,4
01578,small-vehicle,0,1.0,151,151,66
01578,small-vehicle,16,0.9403973509933775,151,142,44
01578,small-vehicle,64,0.0,151,0,0
01578,small-vehicle,256,0.0,151,0,0
01578,storage-tank,0,1.0,2,2,3
01578,storage-tank,16,1.0,2,2,3
01578,storage-tank,64,1.0,2,2,1
01578,storage-tank,256,0.0,2,0,0
01578,swimming-pool,0,1.0,70,70,87
01578,swimming-pool,16,1.0,70,70,87
01578,swimming-pool,64,0.9857142857142858,70,69,75
01578,swimming-pool,256,0.1,70,7,11
01579,airplane,0,1.0,2,2,2
01579,airplane,16,1.0,2,2,2
01579,airplane,64,1.0,2,2,2
01579,airplane,256,0.5,2,1,1
01580,airplane,0,1.0,10,10,9
01580,airplane,16,1.0,10,10,9
01580,airplane,64,0.7,10,7,4
01580,airplane,256,0.0,10,0,0
01580,container,0,1.0,31,31,5
01580,container,16,0.8709677419354839,31,27,3
01580,container,64,0.0,31,0,0
01580,container,256,0.0,31,0,0
01580,large-vehicle,0,1.0,35,35,15
01580,large-vehicle,16,0.45714285714285713,35,16,4
01580,large-vehicle,64,0.0,35,0,0
01580,large-vehicle,256,0.0,35,0,0
01580,small-vehicle,0,0.9515570934256056,1445,1375,94
01580,small-vehicle,16,0.0,1445,0,0
01580,small-vehicle,64,0.0,1445,0,0
01580,small-vehicle,256,0.0,1445,0,0
01580,storage-tank,0,1.0,1,1,6
01580,storage-tank,16,1.0,1,1,6
01580,storage-tank,64,1.0,1,1,4
01580,storage-tank,256,0.0,1,0,0
01580,swimming-pool,0,1.0,36,36,51
01580,swimming-pool,16,1.0,36,36,41
01580,swimming-pool,64,0.05555555555555555,36,2,2
01580,swimming-pool,256,0.0,36,0,0
01581,ship,0,1.0,1,1,3
01581,ship,16,1.0,1,1,3
01581,ship,64,1.0,1,1,1
01581,ship,256,0.0,1,0,0
01581,storage-tank,0,1.0,76,76,16
01581,storage-tank,16,0.8421052631578947,76,64,16
01581,storage-tank,64,0.3815789473684211,76,29,8
01581,storage-tank,256,0.05263157894736842,76,4,1
01583,container,0,1.0,39,39,8
01583,container,16,0.0,39,0,0
01583,container,64,0.0,39,0,0
01583,container,256,0.0,39,0,0
01583,ship,0,1.0,15,15,18
01583,ship,16,1.0,15,15,17
01583,ship,64,0.5333333333333333,15,8,9
01583,ship,256,0.06666666666666667,15,1,1
01583,storage-tank,0,1.0,190,190,23
01583,storage-tank,16,0.6631578947368421,190,126,18
01583,storage-tank,64,0.3894736842105263,190,74,8
01583,storage-tank,256,0.0,190,0,0
01584,small-vehicle,0,1.0,324,324,6
01584,small-vehicle,16,0.0,324,0,0
01584,small-vehicle,64,0.0,324,0,0
01584,small-vehicle,256,0.0,324,0,0
01584,storage-tank,0,1.0,4,4,13
01584,storage-tank,16,1.0,4,4,13
01584,storage-tank,64,1.0,4,4,7
01584,storage-tank,256,0.0,4,0,0
01584,swimming-pool,0,1.0,1,1,7
01584,swimming-pool,16,1.0,1,1,7
01584,swimming-pool,64,1.0,1,1,3
01584,swimming-pool,256,0.0,1,0,0
01587,airplane,0,1.0,57,57,38
01587,airplane,16,1.0,57,57,38
01587,airplane,64,0.42105263157894735,57,24,25
01587,airplane,256,0.017543859649122806,57,1,4
01587,container,0,1.0,57,57,17
01587,container,16,0.9649122807017544,57,55,12
01587,container,64,0.017543859649122806,57,1,2
01587,container,256,0.0,57,0,0
01587,helicopter,0,1.0,1,1,3
01587,helicopter,16,1.0,1,1,3
01587,helicopter,64,1.0,1,1,1
01587,helicopter,256,0.0,1,0,0
01587,large-vehicle,0,1.0,15,15,18
01587,large-vehicle,16,0.7333333333333333,15,11,6
01587,large-vehicle,64,0.0,15,0,0
01587,large-vehicle,256,0.0,15,0,0
01587,small-vehicle,0,1.0,28,28,24
01587,small-vehicle,16,0.07142857142857142,28,2,2
01587,small-vehicle,64,0.0,28,0,0
01587,small-vehicle,256,0.0,28,0,0
01587,storage-tank,0,1.0,13,13,12
01587,storage-tank,16,0.5384615384615384,13,7,8
01587,storage-tank,64,0.5384615384615384,13,7,7
01587,storage-tank,256,0.07692307692307693,13,1,2
01588,airplane,0,1.0,25,25,12
01588,airplane,16,1.0,25,25,12
01588,airplane,64,1.0,25,25,8
01588,airplane,256,0.0,25,0,0
01588,storage-tank,0,1.0,8,8,9
01588,storage-tank,16,0.375,8,3,5
01588,storage-tank,64,0.0,8,0,0
01588,storage-tank,256,0.0,8,0,0
01589,storage-tank,0,1.0,72,72,14
01589,storage-tank,16,0.4861111111111111,72,35,13
01589,storage-tank,64,0.2638888888888889,72,19,7
01589,storage-tank,256,0.0,72,0,0
01591,storage-tank,0,1.0,13,13,8
01591,storage-tank,16,0.9230769230769231,13,12,8
01591,storage-tank,64,0.46153846153846156,13,6,5
01591,storage-tank,256,0.0,13,0,0
01593,container,0,1.0,145,145,48
01593,container,16,1.0,145,145,47
01593,container,64,0.9448275862068966,145,137,31
01593,container,256,0.0,145,0,0
01593,large-vehicle,0,1.0,43,43,44
01593,large-vehicle,16,1.0,43,43,43
01593,large-vehicle,64,0.9069767441860465,43,39,30
01593,large-vehicle,256,0.046511627906976744,43,2,6
01593,ship,0,1.0,1,1,2
01593,ship,16,1.0,1,1,1
01593,ship,64,0.0,1,0,0
01593,ship,256,0.0,1,0,0
01593,small-vehicle,0,1.0,578,578,76
01593,small-vehicle,16,0.9705882352941176,578,561,58
01593,small-vehicle,64,0.0,578,0,0
01593,small-vehicle,256,0.0,578,0,0
01593,swimming-pool,0,1.0,1,1,2
01593,swimming-pool,16,1.0,1,1,2
01593,swimming-pool,64,1.0,1,1,1
01593,swimming-pool,256,0.0,1,0,0
01596,ship,0,1.0,720,720,75
01596,ship,16,1.0,720,720,75
01596,ship,64,0.3138888888888889,720,226,51
01596,ship,256,0.0,720,0,0
01596,small-vehicle,0,1.0,206,206,56
01596,small-vehicle,16,0.8446601941747572,206,174,40
01596,small-vehicle,64,0.0,206,0,0
01596,small-vehicle,256,0.0,206,0,0
01596,swimming-pool,0,1.0,74,74,56
01596,swimming-pool,16,1.0,74,74,56
01596,swimming-pool,64,0.4594594594594595,74,34,34
01596,swimming-pool,256,0.0,74,0,0
01598,airplane,0,1.0,15,15,10
01598,airplane,16,1.0,15,15,10
01598,airplane,64,0.4,15,6,5
01598,airplane,256,0.0,15,0,0
01598,storage-tank,0,1.0,4,4,3
01598,storage-tank,16,1.0,4,4,3
01598,storage-tank,64,1.0,4,4,3
01598,storage-tank,256,0.25,4,1,2
01600,airplane,0,1.0,27,27,10
01600,airplane,16,0.9259259259259259,27,25,10
01600,airplane,64,0.4444444444444444,27,12,7
01600,airplane,256,0.0,27,0,0
01600,container,0,1.0,7,7,17
01600,container,16,1.0,7,7,9
01600,container,64,0.0,7,0,0
01600,container,256,0.0,7,0,0
01600,large-vehicle,0,1.0,62,62,56
01600,large-vehicle,16,1.0,62,62,46
01600,large-vehicle,64,0.0967741935483871,62,6,6
01600,large-vehicle,256,0.0,62,0,0
01600,ship,0,1.0,374,374,41
01600,ship,16,0.9652406417112299,374,361,38
01600,ship,64,0.03208556149732621,374,12,16
01600,ship,256,0.00267379679144385,374,1,1
01600,small-vehicle,0,1.0,2115,2115,95
01600,small-vehicle,16,0.3541371158392435,2115,749,57
01600,small-vehicle,64,0.0,2115,0,0
01600,small-vehicle,256,0.0,2115,0,0
01601,storage-tank,0,1.0,2,2,3
01601,storage-tank,16,1.0,2,2,3
01601,storage-tank,64,1.0,2,2,2
01601,storage-tank,256,0.0,2,0,0
01602,windmill,0,1.0,139,139,82
01602,windmill,16,1.0,139,139,82
01602,windmill,64,1.0,139,139,74
01602,windmill,256,0.1223021582733813,139,17,19
01603,container,0,1.0,19,19,12
01603,container,16,1.0,19,19,12
01603,container,64,0.8947368421052632,19,17,4
01603,container,256,0.0,19,0,0
01603,large-vehicle,0,1.0,1,1,2
01603,large-vehicle,16,1.0,1,1,2
01603,large-vehicle,64,1.0,1,1,1
01603,large-vehicle,256,0.0,1,0,0
01603,small-vehicle,0,1.0,598,598,33
01603,small-vehicle,16,1.0,598,598,21
01603,small-vehicle,64,0.0016722408026755853,598,1,1
01603,small-vehicle,256,0.0,598,0,0
01606,storage-tank,0,0.9705882352941176,68,66,13
01606,storage-tank,16,0.7941176470588235,68,54,12
01606,storage-tank,64,0.3088235294117647,68,21,6
01606,storage-tank,256,0.07352941176470588,68,5,1
01606,swimming-pool,0,0.9917355371900827,121,120,68
01606,swimming-pool,16,0.9752066115702479,121,118,57
01606,swimming-pool,64,0.03305785123966942,121,4,5
01606,swimming-pool,256,0.0,121,0,0
01607,airplane,0,1.0,90,90,34
01607,airplane,16,1.0,90,90,34
01607,airplane,64,1.0,90,90,28
01607,airplane,256,0.1,90,9,5
01607,storage-tank,0,1.0,3,3,1
01607,storage-tank,16,1.0,3,3,1
01607,storage-tank,64,0.0,3,0,0
01607,storage-tank,256,0.0,3,0,0
01608,airplane,0,1.0,97,97,31
01608,airplane,16,1.0,97,97,31
01608,airplane,64,1.0,97,97,24
01608,airplane,256,0.010309278350515464,97,1,2
01608,container,0,1.0,24,24,4
01608,container,16,1.0,24,24,4
01608,container,64,0.9583333333333334,24,23,2
01608,container,256,0.0,24,0,0
01608,large-vehicle,0,1.0,8,8,18
01608,large-vehicle,16,1.0,8,8,17
01608,large-vehicle,64,0.75,8,6,6
01608,large-vehicle,256,0.0,8,0,0
01608,small-vehicle,0,1.0,718,718,75
01608,small-vehicle,16,0.9345403899721448,718,671,53
01608,small-vehicle,64,0.0,718,0,0
01608,small-vehicle,256,0.0,718,0,0
01609,airplane,0,1.0,13,13,6
01609,airplane,16,0.6153846153846154,13,8,5
01609,airplane,64,0.46153846153846156,13,6,3
01609,airplane,256,0.0,13,0,0
01609,storage-tank,0,1.0,34,34,7
01609,storage-tank,16,1.0,34,34,7
01609,storage-tank,64,0.4411764705882353,34,15,4
01609,storage-tank,256,0.0,34,0,0
01611,airplane,0,1.0,5,5,8
01611,airplane,16,1.0,5,5,8
01611,airplane,64,1.0,5,5,5
01611,airplane,256,0.0,5,0,0
01611,small-vehicle,0,1.0,27,27,13
01611,small-vehicle,16,0.6666666666666666,27,18,7
01611,small-vehicle,64,0.0,27,0,0
01611,small-vehicle,256,0.0,27,0,0
01613,airplane,0,1.0,67,67,18
01613,airplane,16,1.0,67,67,18
01613,airplane,64,0.9850746268656716,67,66,14
01613,airplane,256,0.04477611940298507,67,3,4
01615,ship,0,1.0,97,97,11
01615,ship,16,1.0,97,97,11
01615,ship,64,0.7835051546391752,97,76,7
01615,ship,256,0.010309278350515464,97,1,1
01615,small-vehicle,0,1.0,385,385,69
01615,small-vehicle,16,0.9922077922077922,385,382,50
01615,small-vehicle,64,0.0,385,0,0
01615,small-vehicle,256,0.0,385,0,0
01615,swimming-pool,0,1.0,26,26,45
01615,swimming-pool,16,1.0,26,26,45
01615,swimming-pool,64,1.0,26,26,35
01615,swimming-pool,256,0.038461538461538464,26,1,1
01616,windmill,0,1.0,11,11,30
01616,windmill,16,1.0,11,11,30
01616,windmill,64,1.0,11,11,25
01616,windmill,256,0.45454545454545453,11,5,8
01631,small-vehicle,0,1.0,258,258,97
01631,small-vehicle,16,0.9108527131782945,258,235,76
01631,small-vehicle,64,0.007751937984496124,258,2,2
01631,small-vehicle,256,0.0,258,0,0
01631,swimming-pool,0,1.0,217,217,100
01631,swimming-pool,16,1.0,217,217,100
01631,swimming-pool,64,0.9861751152073732,217,214,100
01631,swimming-pool,256,0.2995391705069124,217,65,56
01633,ship,0,1.0,2,2,5
01633,ship,16,1.0,2,2,5
01633,ship,64,1.0,2,2,4
01633,ship,256,0.0,2,0,0
01633,small-vehicle,0,1.0,518,518,97
01633,small-vehicle,16,0.9768339768339769,518,506,93
01633,small-vehicle,64,0.0444015444015444,518,23,20
01633,small-vehicle,256,0.0,518,0,0
01633,swimming-pool,0,1.0,68,68,63
01633,swimming-pool,16,1.0,68,68,63
01633,swimming-pool,64,0.9852941176470589,68,67,54
01633,swimming-pool,256,0.25,68,17,19
01639,windmill,0,1.0,13,13,18
01639,windmill,16,1.0,13,13,18
01639,windmill,64,1.0,13,13,11
01639,windmill,256,0.0,13,0,0
01645,airplane,0,1.0,5,5,4
01645,airplane,16,1.0,5,5,4
01645,airplane,64,0.6,5,3,3
01645,airplane,256,0.2,5,1,1
01645,helicopter,0,1.0,3,3,6
01645,helicopter,16,1.0,3,3,6
01645,helicopter,64,1.0,3,3,6
01645,helicopter,256,1.0,3,3,2
01645,large-vehicle,0,1.0,10,10,14
01645,large-vehicle,16,0.7,10,7,8
01645,large-vehicle,64,0.0,10,0,0
01645,large-vehicle,256,0.0,10,0,0
01645,small-vehicle,0,1.0,381,381,15
01645,small-vehicle,16,0.0,381,0,0
01645,small-vehicle,64,0.0,381,0,0
01645,small-vehicle,256,0.0,381,0,0
01645,swimming-pool,0,1.0,41,41,51
01645,swimming-pool,16,1.0,41,41,35
01645,swimming-pool,64,0.0,41,0,0
01645,swimming-pool,256,0.0,41,0,0
01648,windmill,0,1.0,20,20,36
01648,windmill,16,1.0,20,20,36
01648,windmill,64,0.95,20,19,22
01648,windmill,256,0.0,20,0,0
01650,windmill,0,1.0,53,53,52
01650,windmill,16,1.0,53,53,51
01650,windmill,64,0.6792452830188679,53,36,30
01650,windmill,256,0.09433962264150944,53,5,4
01661,container,0,1.0,723,723,72
01661,container,16,1.0,723,723,72
01661,container,64,0.9972337482710927,723,721,51
01661,container,256,0.0,723,0,0
01661,large-vehicle,0,1.0,31,31,46
01661,large-vehicle,16,1.0,31,31,46
01661,large-vehicle,64,0.967741935483871,31,30,35
01661,large-vehicle,256,0.22580645161290322,31,7,9
01661,ship,0,1.0,1,1,4
01661,ship,16,1.0,1,1,4
01661,ship,64,1.0,1,1,2
01661,ship,256,0.0,1,0,0
01661,small-vehicle,0,1.0,805,805,61
01661,small-vehicle,16,1.0,805,805,54
01661,small-vehicle,64,0.02111801242236025,805,17,17
01661,small-vehicle,256,0.0,805,0,0
01661,swimming-pool,0,1.0,7,7,16
01661,swimming-pool,16,1.0,7,7,16
01661,swimming-pool,64,1.0,7,7,11
01661,swimming-pool,256,0.0,7,0,0
01676,windmill,0,1.0,9,9,19
01676,windmill,16,1.0,9,9,19
01676,windmill,64,1.0,9,9,17
01676,windmill,256,0.5555555555555556,9,5,6
01677,large-vehicle,0,1.0,14,14,8
01677,large-vehicle,16,1.0,14,14,8
01677,large-vehicle,64,0.6428571428571429,14,9,7
01677,large-vehicle,256,0.07142857142857142,14,1,1
01677,small-vehicle,0,1.0,313,313,30
01677,small-vehicle,16,0.9968051118210862,313,312,30
01677,small-vehicle,64,0.09904153354632587,313,31,15
01677,small-vehicle,256,0.0,313,0,0
01683,airplane,0,1.0,23,23,19
01683,airplane,16,1.0,23,23,19
01683,airplane,64,0.7391304347826086,23,17,14
01683,airplane,256,0.13043478260869565,23,3,3
01683,container,0,1.0,14,14,15
01683,container,16,1.0,14,14,10
01683,container,64,0.0,14,0,0
01683,container,256,0.0,14,0,0
01683,helicopter,0,1.0,1,1,3
01683,helicopter,16,1.0,1,1,3
01683,helicopter,64,1.0,1,1,2
01683,helicopter,256,0.0,1,0,0
01683,large-vehicle,0,1.0,22,22,21
01683,large-vehicle,16,1.0,22,22,18
01683,large-vehicle,64,0.13636363636363635,22,3,4
01683,large-vehicle,256,0.0,22,0,0
01683,small-vehicle,0,1.0,696,696,51
01683,small-vehicle,16,0.01293103448275862,696,9,7
01683,small-vehicle,64,0.0,696,0,0
01683,small-vehicle,256,0.0,696,0,0
01683,storage-tank,0,1.0,1,1,2
01683,storage-tank,16,1.0,1,1,2
01683,storage-tank,64,1.0,1,1,1
01683,storage-tank,256,0.0,1,0,0
01683,swimming-pool,0,1.0,5,5,20
01683,swimming-pool,16,1.0,5,5,14
01683,swimming-pool,64,0.0,5,0,0
01683,swimming-pool,256,0.0,5,0,0
01684,windmill,0,1.0,41,41,58
01684,windmill,16,1.0,41,41,58
01684,windmill,64,0.926829268292683,41,38,47
01684,windmill,256,0.24390243902439024,41,10,11
01685,windmill,0,0.9888888888888889,90,89,91
01685,windmill,16,0.9888888888888889,90,89,91
01685,windmill,64,0.9888888888888889,90,89,73
01685,windmill,256,0.03333333333333333,90,3,4
01686,windmill,0,1.0,6,6,19
01686,windmill,16,1.0,6,6,19
01686,windmill,64,1.0,6,6,15
01686,windmill,256,0.5,6,3,3
01693,container,0,1.0,614,614,51
01693,container,16,1.0,614,614,51
01693,container,64,0.9771986970684039,614,600,32
01693,container,256,0.0,614,0,0
01693,large-vehicle,0,1.0,32,32,41
01693,large-vehicle,16,1.0,32,32,40
01693,large-vehicle,64,0.90625,32,29,23
01693,large-vehicle,256,0.0,32,0,0
01693,small-vehicle,0,1.0,434,434,38
01693,small-vehicle,16,0.956221198156682,434,415,21
01693,small-vehicle,64,0.0,434,0,0
01693,small-vehicle,256,0.0,434,0,0
01693,storage-tank,0,1.0,2,2,7
01693,storage-tank,16,1.0,2,2,7
01693,storage-tank,64,0.5,2,1,6
01693,storage-tank,256,0.5,2,1,2
01699,large-vehicle,0,1.0,46,46,29
01699,large-vehicle,16,1.0,46,46,29
01699,large-vehicle,64,1.0,46,46,20
01699,large-vehicle,256,0.0,46,0,0
01699,small-vehicle,0,1.0,372,372,59
01699,small-vehicle,16,1.0,372,372,45
01699,small-vehicle,64,0.008064516129032258,372,3,6
01699,small-vehicle,256,0.0,372,0,0
01708,airplane,0,1.0,114,114,42
01708,airplane,16,1.0,114,114,42
01708,airplane,64,0.6491228070175439,114,74,32
01708,airplane,256,0.05263157894736842,114,6,5
01708,storage-tank,0,1.0,4,4,9
01708,storage-tank,16,1.0,4,4,7
01708,storage-tank,64,0.5,4,2,2
01708,storage-tank,256,0.0,4,0,0
01708,swimming-pool,0,1.0,1,1,3
01708,swimming-pool,16,1.0,1,1,1
01708,swimming-pool,64,0.0,1,0,0
01708,swimming-pool,256,0.0,1,0,0
01717,airplane,0,1.0,3,3,8
01717,airplane,16,1.0,3,3,8
01717,airplane,64,1.0,3,3,6
01717,airplane,256,0.0,3,0,0
01717,helicopter,0,1.0,1,1,4
01717,helicopter,16,1.0,1,1,2
01717,helicopter,64,0.0,1,0,0
01717,helicopter,256,0.0,1,0,0
01717,large-vehicle,0,1.0,6,6,8
01717,large-vehicle,16,1.0,6,6,4
01717,large-vehicle,64,0.0,6,0,0
01717,large-vehicle,256,0.0,6,0,0
01717,small-vehicle,0,1.0,93,93,13
01717,small-vehicle,16,0.0,93,0,0
01717,small-vehicle,64,0.0,93,0,0
01717,small-vehicle,256,0.0,93,0,0
01717,storage-tank,0,1.0,2,2,5
01717,storage-tank,16,1.0,2,2,5
01717,storage-tank,64,1.0,2,2,3
01717,storage-tank,256,0.0,2,0,0
01721,windmill,0,1.0,26,26,46
01721,windmill,16,1.0,26,26,45
01721,windmill,64,0.9615384615384616,26,25,33
01721,windmill,256,0.07692307692307693,26,2,3
01729,airplane,0,1.0,193,193,33
01729,airplane,16,0.9844559585492227,193,190,33
01729,airplane,64,0.6062176165803109,193,117,29
01729,airplane,256,0.10362694300518134,193,20,12
01730,windmill,0,1.0,2,2,6
01730,windmill,16,1.0,2,2,6
01730,windmill,64,1.0,2,2,6
01730,windmill,256,1.0,2,2,2
01738,windmill,0,1.0,60,60,68
01738,windmill,16,1.0,60,60,68
01738,windmill,64,0.9,60,54,46
01738,windmill,256,0.0,60,0,0
01740,large-vehicle,0,1.0,47,47,18
01740,large-vehicle,16,1.0,47,47,18
01740,large-vehicle,64,1.0,47,47,18
01740,large-vehicle,256,0.2553191489361702,47,12,7
01740,small-vehicle,0,1.0,293,293,75
01740,small-vehicle,16,1.0,293,293,75
01740,small-vehicle,64,0.9453924914675768,293,277,60
01740,small-vehicle,256,0.0,293,0,0
01750,airplane,0,1.0,18,18,10
01750,airplane,16,1.0,18,18,10
01750,airplane,64,1.0,18,18,6
01750,airplane,256,0.05555555555555555,18,1,1
01750,large-vehicle,0,1.0,5,5,16
01750,large-vehicle,16,1.0,5,5,10
01750,large-vehicle,64,0.0,5,0,0
01750,large-vehicle,256,0.0,5,0,0
01750,small-vehicle,0,0.9574468085106383,705,675,64
01750,small-vehicle,16,0.7219858156028369,705,509,46
01750,small-vehicle,64,0.0,705,0,0
01750,small-vehicle,256,0.0,705,0,0
01757,container,0,1.0,1814,1814,85
01757,container,16,1.0,1814,1814,85
01757,container,64,0.9525909592061742,1814,1728,61
01757,container,256,0.0,1814,0,0
01757,large-vehicle,0,1.0,25,25,41
01757,large-vehicle,16,1.0,25,25,41
01757,large-vehicle,64,1.0,25,25,39
01757,large-vehicle,256,0.56,25,14,16
01757,small-vehicle,0,1.0,446,446,42
01757,small-vehicle,16,1.0,446,446,39
01757,small-vehicle,64,0.026905829596412557,446,12,11
01757,small-vehicle,256,0.0,446,0,0
01759,container,0,1.0,2,2,3
01759,container,16,1.0,2,2,1
01759,container,64,0.0,2,0,0
01759,container,256,0.0,2,0,0
01759,large-vehicle,0,1.0,4,4,8
01759,large-vehicle,16,1.0,4,4,6
01759,large-vehicle,64,0.25,4,1,1
01759,large-vehicle,256,0.0,4,0,0
01759,ship,0,1.0,807,807,33
01759,ship,16,0.9826517967781908,807,793,33
01759,ship,64,0.6852540272614622,807,553,22
01759,ship,256,0.011152416356877323,807,9,3
01759,small-vehicle,0,1.0,1069,1069,91
01759,small-vehicle,16,0.9700654817586529,1069,1037,70
01759,small-vehicle,64,0.0,1069,0,0
01759,small-vehicle,256,0.0,1069,0,0
01759,swimming-pool,0,1.0,2,2,9
01759,swimming-pool,16,1.0,2,2,8
01759,swimming-pool,64,1.0,2,2,5
01759,swimming-pool,256,0.5,2,1,2
01764,large-vehicle,0,1.0,3,3,7
01764,large-vehicle,16,1.0,3,3,7
01764,large-vehicle,64,1.0,3,3,6
01764,large-vehicle,256,0.0,3,0,0
01764,small-vehicle,0,1.0,165,165,11
01764,small-vehicle,16,1.0,165,165,11
01764,small-vehicle,64,0.896969696969697,165,148,8
01764,small-vehicle,256,0.0,165,0,0
01778,windmill,0,1.0,13,13,29
01778,windmill,16,1.0,13,13,29
01778,windmill,64,1.0,13,13,25
01778,windmill,256,0.38461538461538464,13,5,8
01780,large-vehicle,0,1.0,3,3,13
01780,large-vehicle,16,1.0,3,3,7
01780,large-vehicle,64,0.0,3,0,0
01780,large-vehicle,256,0.0,3,0,0
01780,ship,0,1.0,941,941,85
01780,ship,16,0.9596174282678002,941,903,81
01780,ship,64,0.1339001062699256,941,126,50
01780,ship,256,0.0010626992561105207,941,1,4
01780,small-vehicle,0,1.0,854,854,63
01780,small-vehicle,16,0.30679156908665106,854,262,39
01780,small-vehicle,64,0.0,854,0,0
01780,small-vehicle,256,0.0,854,0,0
01780,swimming-pool,0,1.0,1,1,4
01780,swimming-pool,16,1.0,1,1,2
01780,swimming-pool,64,0.0,1,0,0
01780,swimming-pool,256,0.0,1,0,0
01782,windmill,0,1.0,10,10,24
01782,windmill,16,1.0,10,10,24
01782,windmill,64,1.0,10,10,23
01782,windmill,256,0.8,10,8,11
01784,container,0,1.0,41,41,28
01784,container,16,1.0,41,41,28
01784,container,64,0.6097560975609756,41,25,16
01784,container,256,0.0,41,0,0
01784,large-vehicle,0,1.0,40,40,44
01784,large-vehicle,16,1.0,40,40,44
01784,large-vehicle,64,0.875,40,35,27
01784,large-vehicle,256,0.025,40,1,2
01784,ship,0,1.0,152,152,23
01784,ship,16,0.9868421052631579,152,150,22
01784,ship,64,0.6052631578947368,152,92,16
01784,ship,256,0.02631578947368421,152,4,7
01784,small-vehicle,0,1.0,135,135,56
01784,small-vehicle,16,1.0,135,135,38
01784,small-vehicle,64,0.007407407407407408,135,1,1
01784,small-vehicle,256,0.0,135,0,0
01784,storage-tank,0,1.0,40,40,19
01784,storage-tank,16,1.0,40,40,18
01784,storage-tank,64,0.175,40,7,9
01784,storage-tank,256,0.0,40,0,0
01785,large-vehicle,0,1.0,5,5,10
01785,large-vehicle,16,1.0,5,5,5
01785,large-vehicle,64,0.0,5,0,0
01785,large-vehicle,256,0.0,5,0,0
01785,ship,0,1.0,1190,1190,56
01785,ship,16,0.9672268907563025,1190,1151,55
01785,ship,64,0.10504201680672269,1190,125,33
01785,ship,256,0.0008403361344537816,1190,1,2
01785,small-vehicle,0,0.9567474048442907,578,553,41
01785,small-vehicle,16,0.34429065743944637,578,199,26
01785,small-vehicle,64,0.0,578,0,0
01785,small-vehicle,256,0.0,578,0,0
01785,swimming-pool,0,1.0,1,1,4
01785,swimming-pool,16,1.0,1,1,4
01785,swimming-pool,64,1.0,1,1,3
01785,swimming-pool,256,0.0,1,0,0
01786,helicopter,0,1.0,9,9,9
01786,helicopter,16,1.0,9,9,9
01786,helicopter,64,1.0,9,9,5
01786,helicopter,256,0.0,9,0,0
01786,large-vehicle,0,1.0,2,2,3
01786,large-vehicle,16,1.0,2,2,3
01786,large-vehicle,64,1.0,2,2,1
01786,large-vehicle,256,0.0,2,0,0
01786,small-vehicle,0,1.0,276,276,66
01786,small-vehicle,16,0.06884057971014493,276,19,24
01786,small-vehicle,64,0.0,276,0,0
01786,small-vehicle,256,0.0,276,0,0
01786,swimming-pool,0,1.0,2,2,9
01786,swimming-pool,16,1.0,2,2,7
01786,swimming-pool,64,0.5,2,1,6
01786,swimming-pool,256,0.5,2,1,1
01787,windmill,0,1.0,5,5,23
01787,windmill,16,1.0,5,5,23
01787,windmill,64,1.0,5,5,16
01787,windmill,256,0.0,5,0,0
01795,container,0,1.0,1077,1077,56
01795,container,16,1.0,1077,1077,56
01795,container,64,0.9665738161559888,1077,1041,40
01795,container,256,0.0009285051067780873,1077,1,4
01795,large-vehicle,0,1.0,7,7,16
01795,large-vehicle,16,1.0,7,7,15
01795,large-vehicle,64,0.8571428571428571,7,6,8
01795,large-vehicle,256,0.0,7,0,0
01795,small-vehicle,0,1.0,280,280,12
01795,small-vehicle,16,1.0,280,280,11
01795,small-vehicle,64,0.1,280,28,3
01795,small-vehicle,256,0.0,280,0,0
01797,airplane,0,1.0,157,157,46
01797,airplane,16,0.9872611464968153,157,155,46
01797,airplane,64,0.7579617834394905,157,119,36
01797,airplane,256,0.044585987261146494,157,7,7
01797,storage-tank,0,1.0,39,39,15
01797,storage-tank,16,0.6666666666666666,39,26,4
01797,storage-tank,64,0.0,39,0,0
01797,storage-tank,256,0.0,39,0,0
01797,swimming-pool,0,1.0,3,3,9
01797,swimming-pool,16,1.0,3,3,8
01797,swimming-pool,64,0.3333333333333333,3,1,2
01797,swimming-pool,256,0.0,3,0,0
01798,airplane,0,1.0,94,94,15
01798,airplane,16,0.9361702127659575,94,88,13
01798,airplane,64,0.40425531914893614,94,38,10
01798,airplane,256,0.10638297872340426,94,10,4
01798,storage-tank,0,1.0,8,8,17
01798,storage-tank,16,1.0,8,8,17
01798,storage-tank,64,1.0,8,8,7
01798,storage-tank,256,0.0,8,0,0
01798,swimming-pool,0,1.0,1,1,7
01798,swimming-pool,16,1.0,1,1,7
01798,swimming-pool,64,1.0,1,1,5
01798,swimming-pool,256,1.0,1,1,1
01802,windmill,0,1.0,4,4,12
01802,windmill,16,1.0,4,4,12
01802,windmill,64,1.0,4,4,11
01802,windmill,256,0.75,4,3,3
01809,windmill,0,1.0,13,13,26
01809,windmill,16,1.0,13,13,26
01809,windmill,64,1.0,13,13,15
01809,windmill,256,0.0,13,0,0
01812,container,0,1.0,2,2,8
01812,container,16,1.0,2,2,6
01812,container,64,0.5,2,1,2
01812,container,256,0.0,2,0,0
01812,large-vehicle,0,1.0,17,17,28
01812,large-vehicle,16,1.0,17,17,28
01812,large-vehicle,64,1.0,17,17,20
01812,large-vehicle,256,0.0,17,0,0
01812,small-vehicle,0,0.9964285714285714,560,558,88
01812,small-vehicle,16,0.9892857142857143,560,554,72
01812,small-vehicle,64,0.005357142857142857,560,3,4
01812,small-vehicle,256,0.0,560,0,0
01812,swimming-pool,0,1.0,77,77,40
01812,swimming-pool,16,1.0,77,77,39
01812,swimming-pool,64,0.974025974025974,77,75,32
01812,swimming-pool,256,0.06493506493506493,77,5,6
01815,windmill,0,1.0,2,2,6
01815,windmill,16,1.0,2,2,6
01815,windmill,64,1.0,2,2,3
01815,windmill,256,0.0,2,0,0
01816,container,0,1.0,4,4,2
01816,container,16,0.0,4,0,0
01816,container,64,0.0,4,0,0
01816,container,256,0.0,4,0,0
01816,ship,0,1.0,54,54,28
01816,ship,16,0.42592592592592593,54,23,23
01816,ship,64,0.25925925925925924,54,14,14
01816,ship,256,0.07407407407407407,54,4,3
01816,storage-tank,0,1.0,1450,1450,82
01816,storage-tank,16,0.6462068965517241,1450,937,74
01816,storage-tank,64,0.26827586206896553,1450,389,59
01816,storage-tank,256,0.028965517241379312,1450,42,13
01829,windmill,0,1.0,6,6,13
01829,windmill,16,0.8333333333333334,6,5,13
01829,windmill,64,0.6666666666666666,6,4,8
01829,windmill,256,0.0,6,0,0
01830,airplane,0,1.0,7,7,8
01830,airplane,16,1.0,7,7,8
01830,airplane,64,0.2857142857142857,7,2,6
01830,airplane,256,0.0,7,0,0
01830,large-vehicle,0,1.0,4,4,13
01830,large-vehicle,16,1.0,4,4,12
01830,large-vehicle,64,0.25,4,1,4
01830,large-vehicle,256,0.0,4,0,0
01830,small-vehicle,0,1.0,87,87,38
01830,small-vehicle,16,0.13793103448275862,87,12,19
01830,small-vehicle,64,0.0,87,0,0
01830,small-vehicle,256,0.0,87,0,0
01830,storage-tank,0,1.0,1,1,3
01830,storage-tank,16,1.0,1,1,3
01830,storage-tank,64,1.0,1,1,2
01830,storage-tank,256,0.0,1,0,0
01830,swimming-pool,0,0.875,24,21,40
01830,swimming-pool,16,0.875,24,21,38
01830,swimming-pool,64,0.5416666666666666,24,13,14
01830,swimming-pool,256,0.0,24,0,0
01831,windmill,0,0.9924242424242424,132,131,93
01831,windmill,16,0.9924242424242424,132,131,93
01831,windmill,64,0.9621212121212122,132,127,76
01831,windmill,256,0.0,132,0,0
01834,windmill,0,1.0,109,109,76
01834,windmill,16,1.0,109,109,75
01834,windmill,64,0.9724770642201835,109,106,57
01834,windmill,256,0.01834862385321101,109,2,5
01842,windmill,0,1.0,6,6,12
01842,windmill,16,1.0,6,6,12
01842,windmill,64,0.8333333333333334,6,5,7
01842,windmill,256,0.0,6,0,0
01844,windmill,0,1.0,5,5,8
01844,windmill,16,1.0,5,5,8
01844,windmill,64,1.0,5,5,7
01844,windmill,256,0.4,5,2,2
01860,windmill,0,1.0,78,78,67
01860,windmill,16,1.0,78,78,67
01860,windmill,64,0.9487179487179487,78,74,53
01860,windmill,256,0.0641025641025641,78,5,6
01861,windmill,0,1.0,2,2,6
01861,windmill,16,1.0,2,2,6
01861,windmill,64,1.0,2,2,6
01861,windmill,256,1.0,2,2,3
01865,airplane,0,1.0,146,146,56
01865,airplane,16,1.0,146,146,55
01865,airplane,64,0.8082191780821918,146,118,36
01865,airplane,256,0.0,146,0,0
01865,storage-tank,0,1.0,10,10,6
01865,storage-tank,16,1.0,10,10,2
01865,storage-tank,64,0.0,10,0,0
01865,storage-tank,256,0.0,10,0,0
01873,windmill,0,1.0,7,7,20
01873,windmill,16,1.0,7,7,20
01873,windmill,64,1.0,7,7,19
01873,windmill,256,0.5714285714285714,7,4,10
01875,small-vehicle,0,0.986863711001642,609,601,100
01875,small-vehicle,16,0.9523809523809523,609,580,86
01875,small-vehicle,64,0.006568144499178982,609,4,6
01875,small-vehicle,256,0.0,609,0,0
01875,swimming-pool,0,1.0,99,99,87
01875,swimming-pool,16,1.0,99,99,87
01875,swimming-pool,64,0.9494949494949495,99,94,81
01875,swimming-pool,256,0.18181818181818182,99,18,21
01877,airplane,0,1.0,126,126,33
01877,airplane,16,1.0,126,126,33
01877,airplane,64,0.8809523809523809,126,111,24
01877,airplane,256,0.007936507936507936,126,1,2
01877,small-vehicle,0,0.9962790697674418,1075,1071,41
01877,small-vehicle,16,0.786046511627907,1075,845,26
01877,small-vehicle,64,0.0,1075,0,0
01877,small-vehicle,256,0.0,1075,0,0
01877,storage-tank,0,1.0,4,4,14
01877,storage-tank,16,1.0,4,4,14
01877,storage-tank,64,1.0,4,4,10
01877,storage-tank,256,0.25,4,1,1
01878,airplane,0,1.0,93,93,29
01878,airplane,16,1.0,93,93,26
01878,airplane,64,0.9032258064516129,93,84,26
01878,airplane,256,0.08602150537634409,93,8,11
01878,storage-tank,0,1.0,10,10,6
01878,storage-tank,16,1.0,10,10,6
01878,storage-tank,64,1.0,10,10,4
01878,storage-tank,256,0.0,10,0,0
01879,small-vehicle,0,1.0,379,379,89
01879,small-vehicle,16,0.9973614775725593,379,378,89
01879,small-vehicle,64,0.17150395778364116,379,65,46
01879,small-vehicle,256,0.0,379,0,0
01879,swimming-pool,0,1.0,87,87,79
01879,swimming-pool,16,1.0,87,87,79
01879,swimming-pool,64,1.0,87,87,75
01879,swimming-pool,256,0.3333333333333333,87,29,29
01885,container,0,1.0,2,2,7
01885,container,16,1.0,2,2,4
01885,container,64,0.0,2,0,0
01885,container,256,0.0,2,0,0
01885,large-vehicle,0,1.0,10,10,23
01885,large-vehicle,16,1.0,10,10,23
01885,large-vehicle,64,0.7,10,7,12
01885,large-vehicle,256,0.0,10,0,0
01885,ship,0,1.0,655,655,38
01885,ship,16,0.9526717557251908,655,624,34
01885,ship,64,0.042748091603053436,655,28,8
01885,ship,256,0.0,655,0,0
01885,small-vehicle,0,1.0,247,247,36
01885,small-vehicle,16,0.7651821862348178,247,189,30
01885,small-vehicle,64,0.0,247,0,0
01885,small-vehicle,256,0.0,247,0,0
01885,swimming-pool,0,1.0,3,3,16
01885,swimming-pool,16,1.0,3,3,16
01885,swimming-pool,64,1.0,3,3,5
01885,swimming-pool,256,0.0,3,0,0
01889,airplane,0,1.0,11,11,10
01889,airplane,16,1.0,11,11,10
01889,airplane,64,1.0,11,11,10
01889,airplane,256,0.45454545454545453,11,5,2
01889,large-vehicle,0,1.0,3,3,3
01889,large-vehicle,16,1.0,3,3,3
01889,large-vehicle,64,0.3333333333333333,3,1,1
01889,large-vehicle,256,0.0,3,0,0
01889,small-vehicle,0,1.0,108,108,11
01889,small-vehicle,16,0.5833333333333334,108,63,5
01889,small-vehicle,64,0.0,108,0,0
01889,small-vehicle,256,0.0,108,0,0
01890,windmill,0,1.0,49,49,68
01890,windmill,16,1.0,49,49,68
01890,windmill,64,0.7551020408163265,49,37,42
01890,windmill,256,0.08163265306122448,49,4,6
01894,windmill,0,1.0,49,49,67
01894,windmill,16,1.0,49,49,55
01894,windmill,64,0.22448979591836735,49,11,11
01894,windmill,256,0.0,49,0,0
01902,airplane,0,1.0,7,7,7
01902,airplane,16,1.0,7,7,5
01902,airplane,64,1.0,7,7,3
01902,airplane,256,0.0,7,0,0
01902,container,0,1.0,121,121,6
01902,container,16,0.0,121,0,0
01902,container,64,0.0,121,0,0
01902,container,256,0.0,121,0,0
01902,large-vehicle,0,1.0,7,7,6
01902,large-vehicle,16,0.2857142857142857,7,2,2
01902,large-vehicle,64,0.0,7,0,0
01902,large-vehicle,256,0.0,7,0,0
01909,airplane,0,1.0,17,17,21
01909,airplane,16,1.0,17,17,19
01909,airplane,64,0.8823529411764706,17,15,6
01909,airplane,256,0.0,17,0,0
01909,container,0,1.0,5,5,9
01909,container,16,1.0,5,5,5
01909,container,64,0.0,5,0,0
01909,container,256,0.0,5,0,0
01909,large-vehicle,0,1.0,6,6,13
01909,large-vehicle,16,1.0,6,6,8
01909,large-vehicle,64,0.16666666666666666,6,1,2
01909,large-vehicle,256,0.0,6,0,0
01909,small-vehicle,0,1.0,1372,1372,42
01909,small-vehicle,16,0.8782798833819242,1372,1205,26
01909,small-vehicle,64,0.0,1372,0,0
01909,small-vehicle,256,0.0,1372,0,0
01910,windmill,0,1.0,6,6,8
01910,windmill,16,1.0,6,6,8
01910,windmill,64,1.0,6,6,5
01910,windmill,256,0.0,6,0,0
01916,container,0,1.0,10,10,18
01916,container,16,1.0,10,10,18
01916,container,64,1.0,10,10,8
01916,container,256,0.0,10,0,0
01916,large-vehicle,0,1.0,87,87,54
01916,large-vehicle,16,1.0,87,87,54
01916,large-vehicle,64,0.9425287356321839,87,82,37
01916,large-vehicle,256,0.011494252873563218,87,1,1
01916,small-vehicle,0,1.0,1090,1090,74
01916,small-vehicle,16,0.9256880733944954,1090,1009,64
01916,small-vehicle,64,0.0045871559633027525,1090,5,9
01916,small-vehicle,256,0.0,1090,0,0
01916,swimming-pool,0,1.0,1,1,3
01916,swimming-pool,16,1.0,1,1,3
01916,swimming-pool,64,1.0,1,1,1
01916,swimming-pool,256,0.0,1,0,0
01923,windmill,0,1.0,7,7,17
01923,windmill,16,1.0,7,7,17
01923,windmill,64,0.5714285714285714,7,4,9
01923,windmill,256,0.0,7,0,0
01924,airplane,0,1.0,42,42,23
01924,airplane,16,1.0,42,42,18
01924,airplane,64,0.14285714285714285,42,6,7
01924,airplane,256,0.023809523809523808,42,1,1
01924,container,0,1.0,1,1,2
01924,container,16,1.0,1,1,2
01924,container,64,1.0,1,1,1
01924,container,256,0.0,1,0,0
01924,helicopter,0,1.0,22,22,6
01924,helicopter,16,1.0,22,22,6
01924,helicopter,64,0.3181818181818182,22,7,2
01924,helicopter,256,0.0,22,0,0
01924,large-vehicle,0,1.0,6,6,4
01924,large-vehicle,16,1.0,6,6,2
01924,large-vehicle,64,0.0,6,0,0
01924,large-vehicle,256,0.0,6,0,0
01924,small-vehicle,0,0.8495297805642633,319,271,29
01924,small-vehicle,16,0.15047021943573669,319,48,2
01924,small-vehicle,64,0.0,319,0,0
01924,small-vehicle,256,0.0,319,0,0
01925,windmill,0,1.0,82,82,65
01925,windmill,16,1.0,82,82,65
01925,windmill,64,0.9390243902439024,82,77,59
01925,windmill,256,0.15853658536585366,82,13,11
01926,container,0,0.9864864864864865,296,292,37
01926,container,16,0.9864864864864865,296,292,37
01926,container,64,0.972972972972973,296,288,29
01926,container,256,0.02364864864864865,296,7,2
01926,large-vehicle,0,1.0,21,21,45
01926,large-vehicle,16,1.0,21,21,45
01926,large-vehicle,64,1.0,21,21,43
01926,large-vehicle,256,0.9047619047619048,21,19,20
01926,small-vehicle,0,1.0,304,304,74
01926,small-vehicle,16,1.0,304,304,70
01926,small-vehicle,64,0.46381578947368424,304,141,35
01926,small-vehicle,256,0.0,304,0,0
01929,windmill,0,1.0,14,14,31
01929,windmill,16,1.0,14,14,30
01929,windmill,64,0.9285714285714286,14,13,16
01929,windmill,256,0.0,14,0,0
01932,container,0,1.0,238,238,29
01932,container,16,1.0,238,238,29
01932,container,64,0.9747899159663865,238,232,19
01932,container,256,0.0,238,0,0
01932,large-vehicle,0,1.0,3,3,9
01932,large-vehicle,16,1.0,3,3,9
01932,large-vehicle,64,1.0,3,3,3
01932,large-vehicle,256,0.0,3,0,0
01934,airplane,0,1.0,10,10,8
01934,airplane,16,1.0,10,10,8
01934,airplane,64,0.9,10,9,4
01934,airplane,256,0.0,10,0,0
01934,large-vehicle,0,1.0,3,3,4
01934,large-vehicle,16,1.0,3,3,2
01934,large-vehicle,64,0.0,3,0,0
01934,large-vehicle,256,0.0,3,0,0
01934,small-vehicle,0,1.0,102,102,24
01934,small-vehicle,16,0.3235294117647059,102,33,9
01934,small-vehicle,64,0.0,102,0,0
01934,small-vehicle,256,0.0,102,0,0
01934,storage-tank,0,1.0,13,13,8
01934,storage-tank,16,1.0,13,13,5
01934,storage-tank,64,0.07692307692307693,13,1,1
01934,storage-tank,256,0.0,13,0,0
01937,windmill,0,0.9814814814814815,54,53,77
01937,windmill,16,0.9814814814814815,54,53,77
01937,windmill,64,0.9259259259259259,54,50,65
01937,windmill,256,0.16666666666666666,54,9,9
01939,container,0,1.0,18,18,23
01939,container,16,1.0,18,18,23
01939,container,64,1.0,18,18,15
01939,container,256,0.05555555555555555,18,1,1
01939,large-vehicle,0,1.0,62,62,53
01939,large-vehicle,16,1.0,62,62,53
01939,large-vehicle,64,1.0,62,62,51
01939,large-vehicle,256,0.8870967741935484,62,55,27
01939,small-vehicle,0,0.9924050632911392,395,392,69
01939,small-vehicle,16,0.9873417721518988,395,390,68
01939,small-vehicle,64,0.28860759493670884,395,114,48
01939,small-vehicle,256,0.0,395,0,0
01947,windmill,0,1.0,56,56,62
01947,windmill,16,0.9821428571428571,56,55,61
01947,windmill,64,0.7678571428571429,56,43,41
01947,windmill,256,0.14285714285714285,56,8,9
01957,airplane,0,1.0,14,14,8
01957,airplane,16,1.0,14,14,8
01957,airplane,64,1.0,14,14,5
01957,airplane,256,0.0,14,0,0
01957,small-vehicle,0,1.0,133,133,19
01957,small-vehicle,16,0.007518796992481203,133,1,2
01957,small-vehicle,64,0.0,133,0,0
01957,small-vehicle,256,0.0,133,0,0
01963,windmill,0,0.9230769230769231,13,12,27
01963,windmill,16,0.9230769230769231,13,12,27
01963,windmill,64,0.9230769230769231,13,12,27
01963,windmill,256,0.6923076923076923,13,9,18
01964,windmill,0,1.0,36,36,61
01964,windmill,16,1.0,36,36,58
01964,windmill,64,0.5277777777777778,36,19,26
01964,windmill,256,0.0,36,0,0
01971,airplane,0,1.0,8,8,11
01971,airplane,16,1.0,8,8,11
01971,airplane,64,1.0,8,8,8
01971,airplane,256,0.125,8,1,2
01971,large-vehicle,0,1.0,1,1,6
01971,large-vehicle,16,1.0,1,1,2
01971,large-vehicle,64,0.0,1,0,0
01971,large-vehicle,256,0.0,1,0,0
01971,small-vehicle,0,1.0,102,102,15
01971,small-vehicle,16,0.029411764705882353,102,3,2
01971,small-vehicle,64,0.0,102,0,0
01971,small-vehicle,256,0.0,102,0,0
01975,windmill,0,1.0,66,66,74
01975,windmill,16,1.0,66,66,74
01975,windmill,64,0.9393939393939394,66,62,55
01975,windmill,256,0.0,66,0,0
01978,airplane,0,1.0,8,8,9
01978,airplane,16,1.0,8,8,9
01978,airplane,64,1.0,8,8,7
01978,airplane,256,0.125,8,1,1
01978,container,0,1.0,19,19,7
01978,container,16,1.0,19,19,6
01978,container,64,1.0,19,19,4
01978,container,256,0.0,19,0,0
01978,large-vehicle,0,1.0,4,4,7
01978,large-vehicle,16,1.0,4,4,3
01978,large-vehicle,64,0.0,4,0,0
01978,large-vehicle,256,0.0,4,0,0
01978,small-vehicle,0,1.0,166,166,29
01978,small-vehicle,16,1.0,166,166,18
01978,small-vehicle,64,0.0,166,0,0
01978,small-vehicle,256,0.0,166,0,0
01982,windmill,0,1.0,11,11,23
01982,windmill,16,1.0,11,11,23
01982,windmill,64,1.0,11,11,23
01982,windmill,256,0.8181818181818182,11,9,13
01983,windmill,0,1.0,14,14,30
01983,windmill,16,1.0,14,14,30
01983,windmill,64,1.0,14,14,23
01983,windmill,256,0.2857142857142857,14,4,8
01995,airplane,0,1.0,5,5,8
01995,airplane,16,1.0,5,5,8
01995,airplane,64,1.0,5,5,4
01995,airplane,256,0.0,5,0,0
01995,container,0,1.0,29,29,8
01995,container,16,1.0,29,29,8
01995,container,64,0.034482758620689655,29,1,1
01995,container,256,0.0,29,0,0
01995,large-vehicle,0,1.0,9,9,10
01995,large-vehicle,16,1.0,9,9,9
01995,large-vehicle,64,0.6666666666666666,9,6,6
01995,large-vehicle,256,0.0,9,0,0
01995,small-vehicle,0,1.0,375,375,76
01995,small-vehicle,16,0.9653333333333334,375,362,54
01995,small-vehicle,64,0.0,375,0,0
01995,small-vehicle,256,0.0,375,0,0
01995,swimming-pool,0,1.0,3,3,5
01995,swimming-pool,16,1.0,3,3,5
01995,swimming-pool,64,1.0,3,3,3
01995,swimming-pool,256,0.0,3,0,0
01997,airplane,0,1.0,13,13,17
01997,airplane,16,1.0,13,13,17
01997,airplane,64,1.0,13,13,16
01997,airplane,256,0.23076923076923078,13,3,5
01997,helicopter,0,1.0,5,5,7
01997,helicopter,16,1.0,5,5,7
01997,helicopter,64,1.0,5,5,5
01997,helicopter,256,0.2,5,1,1
01997,large-vehicle,0,1.0,11,11,13
01997,large-vehicle,16,1.0,11,11,11
01997,large-vehicle,64,0.8181818181818182,11,9,5
01997,large-vehicle,256,0.0,11,0,0
01997,small-vehicle,0,1.0,463,463,40
01997,small-vehicle,16,0.9848812095032398,463,456,29
01997,small-vehicle,64,0.0,463,0,0
01997,small-vehicle,256,0.0,463,0,0
01998,small-vehicle,0,1.0,486,486,98
01998,small-vehicle,16,0.9567901234567902,486,465,93
01998,small-vehicle,64,0.07613168724279835,486,37,32
01998,small-vehicle,256,0.0,486,0,0
01998,swimming-pool,0,1.0,77,77,86
01998,swimming-pool,16,1.0,77,77,86
01998,swimming-pool,64,0.974025974025974,77,75,77
01998,swimming-pool,256,0.18181818181818182,77,14,14
02001,large-vehicle,0,1.0,1,1,2
02001,large-vehicle,16,1.0,1,1,2
02001,large-vehicle,64,1.0,1,1,1
02001,large-vehicle,256,0.0,1,0,0
02001,small-vehicle,0,1.0,106,106,74
02001,small-vehicle,16,0.9905660377358491,106,105,55
02001,small-vehicle,64,0.009433962264150943,106,1,1
02001,small-vehicle,256,0.0,106,0,0
02001,swimming-pool,0,1.0,256,256,100
02001,swimming-pool,16,1.0,256,256,100
02001,swimming-pool,64,0.99609375,256,255,100
02001,swimming-pool,256,0.25390625,256,65,65
02002,airplane,0,1.0,16,16,11
02002,airplane,16,0.625,16,10,8
02002,airplane,64,0.25,16,4,6
02002,airplane,256,0.1875,16,3,3
02002,container,0,1.0,43,43,16
02002,container,16,0.9534883720930233,43,41,11
02002,container,64,0.0,43,0,0
02002,container,256,0.0,43,0,0
02002,large-vehicle,0,1.0,32,32,23
02002,large-vehicle,16,0.90625,32,29,19
02002,large-vehicle,64,0.125,32,4,7
02002,large-vehicle,256,0.0,32,0,0
02002,small-vehicle,0,0.9249061326658323,799,739,46
02002,small-vehicle,16,0.016270337922403004,799,13,10
02002,small-vehicle,64,0.0,799,0,0
02002,small-vehicle,256,0.0,799,0,0
02002,swimming-pool,0,1.0,3,3,7
02002,swimming-pool,16,1.0,3,3,4
02002,swimming-pool,64,0.3333333333333333,3,1,3
02002,swimming-pool,256,0.0,3,0,0
02004,container,0,1.0,157,157,28
02004,container,16,1.0,157,157,27
02004,container,64,0.39490445859872614,157,62,12
02004,container,256,0.0,157,0,0
02004,large-vehicle,0,1.0,22,22,9
02004,large-vehicle,16,1.0,22,22,8
02004,large-vehicle,64,0.6818181818181818,22,15,3
02004,large-vehicle,256,0.0,22,0,0
02004,small-vehicle,0,1.0,537,537,36
02004,small-vehicle,16,0.6461824953445066,537,347,26
02004,small-vehicle,64,0.0037243947858473,537,2,1
02004,small-vehicle,256,0.0,537,0,0
02004,storage-tank,0,1.0,242,242,12
02004,storage-tank,16,1.0,242,242,12
02004,storage-tank,64,0.7479338842975206,242,181,11
02004,storage-tank,256,0.05785123966942149,242,14,6
02004,swimming-pool,0,1.0,9,9,17
02004,swimming-pool,16,1.0,9,9,14
02004,swimming-pool,64,0.2222222222222222,9,2,2
02004,swimming-pool,256,0.0,9,0,0
02011,container,0,1.0,291,291,36
02011,container,16,1.0,291,291,36
02011,container,64,1.0,291,291,25
02011,container,256,0.0,291,0,0
02011,large-vehicle,0,1.0,1,1,4
02011,large-vehicle,16,1.0,1,1,4
02011,large-vehicle,64,1.0,1,1,4
02011,large-vehicle,256,1.0,1,1,1
02011,small-vehicle,0,1.0,155,155,14
02011,small-vehicle,16,1.0,155,155,7
02011,small-vehicle,64,0.0,155,0,0
02011,small-vehicle,256,0.0,155,0,0
02016,container,0,1.0,882,882,72
02016,container,16,1.0,882,882,72
02016,container,64,0.9988662131519275,882,881,50
02016,container,256,0.0,882,0,0
02016,large-vehicle,0,1.0,14,14,39
02016,large-vehicle,16,1.0,14,14,39
02016,large-vehicle,64,1.0,14,14,26
02016,large-vehicle,256,0.14285714285714285,14,2,2
02016,small-vehicle,0,1.0,615,615,49
02016,small-vehicle,16,1.0,615,615,43
02016,small-vehicle,64,0.016260162601626018,615,10,9
02016,small-vehicle,256,0.0,615,0,0
02022,container,0,1.0,14,14,5
02022,container,16,0.14285714285714285,14,2,2
02022,container,64,0.0,14,0,0
02022,container,256,0.0,14,0,0
02022,large-vehicle,0,1.0,4,4,8
02022,large-vehicle,16,1.0,4,4,4
02022,large-vehicle,64,0.0,4,0,0
02022,large-vehicle,256,0.0,4,0,0
02022,ship,0,1.0,576,576,25
02022,ship,16,0.984375,576,567,20
02022,ship,64,0.003472222222222222,576,2,3
02022,ship,256,0.0,576,0,0
02022,small-vehicle,0,1.0,577,577,44
02022,small-vehicle,16,0.01386481802426343,577,8,8
02022,small-vehicle,64,0.0,577,0,0
02022,small-vehicle,256,0.0,577,0,0
02023,windmill,0,1.0,19,19,37
02023,windmill,16,1.0,19,19,37
02023,windmill,64,1.0,19,19,29
02023,windmill,256,0.3157894736842105,19,6,8
02024,large-vehicle,0,1.0,3,3,9
02024,large-vehicle,16,1.0,3,3,9
02024,large-vehicle,64,1.0,3,3,6
02024,large-vehicle,256,0.0,3,0,0
02024,small-vehicle,0,1.0,1291,1291,89
02024,small-vehicle,16,1.0,1291,1291,86
02024,small-vehicle,64,0.026336173508907823,1291,34,28
02024,small-vehicle,256,0.0,1291,0,0
02024,swimming-pool,0,1.0,10,10,28
02024,swimming-pool,16,1.0,10,10,28
02024,swimming-pool,64,1.0,10,10,18
02024,swimming-pool,256,0.2,10,2,3
02030,container,0,1.0,3,3,10
02030,container,16,1.0,3,3,10
02030,container,64,1.0,3,3,6
02030,container,256,0.0,3,0,0
02030,large-vehicle,0,1.0,3,3,9
02030,large-vehicle,16,1.0,3,3,9
02030,large-vehicle,64,1.0,3,3,5
02030,large-vehicle,256,0.0,3,0,0
02030,small-vehicle,0,1.0,441,441,95
02030,small-vehicle,16,1.0,441,441,95
02030,small-vehicle,64,0.48072562358276644,441,212,70
02030,small-vehicle,256,0.0,441,0,0
02030,swimming-pool,0,1.0,152,152,98
02030,swimming-pool,16,1.0,152,152,98
02030,swimming-pool,64,0.993421052631579,152,151,98
02030,swimming-pool,256,0.5328947368421053,152,81,62
02031,airplane,0,1.0,10,10,8
02031,airplane,16,1.0,10,10,8
02031,airplane,64,0.9,10,9,5
02031,airplane,256,0.0,10,0,0
02031,container,0,1.0,11,11,7
02031,container,16,1.0,11,11,4
02031,container,64,0.0,11,0,0
02031,container,256,0.0,11,0,0
02031,helicopter,0,1.0,5,5,3
02031,helicopter,16,1.0,5,5,3
02031,helicopter,64,1.0,5,5,3
02031,helicopter,256,0.4,5,2,2
02031,large-vehicle,0,1.0,2,2,5
02031,large-vehicle,16,1.0,2,2,2
02031,large-vehicle,64,0.0,2,0,0
02031,large-vehicle,256,0.0,2,0,0
02031,small-vehicle,0,1.0,199,199,49
02031,small-vehicle,16,0.5829145728643216,199,116,26
02031,small-vehicle,64,0.0,199,0,0
02031,small-vehicle,256,0.0,199,0,0
02033,windmill,0,1.0,6,6,18
02033,windmill,16,1.0,6,6,18
02033,windmill,64,1.0,6,6,12
02033,windmill,256,0.0,6,0,0
02037,windmill,0,0.9534883720930233,86,82,48
02037,windmill,16,0.9534883720930233,86,82,48
02037,windmill,64,0.6744186046511628,86,58,36
02037,windmill,256,0.023255813953488372,86,2,2
02039,ship,0,1.0,429,429,36
02039,ship,16,0.3473193473193473,429,149,28
02039,ship,64,0.013986013986013986,429,6,5
02039,ship,256,0.0,429,0,0
02039,storage-tank,0,1.0,153,153,19
02039,storage-tank,16,1.0,153,153,19
02039,storage-tank,64,0.7581699346405228,153,116,11
02039,storage-tank,256,0.0,153,0,0
02039,swimming-pool,0,1.0,2,2,6
02039,swimming-pool,16,1.0,2,2,3
02039,swimming-pool,64,0.0,2,0,0
02039,swimming-pool,256,0.0,2,0,0
02041,windmill,0,1.0,11,11,22
02041,windmill,16,1.0,11,11,22
02041,windmill,64,0.8181818181818182,11,9,11
02041,windmill,256,0.0,11,0,0
02043,windmill,0,1.0,30,30,38
02043,windmill,16,1.0,30,30,38
02043,windmill,64,1.0,30,30,32
02043,windmill,256,0.26666666666666666,30,8,9
02046,small-vehicle,0,1.0,490,490,94
02046,small-vehicle,16,0.9775510204081632,490,479,70
02046,small-vehicle,64,0.0,490,0,0
02046,small-vehicle,256,0.0,490,0,0
02046,swimming-pool,0,1.0,45,45,66
02046,swimming-pool,16,1.0,45,45,65
02046,swimming-pool,64,0.9333333333333333,45,42,43
02046,swimming-pool,256,0.0,45,0,0
02054,airplane,0,1.0,90,90,28
02054,airplane,16,0.9777777777777777,90,88,28
02054,airplane,64,0.8777777777777778,90,79,23
02054,airplane,256,0.05555555555555555,90,5,6
02054,storage-tank,0,1.0,8,8,6
02054,storage-tank,16,1.0,8,8,3
02054,storage-tank,64,0.0,8,0,0
02054,storage-tank,256,0.0,8,0,0
02056,small-vehicle,0,1.0,272,272,91
02056,small-vehicle,16,0.9448529411764706,272,257,70
02056,small-vehicle,64,0.007352941176470588,272,2,2
02056,small-vehicle,256,0.0,272,0,0
02056,swimming-pool,0,1.0,60,60,73
02056,swimming-pool,16,1.0,60,60,73
02056,swimming-pool,64,1.0,60,60,68
02056,swimming-pool,256,0.16666666666666666,60,10,22
02060,storage-tank,0,1.0,5,5,7
02060,storage-tank,16,1.0,5,5,1
02060,storage-tank,64,0.0,5,0,0
02060,storage-tank,256,0.0,5,0,0
02060,windmill,0,1.0,19,19,37
02060,windmill,16,0.9473684210526315,19,18,34
02060,windmill,64,0.7894736842105263,19,15,20
02060,windmill,256,0.2631578947368421,19,5,5
02061,airplane,0,1.0,29,29,22
02061,airplane,16,1.0,29,29,22
02061,airplane,64,0.6896551724137931,29,20,14
02061,airplane,256,0.034482758620689655,29,1,2
02061,container,0,0.8888888888888888,18,16,6
02061,container,16,0.8888888888888888,18,16,4
02061,container,64,0.0,18,0,0
02061,container,256,0.0,18,0,0
02061,large-vehicle,0,0.8333333333333334,12,10,16
02061,large-vehicle,16,0.6666666666666666,12,8,7
02061,large-vehicle,64,0.0,12,0,0
02061,large-vehicle,256,0.0,12,0,0
02061,small-vehicle,0,0.9750260145681582,1922,1874,66
02061,small-vehicle,16,0.053069719042663895,1922,102,18
02061,small-vehicle,64,0.0,1922,0,0
02061,small-vehicle,256,0.0,1922,0,0
02061,swimming-pool,0,1.0,2,2,5
02061,swimming-pool,16,1.0,2,2,3
02061,swimming-pool,64,0.0,2,0,0
02061,swimming-pool,256,0.0,2,0,0
02062,airplane,0,1.0,23,23,16
02062,airplane,16,0.9565217391304348,23,22,16
02062,airplane,64,0.6521739130434783,23,15,8
02062,airplane,256,0.043478260869565216,23,1,2
02062,large-vehicle,0,1.0,1,1,1
02062,large-vehicle,16,0.0,1,0,0
02062,large-vehicle,64,0.0,1,0,0
02062,large-vehicle,256,0.0,1,0,0
02062,small-vehicle,0,1.0,223,223,12
02062,small-vehicle,16,0.726457399103139,223,162,7
02062,small-vehicle,64,0.0,223,0,0
02062,small-vehicle,256,0.0,223,0,0
02068,windmill,0,1.0,30,30,52
02068,windmill,16,1.0,30,30,52
02068,windmill,64,0.9666666666666667,30,29,42
02068,windmill,256,0.3333333333333333,30,10,13
02071,container,0,1.0,21,21,7
02071,container,16,1.0,21,21,7
02071,container,64,0.8571428571428571,21,18,3
02071,container,256,0.0,21,0,0
02071,small-vehicle,0,1.0,461,461,91
02071,small-vehicle,16,0.9739696312364425,461,449,69
02071,small-vehicle,64,0.0,461,0,0
02071,small-vehicle,256,0.0,461,0,0
02071,swimming-pool,0,1.0,47,47,51
02071,swimming-pool,16,1.0,47,47,51
02071,swimming-pool,64,1.0,47,47,38
02071,swimming-pool,256,0.02127659574468085,47,1,2
02077,airplane,0,1.0,12,12,10
02077,airplane,16,1.0,12,12,8
02077,airplane,64,0.4166666666666667,12,5,4
02077,airplane,256,0.16666666666666666,12,2,1
02077,container,0,1.0,1,1,4
02077,container,16,1.0,1,1,2
02077,container,64,0.0,1,0,0
02077,container,256,0.0,1,0,0
02077,large-vehicle,0,1.0,8,8,20
02077,large-vehicle,16,1.0,8,8,14
02077,large-vehicle,64,0.125,8,1,4
02077,large-vehicle,256,0.0,8,0,0
02077,small-vehicle,0,1.0,365,365,31
02077,small-vehicle,16,0.01643835616438356,365,6,12
02077,small-vehicle,64,0.0,365,0,0
02077,small-vehicle,256,0.0,365,0,0
02077,swimming-pool,0,1.0,46,46,33
02077,swimming-pool,16,1.0,46,46,33
02077,swimming-pool,64,0.45652173913043476,46,21,16
02077,swimming-pool,256,0.0,46,0,0
02078,windmill,0,1.0,23,23,39
02078,windmill,16,1.0,23,23,39
02078,windmill,64,0.9565217391304348,23,22,33
02078,windmill,256,0.2608695652173913,23,6,9
02082,airplane,0,1.0,36,36,13
02082,airplane,16,0.9444444444444444,36,34,13
02082,airplane,64,0.6944444444444444,36,25,10
02082,airplane,256,0.027777777777777776,36,1,1
02082,container,0,1.0,23,23,10
02082,container,16,1.0,23,23,9
02082,container,64,0.043478260869565216,23,1,2
02082,container,256,0.0,23,0,0
02082,large-vehicle,0,1.0,19,19,12
02082,large-vehicle,16,1.0,19,19,10
02082,large-vehicle,64,0.3157894736842105,19,6,5
02082,large-vehicle,256,0.0,19,0,0
02082,small-vehicle,0,1.0,630,630,27
02082,small-vehicle,16,0.29365079365079366,630,185,18
02082,small-vehicle,64,0.0,630,0,0
02082,small-vehicle,256,0.0,630,0,0
02082,storage-tank,0,1.0,1,1,3
02082,storage-tank,16,1.0,1,1,3
02082,storage-tank,64,1.0,1,1,2
02082,storage-tank,256,1.0,1,1,1
02083,container,0,1.0,1,1,4
02083,container,16,1.0,1,1,4
02083,container,64,1.0,1,1,2
02083,container,256,0.0,1,0,0
02083,large-vehicle,0,1.0,1,1,5
02083,large-vehicle,16,1.0,1,1,5
02083,large-vehicle,64,1.0,1,1,5
02083,large-vehicle,256,1.0,1,1,1
02083,small-vehicle,0,0.9903846153846154,312,309,98
02083,small-vehicle,16,0.9166666666666666,312,286,83
02083,small-vehicle,64,0.02564102564102564,312,8,10
02083,small-vehicle,256,0.0,312,0,0
02083,storage-tank,0,1.0,2,2,7
02083,storage-tank,16,1.0,2,2,7
02083,storage-tank,64,1.0,2,2,3
02083,storage-tank,256,0.0,2,0,0
02083,swimming-pool,0,0.9961832061068703,262,261,100
02083,swimming-pool,16,0.9923664122137404,262,260,100
02083,swimming-pool,64,0.9656488549618321,262,253,100
02083,swimming-pool,256,0.183206106870229,262,48,60
02088,airplane,0,1.0,132,132,50
02088,airplane,16,1.0,132,132,50
02088,airplane,64,0.9090909090909091,132,120,40
02088,airplane,256,0.03787878787878788,132,5,6
02088,container,0,1.0,80,80,32
02088,container,16,0.0,80,0,0
02088,container,64,0.0,80,0,0
02088,container,256,0.0,80,0,0
02088,large-vehicle,0,1.0,6,6,6
02088,large-vehicle,16,0.0,6,0,0
02088,large-vehicle,64,0.0,6,0,0
02088,large-vehicle,256,0.0,6,0,0
02088,small-vehicle,0,1.0,17,17,26
02088,small-vehicle,16,0.0,17,0,0
02088,small-vehicle,64,0.0,17,0,0
02088,small-vehicle,256,0.0,17,0,0
02088,storage-tank,0,1.0,10,10,9
02088,storage-tank,16,0.5,10,5,5
02088,storage-tank,64,0.3,10,3,3
02088,storage-tank,256,0.3,10,3,2
02090,airplane,0,1.0,125,125,42
02090,airplane,16,1.0,125,125,42
02090,airplane,64,0.984,125,123,34
02090,airplane,256,0.032,125,4,6
02090,container,0,1.0,8,8,6
02090,container,16,1.0,8,8,3
02090,container,64,0.0,8,0,0
02090,container,256,0.0,8,0,0
02090,large-vehicle,0,1.0,14,14,24
02090,large-vehicle,16,1.0,14,14,15
02090,large-vehicle,64,0.0,14,0,0
02090,large-vehicle,256,0.0,14,0,0
02090,ship,0,1.0,2,2,3
02090,ship,16,1.0,2,2,1
02090,ship,64,0.0,2,0,0
02090,ship,256,0.0,2,0,0
02090,small-vehicle,0,0.960352422907489,227,218,40
02090,small-vehicle,16,0.2599118942731278,227,59,19
02090,small-vehicle,64,0.0,227,0,0
02090,small-vehicle,256,0.0,227,0,0
02090,swimming-pool,0,1.0,2,2,6
02090,swimming-pool,16,1.0,2,2,6
02090,swimming-pool,64,1.0,2,2,4
02090,swimming-pool,256,0.0,2,0,0
02106,airplane,0,1.0,91,91,27
02106,airplane,16,1.0,91,91,27
02106,airplane,64,1.0,91,91,22
02106,airplane,256,0.03296703296703297,91,3,3
02106,storage-tank,0,1.0,3,3,2
02106,storage-tank,16,1.0,3,3,2
02106,storage-tank,64,1.0,3,3,1
02106,storage-tank,256,0.0,3,0,0
02106,swimming-pool,0,1.0,9,9,7
02106,swimming-pool,16,0.3333333333333333,9,3,5
02106,swimming-pool,64,0.1111111111111111,9,1,2
02106,swimming-pool,256,0.0,9,0,0
02107,container,0,1.0,22,22,19
02107,container,16,1.0,22,22,19
02107,container,64,1.0,22,22,10
02107,container,256,0.0,22,0,0
02107,large-vehicle,0,1.0,31,31,40
02107,large-vehicle,16,1.0,31,31,36
02107,large-vehicle,64,0.7741935483870968,31,24,25
02107,large-vehicle,256,0.06451612903225806,31,2,2
02107,small-vehicle,0,0.9935993975903614,2656,2639,96
02107,small-vehicle,16,0.9894578313253012,2656,2628,79
02107,small-vehicle,64,0.0011295180722891566,2656,3,9
02107,small-vehicle,256,0.0,2656,0,0
02114,container,0,1.0,4,4,11
02114,container,16,0.75,4,3,5
02114,container,64,0.0,4,0,0
02114,container,256,0.0,4,0,0
02114,large-vehicle,0,1.0,18,18,29
02114,large-vehicle,16,0.8333333333333334,18,15,17
02114,large-vehicle,64,0.0,18,0,0
02114,large-vehicle,256,0.0,18,0,0
02114,ship,0,1.0,3459,3459,77
02114,ship,16,0.9852558542931483,3459,3408,76
02114,ship,64,0.1170858629661752,3459,405,55
02114,ship,256,0.0005782017924255566,3459,2,2
02114,small-vehicle,0,1.0,1173,1173,82
02114,small-vehicle,16,0.045183290707587385,1173,53,24
02114,small-vehicle,64,0.0,1173,0,0
02114,small-vehicle,256,0.0,1173,0,0
02114,swimming-pool,0,1.0,34,34,59
02114,swimming-pool,16,1.0,34,34,56
02114,swimming-pool,64,0.7941176470588235,34,27,37
02114,swimming-pool,256,0.029411764705882353,34,1,2
02115,airplane,0,1.0,109,109,29
02115,airplane,16,0.981651376146789,109,107,24
02115,airplane,64,0.1651376146788991,109,18,10
02115,airplane,256,0.01834862385321101,109,2,2
02115,storage-tank,0,1.0,3,3,8
02115,storage-tank,16,1.0,3,3,8
02115,storage-tank,64,0.6666666666666666,3,2,4
02115,storage-tank,256,0.0,3,0,0
02115,swimming-pool,0,1.0,2,2,4
02115,swimming-pool,16,1.0,2,2,3
02115,swimming-pool,64,0.5,2,1,1
02115,swimming-pool,256,0.0,2,0,0
02116,airplane,0,1.0,30,30,19
02116,airplane,16,1.0,30,30,19
02116,airplane,64,1.0,30,30,14
02116,airplane,256,0.03333333333333333,30,1,3
02116,container,0,1.0,30,30,19
02116,container,16,1.0,30,30,18
02116,container,64,0.4666666666666667,30,14,6
02116,container,256,0.0,30,0,0
02116,large-vehicle,0,1.0,12,12,22
02116,large-vehicle,16,1.0,12,12,20
02116,large-vehicle,64,0.5833333333333334,12,7,11
02116,large-vehicle,256,0.08333333333333333,12,1,2
02116,small-vehicle,0,0.987220447284345,313,309,54
02116,small-vehicle,16,0.8881789137380192,313,278,46
02116,small-vehicle,64,0.003194888178913738,313,1,1
02116,small-vehicle,256,0.0,313,0,0
02133,windmill,0,1.0,27,27,61
02133,windmill,16,1.0,27,27,60
02133,windmill,64,1.0,27,27,40
02133,windmill,256,0.1111111111111111,27,3,5
02135,airplane,0,1.0,2,2,6
02135,airplane,16,1.0,2,2,6
02135,airplane,64,1.0,2,2,4
02135,airplane,256,0.5,2,1,1
02135,container,0,1.0,2,2,2
02135,container,16,1.0,2,2,1
02135,container,64,0.0,2,0,0
02135,container,256,0.0,2,0,0
02135,large-vehicle,0,1.0,10,10,19
02135,large-vehicle,16,1.0,10,10,19
02135,large-vehicle,64,0.9,10,9,11
02135,large-vehicle,256,0.4,10,4,5
02135,small-vehicle,0,1.0,366,366,67
02135,small-vehicle,16,0.994535519125683,366,364,59
02135,small-vehicle,64,0.04644808743169399,366,17,16
02135,small-vehicle,256,0.00273224043715847,366,1,2
02135,swimming-pool,0,1.0,3,3,4
02135,swimming-pool,16,1.0,3,3,4
02135,swimming-pool,64,1.0,3,3,2
02135,swimming-pool,256,0.0,3,0,0
02141,windmill,0,1.0,16,16,37
02141,windmill,16,1.0,16,16,37
02141,windmill,64,1.0,16,16,33
02141,windmill,256,0.375,16,6,9
02143,airplane,0,1.0,25,25,18
02143,airplane,16,1.0,25,25,18
02143,airplane,64,1.0,25,25,18
02143,airplane,256,0.28,25,7,9
02143,container,0,1.0,3,3,5
02143,container,16,1.0,3,3,4
02143,container,64,0.0,3,0,0
02143,container,256,0.0,3,0,0
02143,large-vehicle,0,1.0,19,19,31
02143,large-vehicle,16,1.0,19,19,31
02143,large-vehicle,64,0.7894736842105263,19,15,12
02143,large-vehicle,256,0.0,19,0,0
02143,small-vehicle,0,1.0,425,425,69
02143,small-vehicle,16,0.7058823529411765,425,300,48
02143,small-vehicle,64,0.0,425,0,0
02143,small-vehicle,256,0.0,425,0,0
02152,airplane,0,1.0,35,35,12
02152,airplane,16,1.0,35,35,12
02152,airplane,64,0.45714285714285713,35,16,5
02152,airplane,256,0.0,35,0,0
02152,container,0,1.0,21,21,11
02152,container,16,1.0,21,21,7
02152,container,64,0.0,21,0,0
02152,container,256,0.0,21,0,0
02152,large-vehicle,0,1.0,21,21,37
02152,large-vehicle,16,0.7619047619047619,21,16,16
02152,large-vehicle,64,0.0,21,0,0
02152,large-vehicle,256,0.0,21,0,0
02152,ship,0,1.0,1,1,4
02152,ship,16,1.0,1,1,2
02152,ship,64,0.0,1,0,0
02152,ship,256,0.0,1,0,0
02152,small-vehicle,0,1.0,429,429,43
02152,small-vehicle,16,0.011655011655011656,429,5,7
02152,small-vehicle,64,0.0,429,0,0
02152,small-vehicle,256,0.0,429,0,0
02152,swimming-pool,0,1.0,3,3,13
02152,swimming-pool,16,1.0,3,3,10
02152,swimming-pool,64,0.3333333333333333,3,1,4
02152,swimming-pool,256,0.0,3,0,0
02153,windmill,0,1.0,68,68,75
02153,windmill,16,1.0,68,68,75
02153,windmill,64,0.9852941176470589,68,67,64
02153,windmill,256,0.029411764705882353,68,2,4
02164,container,0,1.0,8,8,14
02164,container,16,0.5,8,4,8
02164,container,64,0.125,8,1,2
02164,container,256,0.0,8,0,0
02164,windmill,0,1.0,15,15,23
02164,windmill,16,1.0,15,15,23
02164,windmill,64,0.8666666666666667,15,13,11
02164,windmill,256,0.0,15,0,0
02173,airplane,0,1.0,41,41,16
02173,airplane,16,1.0,41,41,16
02173,airplane,64,1.0,41,41,13
02173,airplane,256,0.04878048780487805,41,2,3
02173,large-vehicle,0,1.0,1,1,2
02173,large-vehicle,16,1.0,1,1,1
02173,large-vehicle,64,0.0,1,0,0
02173,large-vehicle,256,0.0,1,0,0
02173,small-vehicle,0,1.0,247,247,30
02173,small-vehicle,16,0.13765182186234817,247,34,9
02173,small-vehicle,64,0.0,247,0,0
02173,small-vehicle,256,0.0,247,0,0
02179,airplane,0,1.0,129,129,38
02179,airplane,16,1.0,129,129,38
02179,airplane,64,1.0,129,129,24
02179,airplane,256,0.0,129,0,0
02179,container,0,1.0,5,5,12
02179,container,16,1.0,5,5,5
02179,container,64,0.0,5,0,0
02179,container,256,0.0,5,0,0
02179,helicopter,0,1.0,1,1,2
02179,helicopter,16,1.0,1,1,2
02179,helicopter,64,1.0,1,1,1
02179,helicopter,256,0.0,1,0,0
02179,large-vehicle,0,1.0,13,13,17
02179,large-vehicle,16,0.6923076923076923,13,9,11
02179,large-vehicle,64,0.07692307692307693,13,1,1
02179,large-vehicle,256,0.0,13,0,0
02179,small-vehicle,0,1.0,2266,2266,40
02179,small-vehicle,16,0.001323918799646955,2266,3,3
02179,small-vehicle,64,0.0,2266,0,0
02179,small-vehicle,256,0.0,2266,0,0
02186,airplane,0,1.0,59,59,23
02186,airplane,16,1.0,59,59,23
02186,airplane,64,1.0,59,59,12
02186,airplane,256,0.0,59,0,0
02186,container,0,1.0,14,14,9
02186,container,16,1.0,14,14,8
02186,container,64,0.21428571428571427,14,3,3
02186,container,256,0.0,14,0,0
02186,large-vehicle,0,1.0,26,26,34
02186,large-vehicle,16,1.0,26,26,19
02186,large-vehicle,64,0.11538461538461539,26,3,3
02186,large-vehicle,256,0.0,26,0,0
02186,small-vehicle,0,1.0,162,162,59
02186,small-vehicle,16,0.7160493827160493,162,116,34
02186,small-vehicle,64,0.0,162,0,0
02186,small-vehicle,256,0.0,162,0,0
02188,windmill,0,0.9805825242718447,103,101,76
02188,windmill,16,0.9805825242718447,103,101,76
02188,windmill,64,0.912621359223301,103,94,56
02188,windmill,256,0.0,103,0,0
02190,ship,0,1.0,1144,1144,35
02190,ship,16,0.9711538461538461,1144,1111,27
02190,ship,64,0.05332167832167832,1144,61,10
02190,ship,256,0.0,1144,0,0
02190,small-vehicle,0,1.0,240,240,17
02190,small-vehicle,16,0.058333333333333334,240,14,7
02190,small-vehicle,64,0.0,240,0,0
02190,small-vehicle,256,0.0,240,0,0
02201,airplane,0,1.0,126,126,41
02201,airplane,16,1.0,126,126,41
02201,airplane,64,0.8095238095238095,126,102,34
02201,airplane,256,0.07142857142857142,126,9,11
02201,storage-tank,0,1.0,12,12,4
02201,storage-tank,16,1.0,12,12,4
02201,storage-tank,64,0.25,12,3,1
02201,storage-tank,256,0.0,12,0,0
02203,airplane,0,1.0,7,7,3
02203,airplane,16,1.0,7,7,3
02203,airplane,64,1.0,7,7,2
02203,airplane,256,0.0,7,0,0
02203,large-vehicle,0,1.0,7,7,14
02203,large-vehicle,16,0.14285714285714285,7,1,1
02203,large-vehicle,64,0.0,7,0,0
02203,large-vehicle,256,0.0,7,0,0
02203,small-vehicle,0,1.0,133,133,42
02203,small-vehicle,16,0.0,133,0,0
02203,small-vehicle,64,0.0,133,0,0
02203,small-vehicle,256,0.0,133,0,0
02203,storage-tank,0,1.0,1,1,6
02203,storage-tank,16,1.0,1,1,6
02203,storage-tank,64,1.0,1,1,4
02203,storage-tank,256,0.0,1,0,0
02203,swimming-pool,0,1.0,25,25,26
02203,swimming-pool,16,0.76,25,19,15
02203,swimming-pool,64,0.0,25,0,0
02203,swimming-pool,256,0.0,25,0,0
02205,container,0,1.0,12,12,16
02205,container,16,1.0,12,12,16
02205,container,64,0.9166666666666666,12,11,8
02205,container,256,0.0,12,0,0
02205,large-vehicle,0,1.0,1,1,2
02205,large-vehicle,16,1.0,1,1,2
02205,large-vehicle,64,1.0,1,1,1
02205,large-vehicle,256,0.0,1,0,0
02205,small-vehicle,0,0.9832041343669251,774,761,99
02205,small-vehicle,16,0.9457364341085271,774,732,82
02205,small-vehicle,64,0.003875968992248062,774,3,4
02205,small-vehicle,256,0.0,774,0,0
02205,swimming-pool,0,1.0,35,35,61
02205,swimming-pool,16,1.0,35,35,61
02205,swimming-pool,64,0.9714285714285714,35,34,50
02205,swimming-pool,256,0.22857142857142856,35,8,9
02213,storage-tank,0,1.0,4,4,2
02213,storage-tank,16,1.0,4,4,2
02213,storage-tank,64,1.0,4,4,1
02213,storage-tank,256,0.0,4,0,0
02213,windmill,0,1.0,111,111,62
02213,windmill,16,1.0,111,111,62
02213,windmill,64,0.7747747747747747,111,86,49
02213,windmill,256,0.036036036036036036,111,4,3
02216,windmill,0,1.0,73,73,57
02216,windmill,16,0.9863013698630136,73,72,57
02216,windmill,64,0.9041095890410958,73,66,45
02216,windmill,256,0.2465753424657534,73,18,12
02217,container,0,1.0,173,173,38
02217,container,16,1.0,173,173,38
02217,container,64,1.0,173,173,22
02217,container,256,0.0,173,0,0
02217,large-vehicle,0,1.0,24,24,35
02217,large-vehicle,16,1.0,24,24,35
02217,large-vehicle,64,1.0,24,24,21
02217,large-vehicle,256,0.041666666666666664,24,1,1
02217,small-vehicle,0,1.0,126,126,37
02217,small-vehicle,16,1.0,126,126,24
02217,small-vehicle,64,0.0,126,0,0
02217,small-vehicle,256,0.0,126,0,0
02221,airplane,0,1.0,27,27,18
02221,airplane,16,1.0,27,27,17
02221,airplane,64,0.7777777777777778,27,21,10
02221,airplane,256,0.037037037037037035,27,1,1
02221,container,0,1.0,19,19,12
02221,container,16,1.0,19,19,6
02221,container,64,0.0,19,0,0
02221,container,256,0.0,19,0,0
02221,large-vehicle,0,1.0,3,3,7
02221,large-vehicle,16,1.0,3,3,4
02221,large-vehicle,64,0.3333333333333333,3,1,1
02221,large-vehicle,256,0.0,3,0,0
02221,small-vehicle,0,1.0,89,89,33
02221,small-vehicle,16,0.3707865168539326,89,33,17
02221,small-vehicle,64,0.0,89,0,0
02221,small-vehicle,256,0.0,89,0,0
02227,container,0,1.0,15,15,20
02227,container,16,0.9333333333333333,15,14,18
02227,container,64,0.3333333333333333,15,5,7
02227,container,256,0.0,15,0,0
02227,large-vehicle,0,1.0,14,14,28
02227,large-vehicle,16,1.0,14,14,28
02227,large-vehicle,64,0.9285714285714286,14,13,23
02227,large-vehicle,256,0.42857142857142855,14,6,7
02227,small-vehicle,0,1.0,991,991,85
02227,small-vehicle,16,1.0,991,991,80
02227,small-vehicle,64,0.09687184661957618,991,96,34
02227,small-vehicle,256,0.0,991,0,0
02228,airplane,0,1.0,35,35,21
02228,airplane,16,1.0,35,35,21
02228,airplane,64,1.0,35,35,12
02228,airplane,256,0.0,35,0,0
02228,container,0,1.0,5,5,3
02228,container,16,1.0,5,5,2
02228,container,64,0.0,5,0,0
02228,container,256,0.0,5,0,0
02228,small-vehicle,0,1.0,97,97,20
02228,small-vehicle,16,0.8144329896907216,97,79,12
02228,small-vehicle,64,0.0,97,0,0
02228,small-vehicle,256,0.0,97,0,0
02231,large-vehicle,0,1.0,17,17,36
02231,large-vehicle,16,1.0,17,17,36
02231,large-vehicle,64,0.9411764705882353,17,16,22
02231,large-vehicle,256,0.058823529411764705,17,1,2
02231,small-vehicle,0,0.9984301412872841,637,636,84
02231,small-vehicle,16,0.9230769230769231,637,588,74
02231,small-vehicle,64,0.012558869701726845,637,8,14
02231,small-vehicle,256,0.0,637,0,0
02241,airplane,0,1.0,13,13,15
02241,airplane,16,1.0,13,13,15
02241,airplane,64,1.0,13,13,5
02241,airplane,256,0.0,13,0,0
02241,container,0,1.0,5,5,5
02241,container,16,0.8,5,4,3
02241,container,64,0.0,5,0,0
02241,container,256,0.0,5,0,0
02241,helicopter,0,1.0,3,3,2
02241,helicopter,16,1.0,3,3,2
02241,helicopter,64,0.6666666666666666,3,2,1
02241,helicopter,256,0.0,3,0,0
02241,large-vehicle,0,1.0,4,4,5
02241,large-vehicle,16,1.0,4,4,4
02241,large-vehicle,64,0.0,4,0,0
02241,large-vehicle,256,0.0,4,0,0
02241,small-vehicle,0,0.4378698224852071,169,74,11
02241,small-vehicle,16,0.38461538461538464,169,65,8
02241,small-vehicle,64,0.0,169,0,0
02241,small-vehicle,256,0.0,169,0,0
02241,swimming-pool,0,1.0,4,4,9
02241,swimming-pool,16,1.0,4,4,9
02241,swimming-pool,64,0.5,4,2,4
02241,swimming-pool,256,0.0,4,0,0
02249,container,0,1.0,306,306,58
02249,container,16,1.0,306,306,58
02249,container,64,1.0,306,306,39
02249,container,256,0.0,306,0,0
02249,large-vehicle,0,1.0,68,68,39
02249,large-vehicle,16,1.0,68,68,39
02249,large-vehicle,64,0.9852941176470589,68,67,24
02249,large-vehicle,256,0.0,68,0,0
02249,small-vehicle,0,1.0,330,330,61
02249,small-vehicle,16,1.0,330,330,45
02249,small-vehicle,64,0.0,330,0,0
02249,small-vehicle,256,0.0,330,0,0
02249,storage-tank,0,1.0,2,2,6
02249,storage-tank,16,1.0,2,2,4
02249,storage-tank,64,0.0,2,0,0
02249,storage-tank,256,0.0,2,0,0
02266,windmill,0,1.0,68,68,67
02266,windmill,16,1.0,68,68,67
02266,windmill,64,0.9411764705882353,68,64,54
02266,windmill,256,0.10294117647058823,68,7,9
02276,windmill,0,1.0,15,15,39
02276,windmill,16,1.0,15,15,39
02276,windmill,64,0.6666666666666666,15,10,24
02276,windmill,256,0.06666666666666667,15,1,1
02284,windmill,0,1.0,67,67,76
02284,windmill,16,1.0,67,67,76
02284,windmill,64,1.0,67,67,65
02284,windmill,256,0.08955223880597014,67,6,11
02285,windmill,0,1.0,63,63,81
02285,windmill,16,1.0,63,63,81
02285,windmill,64,0.8253968253968254,63,52,59
02285,windmill,256,0.14285714285714285,63,9,10
02286,airplane,0,1.0,45,45,21
02286,airplane,16,1.0,45,45,20
02286,airplane,64,0.26666666666666666,45,12,11
02286,airplane,256,0.022222222222222223,45,1,1
02286,container,0,1.0,56,56,14
02286,container,16,0.5892857142857143,56,33,5
02286,container,64,0.0,56,0,0
02286,container,256,0.0,56,0,0
02286,large-vehicle,0,1.0,31,31,21
02286,large-vehicle,16,0.9354838709677419,31,29,15
02286,large-vehicle,64,0.25806451612903225,31,8,2
02286,large-vehicle,256,0.0,31,0,0
02286,small-vehicle,0,1.0,473,473,52
02286,small-vehicle,16,0.004228329809725159,473,2,3
02286,small-vehicle,64,0.0,473,0,0
02286,small-vehicle,256,0.0,473,0,0
02287,large-vehicle,0,1.0,5,5,16
02287,large-vehicle,16,1.0,5,5,16
02287,large-vehicle,64,1.0,5,5,10
02287,large-vehicle,256,0.2,5,1,4
02287,small-vehicle,0,0.992619926199262,542,538,94
02287,small-vehicle,16,0.9317343173431735,542,505,71
02287,small-vehicle,64,0.0,542,0,0
02287,small-vehicle,256,0.0,542,0,0
02287,swimming-pool,0,1.0,22,22,48
02287,swimming-pool,16,1.0,22,22,48
02287,swimming-pool,64,1.0,22,22,38
02287,swimming-pool,256,0.13636363636363635,22,3,4
02289,airplane,0,1.0,12,12,8
02289,airplane,16,1.0,12,12,8
02289,airplane,64,0.75,12,9,7
02289,airplane,256,0.16666666666666666,12,2,3
02289,container,0,1.0,16,16,4
02289,container,16,1.0,16,16,4
02289,container,64,0.0,16,0,0
02289,container,256,0.0,16,0,0
02289,small-vehicle,0,0.9781021897810219,1096,1072,12
02289,small-vehicle,16,0.005474452554744526,1096,6,4
02289,small-vehicle,64,0.0,1096,0,0
02289,small-vehicle,256,0.0,1096,0,0
02290,windmill,0,1.0,64,64,87
02290,windmill,16,1.0,64,64,72
02290,windmill,64,0.015625,64,1,2
02290,windmill,256,0.0,64,0,0
02294,airplane,0,1.0,95,95,29
02294,airplane,16,1.0,95,95,29
02294,airplane,64,0.7578947368421053,95,72,27
02294,airplane,256,0.12631578947368421,95,12,6
02294,storage-tank,0,1.0,6,6,6
02294,storage-tank,16,1.0,6,6,6
02294,storage-tank,64,1.0,6,6,2
02294,storage-tank,256,0.0,6,0,0
02300,large-vehicle,0,1.0,1,1,3
02300,large-vehicle,16,1.0,1,1,3
02300,large-vehicle,64,1.0,1,1,2
02300,large-vehicle,256,0.0,1,0,0
02300,ship,0,1.0,1,1,4
02300,ship,16,1.0,1,1,4
02300,ship,64,1.0,1,1,1
02300,ship,256,0.0,1,0,0
02300,small-vehicle,0,1.0,259,259,89
02300,small-vehicle,16,0.9227799227799228,259,239,75
02300,small-vehicle,64,0.03474903474903475,259,9,12
02300,small-vehicle,256,0.0,259,0,0
02300,swimming-pool,0,1.0,79,79,74
02300,swimming-pool,16,1.0,79,79,73
02300,swimming-pool,64,0.9873417721518988,79,78,61
02300,swimming-pool,256,0.11392405063291139,79,9,14
02313,windmill,0,1.0,78,78,71
02313,windmill,16,1.0,78,78,71
02313,windmill,64,0.6794871794871795,78,53,44
02313,windmill,256,0.0,78,0,0
02325,windmill,0,1.0,60,60,64
02325,windmill,16,1.0,60,60,64
02325,windmill,64,0.9833333333333333,60,59,55
02325,windmill,256,0.25,60,15,19
02329,airplane,0,1.0,11,11,21
02329,airplane,16,1.0,11,11,21
02329,airplane,64,0.9090909090909091,11,10,13
02329,airplane,256,0.09090909090909091,11,1,1
02329,container,0,1.0,3,3,2
02329,container,16,1.0,3,3,1
02329,container,64,0.0,3,0,0
02329,container,256,0.0,3,0,0
02329,helicopter,0,1.0,1,1,8
02329,helicopter,16,1.0,1,1,8
02329,helicopter,64,1.0,1,1,4
02329,helicopter,256,0.0,1,0,0
02329,small-vehicle,0,1.0,18,18,8
02329,small-vehicle,16,0.1111111111111111,18,2,4
02329,small-vehicle,64,0.0,18,0,0
02329,small-vehicle,256,0.0,18,0,0
02330,airplane,0,1.0,19,19,15
02330,airplane,16,1.0,19,19,15
02330,airplane,64,1.0,19,19,13
02330,airplane,256,0.3684210526315789,19,7,6
02330,helicopter,0,1.0,1,1,3
02330,helicopter,16,1.0,1,1,3
02330,helicopter,64,1.0,1,1,2
02330,helicopter,256,0.0,1,0,0
02330,large-vehicle,0,1.0,10,10,13
02330,large-vehicle,16,1.0,10,10,9
02330,large-vehicle,64,0.4,10,4,1
02330,large-vehicle,256,0.0,10,0,0
02330,small-vehicle,0,0.961864406779661,236,227,29
02330,small-vehicle,16,0.902542372881356,236,213,21
02330,small-vehicle,64,0.0,236,0,0
02330,small-vehicle,256,0.0,236,0,0
02336,windmill,0,1.0,50,50,63
02336,windmill,16,1.0,50,50,62
02336,windmill,64,0.78,50,39,39
02336,windmill,256,0.0,50,0,0
02368,container,0,1.0,3,3,7
02368,container,16,1.0,3,3,5
02368,container,64,1.0,3,3,1
02368,container,256,0.0,3,0,0
02368,large-vehicle,0,1.0,14,14,21
02368,large-vehicle,16,1.0,14,14,19
02368,large-vehicle,64,1.0,14,14,11
02368,large-vehicle,256,0.0,14,0,0
02368,small-vehicle,0,1.0,552,552,65
02368,small-vehicle,16,0.9909420289855072,552,547,48
02368,small-vehicle,64,0.0,552,0,0
02368,small-vehicle,256,0.0,552,0,0
02376,windmill,0,1.0,39,39,59
02376,windmill,16,1.0,39,39,59
02376,windmill,64,1.0,39,39,45
02376,windmill,256,0.23076923076923078,39,9,8
02380,windmill,0,1.0,15,15,34
02380,windmill,16,1.0,15,15,32
02380,windmill,64,0.8666666666666667,15,13,15
02380,windmill,256,0.0,15,0,0
02389,windmill,0,1.0,27,27,54
02389,windmill,16,1.0,27,27,54
02389,windmill,64,1.0,27,27,45
02389,windmill,256,0.4074074074074074,27,11,16
02394,large-vehicle,0,1.0,1,1,3
02394,large-vehicle,16,1.0,1,1,3
02394,large-vehicle,64,1.0,1,1,1
02394,large-vehicle,256,0.0,1,0,0
02394,small-vehicle,0,1.0,247,247,77
02394,small-vehicle,16,0.9392712550607287,247,232,58
02394,small-vehicle,64,0.0,247,0,0
02394,small-vehicle,256,0.0,247,0,0
02394,storage-tank,0,1.0,2,2,3
02394,storage-tank,16,1.0,2,2,3
02394,storage-tank,64,0.5,2,1,1
02394,storage-tank,256,0.0,2,0,0
02394,swimming-pool,0,1.0,241,241,68
02394,swimming-pool,16,1.0,241,241,68
02394,swimming-pool,64,0.9875518672199171,241,238,56
02394,swimming-pool,256,0.012448132780082987,241,3,5
02396,windmill,0,1.0,12,12,23
02396,windmill,16,1.0,12,12,23
02396,windmill,64,1.0,12,12,23
02396,windmill,256,0.3333333333333333,12,4,8
02402,airplane,0,1.0,61,61,19
02402,airplane,16,1.0,61,61,19
02402,airplane,64,0.8524590163934426,61,52,14
02402,airplane,256,0.01639344262295082,61,1,2
02402,ship,0,1.0,313,313,21
02402,ship,16,0.24600638977635783,313,77,15
02402,ship,64,0.01597444089456869,313,5,2
02402,ship,256,0.0,313,0,0
02402,storage-tank,0,0.8888888888888888,18,16,8
02402,storage-tank,16,0.6111111111111112,18,11,6
02402,storage-tank,64,0.2777777777777778,18,5,4
02402,storage-tank,256,0.0,18,0,0
02407,windmill,0,1.0,59,59,56
02407,windmill,16,0.9491525423728814,59,56,55
02407,windmill,64,0.576271186440678,59,34,27
02407,windmill,256,0.0,59,0,0
02408,windmill,0,1.0,41,41,47
02408,windmill,16,1.0,41,41,47
02408,windmill,64,0.6585365853658537,41,27,33
02408,windmill,256,0.07317073170731707,41,3,9
02413,airplane,0,1.0,74,74,45
02413,airplane,16,1.0,74,74,44
02413,airplane,64,0.9324324324324325,74,69,35
02413,airplane,256,0.06756756756756757,74,5,8
02413,container,0,1.0,32,32,5
02413,container,16,1.0,32,32,2
02413,container,64,0.0,32,0,0
02413,container,256,0.0,32,0,0
02413,large-vehicle,0,1.0,6,6,5
02413,large-vehicle,16,1.0,6,6,2
02413,large-vehicle,64,0.0,6,0,0
02413,large-vehicle,256,0.0,6,0,0
02413,storage-tank,0,1.0,3,3,3
02413,storage-tank,16,1.0,3,3,3
02413,storage-tank,64,1.0,3,3,3
02413,storage-tank,256,0.3333333333333333,3,1,1
02420,airplane,0,1.0,5,5,9
02420,airplane,16,1.0,5,5,8
02420,airplane,64,0.6,5,3,4
02420,airplane,256,0.2,5,1,1
02420,small-vehicle,0,1.0,91,91,13
02420,small-vehicle,16,0.0,91,0,0
02420,small-vehicle,64,0.0,91,0,0
02420,small-vehicle,256,0.0,91,0,0
02424,airplane,0,1.0,6,6,6
02424,airplane,16,1.0,6,6,6
02424,airplane,64,0.6666666666666666,6,4,6
02424,airplane,256,0.16666666666666666,6,1,2
02424,container,0,1.0,38,38,11
02424,container,16,1.0,38,38,8
02424,container,64,0.0,38,0,0
02424,container,256,0.0,38,0,0
02424,large-vehicle,0,1.0,3,3,3
02424,large-vehicle,16,1.0,3,3,2
02424,large-vehicle,64,0.0,3,0,0
02424,large-vehicle,256,0.0,3,0,0
02424,small-vehicle,0,1.0,678,678,25
02424,small-vehicle,16,0.08702064896755163,678,59,18
02424,small-vehicle,64,0.0,678,0,0
02424,small-vehicle,256,0.0,678,0,0
02424,swimming-pool,0,1.0,1,1,4
02424,swimming-pool,16,1.0,1,1,2
02424,swimming-pool,64,0.0,1,0,0
02424,swimming-pool,256,0.0,1,0,0
02427,windmill,0,1.0,7,7,17
02427,windmill,16,1.0,7,7,17
02427,windmill,64,0.8571428571428571,7,6,11
02427,windmill,256,0.14285714285714285,7,1,1
02438,airplane,0,1.0,17,17,8
02438,airplane,16,1.0,17,17,6
02438,airplane,64,1.0,17,17,4
02438,airplane,256,0.0,17,0,0
02438,large-vehicle,0,1.0,5,5,5
02438,large-vehicle,16,1.0,5,5,4
02438,large-vehicle,64,0.0,5,0,0
02438,large-vehicle,256,0.0,5,0,0
02438,ship,0,1.0,2,2,2
02438,ship,16,1.0,2,2,1
02438,ship,64,0.0,2,0,0
02438,ship,256,0.0,2,0,0
02438,small-vehicle,0,0.9777777777777777,90,88,17
02438,small-vehicle,16,0.8333333333333334,90,75,12
02438,small-vehicle,64,0.0,90,0,0
02438,small-vehicle,256,0.0,90,0,0
02438,swimming-pool,0,1.0,2,2,3
02438,swimming-pool,16,1.0,2,2,3
02438,swimming-pool,64,0.5,2,1,2
02438,swimming-pool,256,0.0,2,0,0
02443,airplane,0,1.0,30,30,17
02443,airplane,16,1.0,30,30,17
02443,airplane,64,0.8333333333333334,30,25,16
02443,airplane,256,0.2,30,6,4
02443,container,0,1.0,171,171,24
02443,container,16,0.7485380116959064,171,128,16
02443,container,64,0.2573099415204678,171,44,2
02443,container,256,0.0,171,0,0
02443,large-vehicle,0,1.0,2,2,3
02443,large-vehicle,16,0.5,2,1,1
02443,large-vehicle,64,0.0,2,0,0
02443,large-vehicle,256,0.0,2,0,0
02443,small-vehicle,0,1.0,174,174,32
02443,small-vehicle,16,0.017241379310344827,174,3,3
02443,small-vehicle,64,0.0,174,0,0
02443,small-vehicle,256,0.0,174,0,0
02444,airplane,0,1.0,11,11,12
02444,airplane,16,1.0,11,11,12
02444,airplane,64,0.9090909090909091,11,10,10
02444,airplane,256,0.5454545454545454,11,6,4
02444,container,0,1.0,4,4,3
02444,container,16,0.25,4,1,1
02444,container,64,0.0,4,0,0
02444,container,256,0.0,4,0,0
02444,small-vehicle,0,1.0,230,230,12
02444,small-vehicle,16,0.0,230,0,0
02444,small-vehicle,64,0.0,230,0,0
02444,small-vehicle,256,0.0,230,0,0
02444,storage-tank,0,1.0,2,2,2
02444,storage-tank,16,1.0,2,2,1
02444,storage-tank,64,0.0,2,0,0
02444,storage-tank,256,0.0,2,0,0
02445,windmill,0,1.0,6,6,12
02445,windmill,16,1.0,6,6,12
02445,windmill,64,1.0,6,6,11
02445,windmill,256,0.3333333333333333,6,2,2
02455,container,0,1.0,597,597,44
02455,container,16,1.0,597,597,44
02455,container,64,0.981574539363484,597,586,30
02455,container,256,0.0,597,0,0
02455,large-vehicle,0,1.0,25,25,30
02455,large-vehicle,16,1.0,25,25,30
02455,large-vehicle,64,0.84,25,21,23
02455,large-vehicle,256,0.12,25,3,3
02455,small-vehicle,0,1.0,227,227,47
02455,small-vehicle,16,0.8193832599118943,227,186,36
02455,small-vehicle,64,0.004405286343612335,227,1,1
02455,small-vehicle,256,0.0,227,0,0
02462,windmill,0,1.0,41,41,60
02462,windmill,16,1.0,41,41,58
02462,windmill,64,0.5853658536585366,41,24,25
02462,windmill,256,0.0,41,0,0
02463,airplane,0,1.0,59,59,31
02463,airplane,16,0.9661016949152542,59,57,31
02463,airplane,64,0.8305084745762712,59,49,17
02463,airplane,256,0.0,59,0,0
02463,large-vehicle,0,1.0,4,4,14
02463,large-vehicle,16,0.75,4,3,7
02463,large-vehicle,64,0.0,4,0,0
02463,large-vehicle,256,0.0,4,0,0
02463,small-vehicle,0,0.9477756286266924,517,490,58
02463,small-vehicle,16,0.05415860735009671,517,28,28
02463,small-vehicle,64,0.0,517,0,0
02463,small-vehicle,256,0.0,517,0,0
02463,swimming-pool,0,1.0,3,3,5
02463,swimming-pool,16,0.6666666666666666,3,2,2
02463,swimming-pool,64,0.0,3,0,0
02463,swimming-pool,256,0.0,3,0,0
02474,airplane,0,1.0,21,21,8
02474,airplane,16,1.0,21,21,8
02474,airplane,64,1.0,21,21,4
02474,airplane,256,0.0,21,0,0
02474,large-vehicle,0,1.0,1,1,4
02474,large-vehicle,16,1.0,1,1,4
02474,large-vehicle,64,1.0,1,1,2
02474,large-vehicle,256,0.0,1,0,0
02474,small-vehicle,0,1.0,17,17,17
02474,small-vehicle,16,1.0,17,17,9
02474,small-vehicle,64,0.0,17,0,0
02474,small-vehicle,256,0.0,17,0,0
02476,windmill,0,1.0,15,15,29
02476,windmill,16,1.0,15,15,29
02476,windmill,64,1.0,15,15,17
02476,windmill,256,0.13333333333333333,15,2,2
02477,windmill,0,1.0,11,11,26
02477,windmill,16,1.0,11,11,26
02477,windmill,64,1.0,11,11,21
02477,windmill,256,0.2727272727272727,11,3,6
02481,windmill,0,1.0,14,14,29
02481,windmill,16,1.0,14,14,29
02481,windmill,64,1.0,14,14,29
02481,windmill,256,0.7857142857142857,14,11,10
02482,airplane,0,1.0,1,1,6
02482,airplane,16,1.0,1,1,6
02482,airplane,64,1.0,1,1,2
02482,airplane,256,0.0,1,0,0
02482,container,0,1.0,3,3,6
02482,container,16,1.0,3,3,2
02482,container,64,0.0,3,0,0
02482,container,256,0.0,3,0,0
02482,helicopter,0,1.0,3,3,8
02482,helicopter,16,1.0,3,3,8
02482,helicopter,64,1.0,3,3,4
02482,helicopter,256,0.0,3,0,0
02482,small-vehicle,0,1.0,81,81,18
02482,small-vehicle,16,0.0,81,0,0
02482,small-vehicle,64,0.0,81,0,0
02482,small-vehicle,256,0.0,81,0,0
02482,storage-tank,0,1.0,1,1,8
02482,storage-tank,16,1.0,1,1,8
02482,storage-tank,64,1.0,1,1,4
02482,storage-tank,256,0.0,1,0,0
02483,container,0,1.0,37,37,20
02483,container,16,1.0,37,37,11
02483,container,64,0.0,37,0,0
02483,container,256,0.0,37,0,0
02483,large-vehicle,0,1.0,47,47,28
02483,large-vehicle,16,0.9787234042553191,47,46,17
02483,large-vehicle,64,0.0,47,0,0
02483,large-vehicle,256,0.0,47,0,0
02483,ship,0,1.0,35,35,38
02483,ship,16,1.0,35,35,36
02483,ship,64,0.5428571428571428,35,19,28
02483,ship,256,0.2571428571428571,35,9,10
02483,storage-tank,0,1.0,118,118,17
02483,storage-tank,16,1.0,118,118,17
02483,storage-tank,64,0.7203389830508474,118,85,13
02483,storage-tank,256,0.025423728813559324,118,3,4
02491,windmill,0,0.9876543209876543,81,80,65
02491,windmill,16,0.9876543209876543,81,80,65
02491,windmill,64,0.9876543209876543,81,80,58
02491,windmill,256,0.13580246913580246,81,11,13
02492,swimming-pool,0,1.0,1,1,4
02492,swimming-pool,16,1.0,1,1,2
02492,swimming-pool,64,0.0,1,0,0
02492,swimming-pool,256,0.0,1,0,0
02492,windmill,0,1.0,25,25,42
02492,windmill,16,1.0,25,25,42
02492,windmill,64,0.84,25,21,21
02492,windmill,256,0.0,25,0,0
02504,airplane,0,1.0,4,4,4
02504,airplane,16,1.0,4,4,4
02504,airplane,64,1.0,4,4,2
02504,airplane,256,0.0,4,0,0
02504,container,0,1.0,4,4,3
02504,container,16,1.0,4,4,3
02504,container,64,1.0,4,4,2
02504,container,256,0.0,4,0,0
02504,large-vehicle,0,1.0,3,3,4
02504,large-vehicle,16,1.0,3,3,4
02504,large-vehicle,64,0.6666666666666666,3,2,2
02504,large-vehicle,256,0.0,3,0,0
02504,small-vehicle,0,1.0,196,196,33
02504,small-vehicle,16,1.0,196,196,23
02504,small-vehicle,64,0.0,196,0,0
02504,small-vehicle,256,0.0,196,0,0
02505,large-vehicle,0,1.0,39,39,43
02505,large-vehicle,16,1.0,39,39,43
02505,large-vehicle,64,1.0,39,39,36
02505,large-vehicle,256,0.07692307692307693,39,3,4
02505,small-vehicle,0,1.0,383,383,81
02505,small-vehicle,16,1.0,383,383,69
02505,small-vehicle,64,0.02610966057441253,383,10,10
02505,small-vehicle,256,0.0,383,0,0
02505,swimming-pool,0,1.0,2,2,7
02505,swimming-pool,16,1.0,2,2,7
02505,swimming-pool,64,1.0,2,2,5
02505,swimming-pool,256,0.5,2,1,1
02511,container,0,1.0,733,733,46
02511,container,16,1.0,733,733,46
02511,container,64,0.9699863574351978,733,711,31
02511,container,256,0.0,733,0,0
02511,small-vehicle,0,1.0,107,107,11
02511,small-vehicle,16,1.0,107,107,7
02511,small-vehicle,64,0.0,107,0,0
02511,small-vehicle,256,0.0,107,0,0
02512,container,0,1.0,3283,3283,80
02512,container,16,0.9957356076759062,3283,3269,63
02512,container,64,0.028632348461772768,3283,94,5
02512,container,256,0.0,3283,0,0
02512,large-vehicle,0,1.0,9,9,19
02512,large-vehicle,16,1.0,9,9,15
02512,large-vehicle,64,0.5555555555555556,9,5,7
02512,large-vehicle,256,0.0,9,0,0
02512,small-vehicle,0,1.0,75,75,15
02512,small-vehicle,16,0.52,75,39,4
02512,small-vehicle,64,0.0,75,0,0
02512,small-vehicle,256,0.0,75,0,0
02512,storage-tank,0,1.0,12,12,11
02512,storage-tank,16,1.0,12,12,11
02512,storage-tank,64,0.9166666666666666,12,11,10
02512,storage-tank,256,0.08333333333333333,12,1,1
02513,container,0,1.0,94,94,19
02513,container,16,1.0,94,94,19
02513,container,64,1.0,94,94,13
02513,container,256,0.0,94,0,0
02513,large-vehicle,0,1.0,3,3,9
02513,large-vehicle,16,1.0,3,3,9
02513,large-vehicle,64,1.0,3,3,3
02513,large-vehicle,256,0.0,3,0,0
02513,small-vehicle,0,1.0,4,4,4
02513,small-vehicle,16,1.0,4,4,1
02513,small-vehicle,64,0.0,4,0,0
02513,small-vehicle,256,0.0,4,0,0
