image_id,class_name,method,tp,fp,fn,ignored,n_gt,kept_predictions,recall,precision,f1,logical_calls,inference_seconds,postprocess_seconds
00249,airplane,prompt,18,5,8,2,26,25,0.6923076923076923,0.782608695652174,0.7346938775510204,10,1.3115792851895094,0.007386714220046997
00249,airplane,full,19,3,7,2,26,24,0.7307692307692307,0.8636363636363636,0.7916666666666666,10,1.504366086795926,0.006700674071907997
00249,airplane,scale_prior,18,2,8,2,26,22,0.6923076923076923,0.9,0.782608695652174,10,1.3570745047181845,0.004520261660218239
00249,airplane,matched,17,3,9,2,26,22,0.6538461538461539,0.85,0.7391304347826086,10,1.3533083833754063,0.006206421181559563
00249,airplane,dense_1024,26,4,0,2,26,32,1.0,0.8666666666666667,0.9285714285714286,24,3.317814299836755,0.0068221502006053925
00249,airplane,dense_both,25,8,1,2,26,35,0.9615384615384616,0.7575757575757576,0.847457627118644,115,15.110675349831581,0.011538365855813026
00249,helicopter,prompt,0,0,1,0,1,0,0.0,0.0,0.0,10,1.6579776853322983,4.713423550128937e-05
00249,helicopter,full,0,0,1,0,1,0,0.0,0.0,0.0,10,1.7091964483261108,4.4152140617370605e-05
00249,helicopter,scale_prior,0,0,1,0,1,0,0.0,0.0,0.0,10,1.8005398288369179,3.229454159736633e-05
00249,helicopter,matched,0,0,1,0,1,0,0.0,0.0,0.0,10,2.0081299617886543,3.114156424999237e-05
00249,helicopter,dense_1024,0,0,1,0,1,0,0.0,0.0,0.0,24,3.317814299836755,3.0161812901496887e-05
00249,helicopter,dense_both,1,1,0,0,1,2,1.0,0.5,0.6666666666666666,115,15.110675349831581,0.00041995197534561157
00249,large-vehicle,prompt,1,1,11,0,12,2,0.08333333333333333,0.5,0.14285714285714285,10,1.3834883887320757,0.00036750733852386475
00249,large-vehicle,full,0,1,12,0,12,1,0.0,0.0,0.0,10,1.701686492189765,0.0001936778426170349
00249,large-vehicle,scale_prior,0,1,12,0,12,1,0.0,0.0,0.0,10,1.5963149312883615,0.00018753483891487122
00249,large-vehicle,matched,0,1,12,0,12,1,0.0,0.0,0.0,10,1.5963149312883615,0.00019702687859535217
00249,large-vehicle,dense_1024,2,12,10,0,12,14,0.16666666666666666,0.14285714285714285,0.15384615384615385,24,3.317814299836755,0.0019329041242599487
00249,large-vehicle,dense_both,5,18,7,0,12,23,0.4166666666666667,0.21739130434782608,0.2857142857142857,115,15.110675349831581,0.003959581255912781
00249,small-vehicle,prompt,168,44,451,4,619,216,0.27140549273021003,0.7924528301886793,0.4043321299638989,10,1.2873050682246685,0.03981383703649044
00249,small-vehicle,full,2,67,617,1,619,70,0.0032310177705977385,0.028985507246376812,0.005813953488372093,10,1.5610593147575855,0.017841022461652756
00249,small-vehicle,scale_prior,2,44,617,1,619,47,0.0032310177705977385,0.043478260869565216,0.006015037593984963,10,1.451848991215229,0.013044463470578194
00249,small-vehicle,matched,2,15,617,1,619,18,0.0032310177705977385,0.11764705882352941,0.006289308176100629,10,1.4461131133139133,0.004592904821038246
00249,small-vehicle,dense_1024,3,111,616,2,619,116,0.004846526655896607,0.02631578947368421,0.008185538881309686,24,3.317814299836755,0.03119337372481823
00249,small-vehicle,dense_both,515,303,104,11,619,829,0.8319870759289176,0.6295843520782396,0.7167710508002784,115,15.110675349831581,0.1893770545721054
00249,storage-tank,prompt,0,4,2,0,2,4,0.0,0.0,0.0,10,1.6931000798940659,0.0007589012384414673
00249,storage-tank,full,0,4,2,0,2,4,0.0,0.0,0.0,10,1.7068659532815218,0.0007188320159912109
00249,storage-tank,scale_prior,0,3,2,0,2,3,0.0,0.0,0.0,10,1.6047993265092373,0.0005645770579576492
00249,storage-tank,matched,0,3,2,0,2,3,0.0,0.0,0.0,10,1.603758066892624,0.000575607642531395
00249,storage-tank,dense_1024,2,6,0,0,2,8,1.0,0.25,0.4,24,3.317814299836755,0.0013806745409965515
00249,storage-tank,dense_both,2,7,0,0,2,9,1.0,0.2222222222222222,0.36363636363636365,115,15.110675349831581,0.001980910077691078
00249,swimming-pool,prompt,2,2,0,0,2,4,1.0,0.5,0.6666666666666666,10,1.403378076851368,0.0009092465043067932
00249,swimming-pool,full,2,2,0,0,2,4,1.0,0.5,0.6666666666666666,10,1.4647592585533857,0.0009210202842950821
00249,swimming-pool,scale_prior,2,2,0,0,2,4,1.0,0.5,0.6666666666666666,10,1.41813681460917,0.0006145983934402466
00249,swimming-pool,matched,2,2,0,0,2,4,1.0,0.5,0.6666666666666666,10,1.216259041801095,0.0008645206689834595
00249,swimming-pool,dense_1024,2,2,0,0,2,4,1.0,0.5,0.6666666666666666,24,3.317814299836755,0.0006216689944267273
00249,swimming-pool,dense_both,2,3,0,0,2,5,1.0,0.4,0.5714285714285714,115,15.110675349831581,0.0010095201432704926
00256,large-vehicle,prompt,6,57,65,0,71,63,0.08450704225352113,0.09523809523809523,0.08955223880597014,10,1.24265643581748,0.008474452421069145
00256,large-vehicle,full,29,134,42,0,71,163,0.4084507042253521,0.17791411042944785,0.24786324786324787,10,1.2367180828005075,0.023890579119324684
00256,large-vehicle,scale_prior,35,145,36,0,71,180,0.49295774647887325,0.19444444444444445,0.2788844621513944,10,1.1304095331579447,0.026367155835032463
00256,large-vehicle,matched,29,144,42,0,71,173,0.4084507042253521,0.1676300578034682,0.23770491803278687,10,1.1302707735449076,0.02436286397278309
00256,large-vehicle,dense_1024,54,278,17,0,71,332,0.7605633802816901,0.16265060240963855,0.2679900744416873,24,3.0886773597449064,0.0601690448820591
00256,large-vehicle,dense_both,60,391,11,0,71,451,0.8450704225352113,0.13303769401330376,0.22988505747126436,115,14.87607828900218,0.09042045660316944
00256,ship,prompt,0,10,5,1,5,11,0.0,0.0,0.0,10,1.3280090857297182,0.0017639696598052979
00256,ship,full,2,12,3,1,5,15,0.4,0.14285714285714285,0.21052631578947367,10,1.2351464070379734,0.0023494623601436615
00256,ship,scale_prior,0,11,5,1,5,12,0.0,0.0,0.0,10,1.2281316239386797,0.0018018968403339386
00256,ship,matched,0,11,5,1,5,12,0.0,0.0,0.0,10,1.2281316239386797,0.0017862524837255478
00256,ship,dense_1024,3,9,2,1,5,13,0.6,0.25,0.35294117647058826,24,3.0886773597449064,0.0020950213074684143
00256,ship,dense_both,5,50,0,1,5,56,1.0,0.09090909090909091,0.16666666666666666,115,14.87607828900218,0.01003795675933361
00256,small-vehicle,prompt,468,203,1416,0,1884,671,0.2484076433121019,0.6974664679582713,0.36634050880626223,10,1.11682653054595,0.13700539059937
00256,small-vehicle,full,65,136,1819,0,1884,201,0.034501061571125265,0.32338308457711445,0.06235011990407674,10,1.3322158697992563,0.038093313574790955
00256,small-vehicle,scale_prior,18,116,1866,0,1884,134,0.009554140127388535,0.13432835820895522,0.017839444995044598,10,1.4210936408489943,0.028889304026961327
00256,small-vehicle,matched,65,132,1819,0,1884,197,0.034501061571125265,0.3299492385786802,0.0624699663623258,10,1.321060672402382,0.0398666113615036
00256,small-vehicle,dense_1024,12,197,1872,0,1884,209,0.006369426751592357,0.05741626794258373,0.011466794075489728,24,3.0886773597449064,0.046309979632496834
00256,small-vehicle,dense_both,1222,998,662,0,1884,2220,0.648619957537155,0.5504504504504505,0.5955165692007798,115,14.87607828900218,0.5114057306200266
00256,storage-tank,prompt,7,0,46,0,53,7,0.1320754716981132,1.0,0.23333333333333334,10,1.3279760424047709,0.001341845840215683
00256,storage-tank,full,30,3,23,0,53,33,0.5660377358490566,0.9090909090909091,0.6976744186046512,10,1.3442100584506989,0.005785146728157997
00256,storage-tank,scale_prior,31,4,22,0,53,35,0.5849056603773585,0.8857142857142857,0.7045454545454546,10,1.2374579478055239,0.00773981399834156
00256,storage-tank,matched,31,4,22,0,53,35,0.5849056603773585,0.8857142857142857,0.7045454545454546,10,1.2374579478055239,0.0077200233936309814
00256,storage-tank,dense_1024,31,5,22,0,53,36,0.5849056603773585,0.8611111111111112,0.6966292134831461,24,3.0886773597449064,0.00788819044828415
00256,storage-tank,dense_both,47,25,6,0,53,72,0.8867924528301887,0.6527777777777778,0.752,115,14.87607828900218,0.01778651960194111
00257,large-vehicle,prompt,5,90,8,0,13,95,0.38461538461538464,0.05263157894736842,0.09259259259259259,10,1.4406163841485977,0.013756444677710533
00257,large-vehicle,full,9,159,4,0,13,168,0.6923076923076923,0.05357142857142857,0.09944751381215469,10,1.2320177853107452,0.022139357402920723
00257,large-vehicle,scale_prior,8,76,5,0,13,84,0.6153846153846154,0.09523809523809523,0.16494845360824742,10,1.2321686521172523,0.010934587568044662
00257,large-vehicle,matched,8,76,5,0,13,84,0.6153846153846154,0.09523809523809523,0.16494845360824742,10,1.2321686521172523,0.01045144721865654
00257,large-vehicle,dense_1024,10,241,3,0,13,251,0.7692307692307693,0.0398406374501992,0.07575757575757576,24,3.079666329547763,0.04382327012717724
00257,large-vehicle,dense_both,13,547,0,0,13,560,1.0,0.023214285714285715,0.04537521815008726,115,14.908706072717905,0.11140565946698189
00257,small-vehicle,prompt,192,20,508,0,700,212,0.2742857142857143,0.9056603773584906,0.42105263157894735,10,1.3346496541053057,0.05916976369917393
00257,small-vehicle,full,207,25,493,0,700,232,0.2957142857142857,0.8922413793103449,0.44420600858369097,10,1.2408185508102179,0.06102406606078148
00257,small-vehicle,scale_prior,207,32,493,0,700,239,0.2957142857142857,0.8661087866108786,0.44089456869009586,10,1.2378976289182901,0.061720674857497215
00257,small-vehicle,matched,207,32,493,0,700,239,0.2957142857142857,0.8661087866108786,0.44089456869009586,10,1.2378976289182901,0.062024910002946854
00257,small-vehicle,dense_1024,597,75,103,0,700,672,0.8528571428571429,0.8883928571428571,0.8702623906705539,24,3.079666329547763,0.19766340591013432
00257,small-vehicle,dense_both,685,116,15,0,700,801,0.9785714285714285,0.8551810237203495,0.9127248500999334,115,14.908706072717905,0.2978863064199686
00262,large-vehicle,prompt,1,2,8,0,9,3,0.1111111111111111,0.3333333333333333,0.16666666666666666,10,1.33353640884161,0.0014166608452796936
00262,large-vehicle,full,2,10,7,0,9,12,0.2222222222222222,0.16666666666666666,0.19047619047619047,10,1.4310188833624125,0.0022609271109104156
00262,large-vehicle,scale_prior,2,10,7,0,9,12,0.2222222222222222,0.16666666666666666,0.19047619047619047,10,1.3392178490757942,0.0020923148840665817
00262,large-vehicle,matched,2,10,7,0,9,12,0.2222222222222222,0.16666666666666666,0.19047619047619047,10,1.5399231109768152,0.0019902288913726807
00262,large-vehicle,dense_1024,4,16,5,0,9,20,0.4444444444444444,0.2,0.27586206896551724,24,3.221576053649187,0.0034707803279161453
00262,large-vehicle,dense_both,6,23,3,0,9,29,0.6666666666666666,0.20689655172413793,0.3157894736842105,115,15.265934279188514,0.004727216437458992
00262,small-vehicle,prompt,14,11,167,0,181,25,0.07734806629834254,0.56,0.13592233009708737,10,1.3253699652850628,0.005863655358552933
00262,small-vehicle,full,2,10,179,0,181,12,0.011049723756906077,0.16666666666666666,0.02072538860103627,10,1.4402588047087193,0.002489771693944931
00262,small-vehicle,scale_prior,2,11,179,0,181,13,0.011049723756906077,0.15384615384615385,0.020618556701030927,10,1.4403631798923016,0.002561679109930992
00262,small-vehicle,matched,2,9,179,0,181,11,0.011049723756906077,0.18181818181818182,0.020833333333333332,10,1.4408215079456568,0.0022229421883821487
00262,small-vehicle,dense_1024,0,26,181,0,181,26,0.0,0.0,0.0,24,3.221576053649187,0.004759309813380241
00262,small-vehicle,dense_both,122,164,59,1,181,287,0.6740331491712708,0.42657342657342656,0.5224839400428265,115,15.265934279188514,0.05521046370267868
00262,storage-tank,prompt,14,9,10,1,24,24,0.5833333333333334,0.6086956521739131,0.5957446808510638,10,1.2440161854028702,0.0037910249084234238
00262,storage-tank,full,21,12,3,1,24,34,0.875,0.6363636363636364,0.7368421052631579,10,1.2322154566645622,0.006112650036811829
00262,storage-tank,scale_prior,13,9,11,1,24,23,0.5416666666666666,0.5909090909090909,0.5652173913043478,10,1.2369074281305075,0.0038566701114177704
00262,storage-tank,matched,17,14,7,1,24,32,0.7083333333333334,0.5483870967741935,0.6181818181818182,10,1.2331227753311396,0.006105417385697365
00262,storage-tank,dense_1024,21,13,3,1,24,35,0.875,0.6176470588235294,0.7241379310344828,24,3.221576053649187,0.006849639117717743
00262,storage-tank,dense_both,23,23,1,1,24,47,0.9583333333333334,0.5,0.6571428571428571,115,15.265934279188514,0.009845728054642677
00266,airplane,prompt,14,9,0,0,14,23,1.0,0.6086956521739131,0.7567567567567568,10,1.1350153684616089,0.00477425754070282
00266,airplane,full,14,7,0,0,14,21,1.0,0.6666666666666666,0.8,10,1.2383622452616692,0.004389511421322823
00266,airplane,scale_prior,14,7,0,0,14,21,1.0,0.6666666666666666,0.8,10,1.2363942228257656,0.004293953999876976
00266,airplane,matched,14,6,0,0,14,20,1.0,0.7,0.8235294117647058,10,1.1351245492696762,0.004177333787083626
00266,airplane,dense_1024,14,4,0,0,14,18,1.0,0.7777777777777778,0.875,24,3.2120963130146265,0.0033092647790908813
00266,airplane,dense_both,14,15,0,0,14,29,1.0,0.4827586206896552,0.6511627906976745,115,15.081880511716008,0.006918700411915779
00266,large-vehicle,prompt,2,14,12,1,14,17,0.14285714285714285,0.125,0.13333333333333333,10,1.3623474277555943,0.0024504326283931732
00266,large-vehicle,full,9,81,5,1,14,91,0.6428571428571429,0.1,0.17307692307692307,10,1.3533809520304203,0.011117830872535706
00266,large-vehicle,scale_prior,5,72,9,1,14,78,0.35714285714285715,0.06493506493506493,0.10989010989010989,10,1.3524081278592348,0.008999427780508995
00266,large-vehicle,matched,5,72,9,1,14,78,0.35714285714285715,0.06493506493506493,0.10989010989010989,10,1.3524081278592348,0.009051823988556862
00266,large-vehicle,dense_1024,11,101,3,1,14,113,0.7857142857142857,0.09821428571428571,0.1746031746031746,24,3.2120963130146265,0.017423640936613083
00266,large-vehicle,dense_both,11,132,3,1,14,144,0.7857142857142857,0.07692307692307693,0.14012738853503184,115,15.081880511716008,0.026673613116145134
00266,ship,prompt,2,11,0,0,2,13,1.0,0.15384615384615385,0.26666666666666666,10,1.1506617963314056,0.0017343275249004364
00266,ship,full,0,13,2,0,2,13,0.0,0.0,0.0,10,1.2585113756358624,0.001539016142487526
00266,ship,scale_prior,2,16,0,0,2,18,1.0,0.1111111111111111,0.2,10,1.3648813907057047,0.0019982457160949707
00266,ship,matched,2,16,0,0,2,18,1.0,0.1111111111111111,0.2,10,1.3648813907057047,0.0019903872162103653
00266,ship,dense_1024,2,34,0,0,2,36,1.0,0.05555555555555555,0.10526315789473684,24,3.2120963130146265,0.00422745943069458
00266,ship,dense_both,2,85,0,0,2,87,1.0,0.022988505747126436,0.0449438202247191,115,15.081880511716008,0.013488024473190308
00266,small-vehicle,prompt,98,54,515,0,613,152,0.1598694942903752,0.6447368421052632,0.25620915032679736,10,1.2499977089464664,0.02359788678586483
00266,small-vehicle,full,140,180,473,8,613,328,0.22838499184339314,0.4375,0.30010718113612006,10,1.2390981148928404,0.062208568677306175
00266,small-vehicle,scale_prior,131,156,482,1,613,288,0.2137030995106036,0.4564459930313589,0.2911111111111111,10,1.2408398929983377,0.05467451550066471
00266,small-vehicle,matched,148,170,465,1,613,319,0.24143556280587275,0.46540880503144655,0.317937701396348,10,1.2405213043093681,0.05928921699523926
00266,small-vehicle,dense_1024,297,306,316,9,613,612,0.48450244698205547,0.4925373134328358,0.48848684210526316,24,3.2120963130146265,0.11732807569205761
00266,small-vehicle,dense_both,536,488,77,11,613,1035,0.8743882544861338,0.5234375,0.6548564447159438,115,15.081880511716008,0.26425654627382755
00266,swimming-pool,prompt,2,8,3,0,5,10,0.4,0.2,0.26666666666666666,10,1.3613382820039988,0.001543678343296051
00266,swimming-pool,full,4,9,1,0,5,13,0.8,0.3076923076923077,0.4444444444444444,10,1.237907275557518,0.0022400710731744766
00266,swimming-pool,scale_prior,2,8,3,0,5,10,0.4,0.2,0.26666666666666666,10,1.2399382516741753,0.0016617551445960999
00266,swimming-pool,matched,2,8,3,0,5,10,0.4,0.2,0.26666666666666666,10,1.2399382516741753,0.001682579517364502
00266,swimming-pool,dense_1024,5,11,0,0,5,16,1.0,0.3125,0.47619047619047616,24,3.2120963130146265,0.002670431509613991
00266,swimming-pool,dense_both,5,19,0,0,5,24,1.0,0.20833333333333334,0.3448275862068966,115,15.081880511716008,0.005148211494088173
00283,large-vehicle,prompt,0,553,10,5,10,558,0.0,0.0,0.0,10,1.1421380788087845,0.08231724612414837
00283,large-vehicle,full,4,225,6,1,10,230,0.4,0.017467248908296942,0.03347280334728033,10,1.3870247565209866,0.034158820286393166
00283,large-vehicle,scale_prior,3,219,7,2,10,224,0.3,0.013513513513513514,0.02586206896551724,10,1.390533797442913,0.03338492289185524
00283,large-vehicle,matched,3,219,7,2,10,224,0.3,0.013513513513513514,0.02586206896551724,10,1.390533797442913,0.03329211659729481
00283,large-vehicle,dense_1024,7,290,3,2,10,299,0.7,0.02356902356902357,0.04560260586319218,24,3.1487793177366257,0.051081640645861626
00283,large-vehicle,dense_both,10,1737,0,10,10,1757,1.0,0.005724098454493417,0.011383039271485486,108,13.795170456171036,0.3768845647573471
00283,small-vehicle,prompt,1921,75,1897,27,3818,2023,0.5031430068098481,0.9624248496993988,0.6608187134502924,10,1.2453157436102629,0.46453338861465454
00283,small-vehicle,full,1651,147,2167,15,3818,1813,0.4324253535882661,0.9182424916573971,0.5879629629629629,10,1.3911078348755836,0.4601544253528118
00283,small-vehicle,scale_prior,1651,147,2167,15,3818,1813,0.4324253535882661,0.9182424916573971,0.5879629629629629,10,1.3911078348755836,0.45775420404970646
00283,small-vehicle,matched,1651,147,2167,15,3818,1813,0.4324253535882661,0.9182424916573971,0.5879629629629629,10,1.3911078348755836,0.4599401894956827
00283,small-vehicle,dense_1024,2045,199,1773,24,3818,2268,0.535620743844945,0.911319073083779,0.674694820191356,24,3.1487793177366257,0.6269294116646051
00283,small-vehicle,dense_both,3431,346,387,56,3818,3833,0.8986380303823992,0.9083929044214986,0.9034891375905201,108,13.795170456171036,1.2764178477227688
00284,airplane,prompt,68,6,73,0,141,74,0.48226950354609927,0.918918918918919,0.6325581395348837,10,1.2881124876439571,0.014568394050002098
00284,airplane,full,112,24,29,0,141,136,0.7943262411347518,0.8235294117647058,0.8086642599277978,10,1.3943274151533842,0.028324315324425697
00284,airplane,scale_prior,67,15,74,0,141,82,0.475177304964539,0.8170731707317073,0.600896860986547,10,1.2077388055622578,0.016887737438082695
00284,airplane,matched,67,15,74,0,141,82,0.475177304964539,0.8170731707317073,0.600896860986547,10,1.2077388055622578,0.016853803768754005
00284,airplane,dense_1024,133,28,8,0,141,161,0.9432624113475178,0.8260869565217391,0.8807947019867549,24,2.9322378784418106,0.03666849434375763
00284,airplane,dense_both,138,35,3,0,141,173,0.9787234042553191,0.7976878612716763,0.8789808917197452,115,14.595618315041065,0.05362008139491081
00284,storage-tank,prompt,15,6,6,0,21,21,0.7142857142857143,0.7142857142857143,0.7142857142857143,10,1.3509542383253574,0.0028514545410871506
00284,storage-tank,full,15,8,6,0,21,23,0.7142857142857143,0.6521739130434783,0.6818181818181818,10,1.2392874378710985,0.003016859292984009
00284,storage-tank,scale_prior,15,5,6,0,21,20,0.7142857142857143,0.75,0.7317073170731707,10,1.1297204066067934,0.0027628224343061447
00284,storage-tank,matched,0,3,21,0,21,3,0.0,0.0,0.0,10,1.1328136324882507,0.0005603134632110596
00284,storage-tank,dense_1024,21,10,0,0,21,31,1.0,0.6774193548387096,0.8076923076923077,24,2.9322378784418106,0.006289312615990639
00284,storage-tank,dense_both,21,26,0,0,21,47,1.0,0.44680851063829785,0.6176470588235294,115,14.595618315041065,0.010969331488013268
00286,large-vehicle,prompt,7,21,9,0,16,28,0.4375,0.25,0.3181818181818182,10,1.2047180943191051,0.004276663064956665
00286,large-vehicle,full,14,29,2,0,16,43,0.875,0.32558139534883723,0.4745762711864407,10,1.3244151938706636,0.006475122645497322
00286,large-vehicle,scale_prior,14,29,2,0,16,43,0.875,0.32558139534883723,0.4745762711864407,10,1.4282916150987148,0.00635954737663269
00286,large-vehicle,matched,14,29,2,0,16,43,0.875,0.32558139534883723,0.4745762711864407,10,1.3245349321514368,0.006594028323888779
00286,large-vehicle,dense_1024,15,33,1,0,16,48,0.9375,0.3125,0.46875,24,3.212742179632187,0.006988313049077988
00286,large-vehicle,dense_both,15,48,1,0,16,63,0.9375,0.23809523809523808,0.379746835443038,128,16.702195785939693,0.011432310566306114
00286,small-vehicle,prompt,56,24,45,0,101,80,0.5544554455445545,0.7,0.6187845303867403,10,1.1178907062858343,0.01077779196202755
00286,small-vehicle,full,88,55,13,0,101,143,0.8712871287128713,0.6153846153846154,0.7213114754098361,10,1.4282916150987148,0.02362838387489319
00286,small-vehicle,scale_prior,82,57,19,0,101,139,0.8118811881188119,0.5899280575539568,0.6833333333333333,10,1.3260632157325745,0.023114856332540512
00286,small-vehicle,matched,88,55,13,0,101,143,0.8712871287128713,0.6153846153846154,0.7213114754098361,10,1.4282916150987148,0.02414540760219097
00286,small-vehicle,dense_1024,95,80,6,0,101,175,0.9405940594059405,0.5428571428571428,0.6884057971014492,24,3.212742179632187,0.0312628373503685
00286,small-vehicle,dense_both,96,133,5,0,101,229,0.9504950495049505,0.4192139737991266,0.5818181818181818,128,16.702195785939693,0.04981096833944321
00286,swimming-pool,prompt,4,6,1,1,5,11,0.8,0.4,0.5333333333333333,10,1.2266740892082453,0.0021234992891550064
00286,swimming-pool,full,4,8,1,1,5,13,0.8,0.3333333333333333,0.47058823529411764,10,1.3294917326420546,0.002678781747817993
00286,swimming-pool,scale_prior,3,6,2,0,5,9,0.6,0.3333333333333333,0.42857142857142855,10,1.3547021076083183,0.001896873116493225
00286,swimming-pool,matched,3,5,2,1,5,9,0.6,0.375,0.46153846153846156,10,1.3526539541780949,0.0019444208592176437
00286,swimming-pool,dense_1024,5,6,0,1,5,12,1.0,0.45454545454545453,0.625,24,3.212742179632187,0.0026026200503110886
00286,swimming-pool,dense_both,5,10,0,1,5,16,1.0,0.3333333333333333,0.5,128,16.702195785939693,0.004347966983914375
00310,airplane,prompt,7,1,5,1,12,9,0.5833333333333334,0.875,0.7,10,1.3747356105595827,0.001761011779308319
00310,airplane,full,7,2,5,1,12,10,0.5833333333333334,0.7777777777777778,0.6666666666666666,10,1.2700449246913195,0.0018225312232971191
00310,airplane,scale_prior,7,2,5,1,12,10,0.5833333333333334,0.7777777777777778,0.6666666666666666,10,1.2826308403164148,0.0018471721559762955
00310,airplane,matched,7,2,5,1,12,10,0.5833333333333334,0.7777777777777778,0.6666666666666666,10,1.2815795242786407,0.0016897693276405334
00310,airplane,dense_1024,12,3,0,1,12,16,1.0,0.8,0.8888888888888888,24,3.1322050020098686,0.0036589372903108597
00310,airplane,dense_both,12,4,0,1,12,17,1.0,0.75,0.8571428571428571,115,15.0141621530056,0.00433831661939621
00310,large-vehicle,prompt,0,3,1,0,1,3,0.0,0.0,0.0,10,1.4166254922747612,0.0003857463598251343
00310,large-vehicle,full,0,8,1,0,1,8,0.0,0.0,0.0,10,1.3255783300846815,0.0010220762342214584
00310,large-vehicle,scale_prior,0,2,1,0,1,2,0.0,0.0,0.0,10,1.3928881213068962,0.00024304166436195374
00310,large-vehicle,matched,0,2,1,0,1,2,0.0,0.0,0.0,10,1.3928881213068962,0.00023209303617477417
00310,large-vehicle,dense_1024,1,9,0,0,1,10,1.0,0.1,0.18181818181818182,24,3.1322050020098686,0.0012947246432304382
00310,large-vehicle,dense_both,1,19,0,0,1,20,1.0,0.05,0.09523809523809523,115,15.0141621530056,0.002965366467833519
00310,small-vehicle,prompt,0,3,219,0,219,3,0.0,0.0,0.0,10,1.3487594909965992,0.0008483473211526871
00310,small-vehicle,full,0,13,219,0,219,13,0.0,0.0,0.0,10,1.1333221718668938,0.0019398145377635956
00310,small-vehicle,scale_prior,0,3,219,0,219,3,0.0,0.0,0.0,10,1.463803943246603,0.0007957108318805695
00310,small-vehicle,matched,0,2,219,0,219,2,0.0,0.0,0.0,10,1.3507925868034363,0.0006736870855093002
00310,small-vehicle,dense_1024,49,59,170,0,219,108,0.2237442922374429,0.4537037037037037,0.2996941896024465,24,3.1322050020098686,0.026419300585985184
00310,small-vehicle,dense_both,207,96,12,0,219,303,0.9452054794520548,0.6831683168316832,0.7931034482758621,115,15.0141621530056,0.07449245825409889
00310,storage-tank,prompt,1,0,0,0,1,1,1.0,1.0,1.0,10,1.4258463140577078,0.000265609472990036
00310,storage-tank,full,1,0,0,0,1,1,1.0,1.0,1.0,10,1.426110614091158,0.0002580564469099045
00310,storage-tank,scale_prior,1,0,0,0,1,1,1.0,1.0,1.0,10,1.231246491894126,0.00024132616817951202
00310,storage-tank,matched,1,0,0,0,1,1,1.0,1.0,1.0,10,1.3255903795361519,0.0002345014363527298
00310,storage-tank,dense_1024,1,0,0,0,1,1,1.0,1.0,1.0,24,3.1322050020098686,0.00024071335792541504
00310,storage-tank,dense_both,1,0,0,0,1,1,1.0,1.0,1.0,115,15.0141621530056,0.0002440325915813446
00312,airplane,prompt,103,27,68,42,171,172,0.6023391812865497,0.7923076923076923,0.6843853820598007,10,1.2733235638588667,0.05012454278767109
00312,airplane,full,115,24,56,41,171,180,0.672514619883041,0.8273381294964028,0.7419354838709677,10,1.1625340580940247,0.06344508193433285
00312,airplane,scale_prior,95,17,76,38,171,150,0.5555555555555556,0.8482142857142857,0.6713780918727915,10,1.3035008553415537,0.0428311787545681
00312,airplane,matched,108,27,63,39,171,174,0.631578947368421,0.8,0.7058823529411765,10,1.2744556739926338,0.05705983564257622
00312,airplane,dense_1024,109,18,62,41,171,168,0.6374269005847953,0.8582677165354331,0.7315436241610739,24,2.9432465564459562,0.04818830266594887
00312,airplane,dense_both,116,38,55,45,171,199,0.6783625730994152,0.7532467532467533,0.7138461538461538,115,14.77549415640533,0.07421334460377693
00312,large-vehicle,prompt,15,39,114,0,129,54,0.11627906976744186,0.2777777777777778,0.16393442622950818,10,1.1013637855648994,0.01070493645966053
00312,large-vehicle,full,23,44,106,1,129,68,0.17829457364341086,0.34328358208955223,0.23469387755102042,10,1.1128259748220444,0.01335057057440281
00312,large-vehicle,scale_prior,21,41,108,1,129,63,0.16279069767441862,0.3387096774193548,0.2198952879581152,10,1.2063754312694073,0.012169558554887772
00312,large-vehicle,matched,15,42,114,0,129,57,0.11627906976744186,0.2631578947368421,0.16129032258064516,10,1.099624376744032,0.011147769168019295
00312,large-vehicle,dense_1024,23,63,106,1,129,87,0.17829457364341086,0.26744186046511625,0.21395348837209302,24,2.9432465564459562,0.018384786322712898
00312,large-vehicle,dense_both,27,80,102,1,129,108,0.20930232558139536,0.2523364485981308,0.2288135593220339,115,14.77549415640533,0.02511381171643734
00312,small-vehicle,prompt,3,102,55,0,58,105,0.05172413793103448,0.02857142857142857,0.03680981595092025,10,1.125651167705655,0.01161511056125164
00312,small-vehicle,full,0,42,58,0,58,42,0.0,0.0,0.0,10,1.218174023553729,0.005249163135886192
00312,small-vehicle,scale_prior,0,42,58,0,58,42,0.0,0.0,0.0,10,1.205283734947443,0.005119968205690384
00312,small-vehicle,matched,3,45,55,0,58,48,0.05172413793103448,0.0625,0.05660377358490566,10,1.2066092062741518,0.006148915737867355
00312,small-vehicle,dense_1024,0,54,58,0,58,54,0.0,0.0,0.0,24,2.9432465564459562,0.007577544078230858
00312,small-vehicle,dense_both,26,407,32,0,58,433,0.4482758620689655,0.06004618937644342,0.10590631364562118,115,14.77549415640533,0.06393606774508953
00312,storage-tank,prompt,1,0,0,0,1,1,1.0,1.0,1.0,10,1.1129233036190271,0.0003896951675415039
00312,storage-tank,full,1,1,0,0,1,2,1.0,0.5,0.6666666666666666,10,1.1142055485397577,0.0006250664591789246
00312,storage-tank,scale_prior,1,2,0,0,1,3,1.0,0.3333333333333333,0.5,10,1.2073222510516644,0.0006826426833868027
00312,storage-tank,matched,1,2,0,0,1,3,1.0,0.3333333333333333,0.5,10,1.10302840359509,0.0007060002535581589
00312,storage-tank,dense_1024,1,2,0,0,1,3,1.0,0.3333333333333333,0.5,24,2.9432465564459562,0.0007652789354324341
00312,storage-tank,dense_both,1,3,0,0,1,4,1.0,0.25,0.4,115,14.77549415640533,0.0010434668511152267
00328,airplane,prompt,6,1,3,0,9,7,0.6666666666666666,0.8571428571428571,0.75,10,1.0909513346850872,0.0014563072472810745
00328,airplane,full,7,2,2,0,9,9,0.7777777777777778,0.7777777777777778,0.7777777777777778,10,1.1916827782988548,0.001975150778889656
00328,airplane,scale_prior,7,2,2,0,9,9,0.7777777777777778,0.7777777777777778,0.7777777777777778,10,1.1940249539911747,0.0019662752747535706
00328,airplane,matched,7,2,2,0,9,9,0.7777777777777778,0.7777777777777778,0.7777777777777778,10,1.1940249539911747,0.001978529617190361
00328,airplane,dense_1024,7,3,2,0,9,10,0.7777777777777778,0.7,0.7368421052631579,24,3.000166019424796,0.002305172383785248
00328,airplane,dense_both,9,9,0,1,9,19,1.0,0.5,0.6666666666666666,115,14.037908844649792,0.004268011078238487
00328,large-vehicle,prompt,19,40,22,42,41,101,0.4634146341463415,0.3220338983050847,0.38,10,0.9592854045331478,0.02147473208606243
00328,large-vehicle,full,20,29,21,1,41,50,0.4878048780487805,0.40816326530612246,0.4444444444444444,10,1.0849435925483704,0.010688688606023788
00328,large-vehicle,scale_prior,17,26,24,0,41,43,0.4146341463414634,0.3953488372093023,0.40476190476190477,10,1.1901126839220524,0.010099248960614204
00328,large-vehicle,matched,17,26,24,0,41,43,0.4146341463414634,0.3953488372093023,0.40476190476190477,10,1.1901126839220524,0.010136868804693222
00328,large-vehicle,dense_1024,19,57,22,34,41,110,0.4634146341463415,0.25,0.3247863247863248,24,3.000166019424796,0.022416716441512108
00328,large-vehicle,dense_both,30,107,11,70,41,207,0.7317073170731707,0.21897810218978103,0.33707865168539325,115,14.037908844649792,0.050857193768024445
00328,small-vehicle,prompt,76,150,273,23,349,249,0.2177650429799427,0.336283185840708,0.2643478260869565,10,1.0797646306455135,0.042791806161403656
00328,small-vehicle,full,181,271,168,0,349,452,0.5186246418338109,0.4004424778761062,0.4519350811485643,10,1.0979346074163914,0.09079881571233273
00328,small-vehicle,scale_prior,203,281,146,20,349,504,0.5816618911174785,0.4194214876033058,0.48739495798319327,10,1.0947218388319016,0.10214248672127724
00328,small-vehicle,matched,181,269,168,0,349,450,0.5186246418338109,0.4022222222222222,0.4530663329161452,10,1.2017386816442013,0.09101895242929459
00328,small-vehicle,dense_1024,291,459,58,31,349,781,0.833810888252149,0.388,0.5295723384895359,24,3.000166019424796,0.16270998120307922
00328,small-vehicle,dense_both,332,713,17,70,349,1115,0.9512893982808023,0.31770334928229665,0.4763271162123386,115,14.037908844649792,0.299746859818697
00328,swimming-pool,prompt,1,1,0,0,1,2,1.0,0.5,0.6666666666666666,10,1.0769658982753754,0.00047764554619789124
00328,swimming-pool,full,1,0,0,0,1,1,1.0,1.0,1.0,10,1.0810379050672054,0.00039515644311904907
00328,swimming-pool,scale_prior,1,0,0,0,1,1,1.0,1.0,1.0,10,1.1908962056040764,0.0003827344626188278
00328,swimming-pool,matched,1,0,0,0,1,1,1.0,1.0,1.0,10,1.1866274885833263,0.0004043690860271454
00328,swimming-pool,dense_1024,1,0,0,0,1,1,1.0,1.0,1.0,24,3.000166019424796,0.0004249606281518936
00328,swimming-pool,dense_both,1,7,0,0,1,8,1.0,0.125,0.2222222222222222,115,14.037908844649792,0.0014860313385725021
00331,large-vehicle,prompt,1,3,1,0,2,4,0.5,0.25,0.3333333333333333,10,1.3173743076622486,0.0008244439959526062
00331,large-vehicle,full,2,15,0,0,2,17,1.0,0.11764705882352941,0.21052631578947367,10,1.3166448269039392,0.002832353115081787
00331,large-vehicle,scale_prior,1,14,1,0,2,15,0.5,0.06666666666666667,0.11764705882352941,10,1.4368288945406675,0.002288252115249634
00331,large-vehicle,matched,1,14,1,0,2,15,0.5,0.06666666666666667,0.11764705882352941,10,1.4368288945406675,0.0022060684859752655
00331,large-vehicle,dense_1024,2,15,0,0,2,17,1.0,0.11764705882352941,0.21052631578947367,24,3.083971844986081,0.00278577022254467
00331,large-vehicle,dense_both,2,19,0,0,2,21,1.0,0.09523809523809523,0.17391304347826086,115,14.875235987827182,0.004042536020278931
00331,small-vehicle,prompt,2,2,11,0,13,4,0.15384615384615385,0.5,0.23529411764705882,10,1.334371630102396,0.0007460750639438629
00331,small-vehicle,full,11,16,2,0,13,27,0.8461538461538461,0.4074074074074074,0.55,10,1.533014701679349,0.003978172317147255
00331,small-vehicle,scale_prior,7,15,6,0,13,22,0.5384615384615384,0.3181818181818182,0.4,10,1.4451891742646694,0.003122759982943535
00331,small-vehicle,matched,4,13,9,0,13,17,0.3076923076923077,0.23529411764705882,0.26666666666666666,10,1.5465820264071226,0.0022673942148685455
00331,small-vehicle,dense_1024,12,24,1,0,13,36,0.9230769230769231,0.3333333333333333,0.4897959183673469,24,3.083971844986081,0.006115566939115524
00331,small-vehicle,dense_both,12,31,1,0,13,43,0.9230769230769231,0.27906976744186046,0.42857142857142855,115,14.875235987827182,0.008479533717036247
00331,storage-tank,prompt,6,19,3,1,9,26,0.6666666666666666,0.24,0.35294117647058826,10,1.2779284492135048,0.003938063979148865
00331,storage-tank,full,6,20,3,1,9,27,0.6666666666666666,0.23076923076923078,0.34285714285714286,10,1.291940277442336,0.003815470263361931
00331,storage-tank,scale_prior,7,20,2,1,9,28,0.7777777777777778,0.25925925925925924,0.3888888888888889,10,1.3062662221491337,0.003927547484636307
00331,storage-tank,matched,6,20,3,1,9,27,0.6666666666666666,0.23076923076923078,0.34285714285714286,10,1.2952268030494452,0.003837697207927704
00331,storage-tank,dense_1024,7,18,2,1,9,26,0.7777777777777778,0.28,0.4117647058823529,24,3.083971844986081,0.003715718165040016
00331,storage-tank,dense_both,7,20,2,1,9,28,0.7777777777777778,0.25925925925925924,0.3888888888888889,115,14.875235987827182,0.005705099552869797
00339,airplane,prompt,5,2,3,0,8,7,0.625,0.7142857142857143,0.6666666666666666,10,1.2307232599705458,0.0011585317552089691
00339,airplane,full,6,2,2,1,8,9,0.75,0.75,0.75,10,1.2275875080376863,0.0013963021337985992
00339,airplane,scale_prior,6,2,2,1,8,9,0.75,0.75,0.75,10,1.324245486408472,0.001254083588719368
00339,airplane,matched,5,2,3,0,8,7,0.625,0.7142857142857143,0.6666666666666666,10,1.2210984081029892,0.0010413657873868942
00339,airplane,dense_1024,8,2,0,1,8,11,1.0,0.8,0.8888888888888888,24,3.068208411335945,0.0024451762437820435
00339,airplane,dense_both,8,4,0,1,8,13,1.0,0.6666666666666666,0.8,115,14.816848767921329,0.003467138856649399
00339,large-vehicle,prompt,1,0,0,0,1,1,1.0,1.0,1.0,10,1.2401086539030075,0.0001888573169708252
00339,large-vehicle,full,0,9,1,0,1,9,0.0,0.0,0.0,10,1.2242498192936182,0.00110725499689579
00339,large-vehicle,scale_prior,0,7,1,0,1,7,0.0,0.0,0.0,10,1.2222637590020895,0.0008393079042434692
00339,large-vehicle,matched,0,1,1,0,1,1,0.0,0.0,0.0,10,1.117324972525239,0.00017708167433738708
00339,large-vehicle,dense_1024,1,14,0,0,1,15,1.0,0.06666666666666667,0.125,24,3.068208411335945,0.0024847518652677536
00339,large-vehicle,dense_both,1,19,0,0,1,20,1.0,0.05,0.09523809523809523,115,14.816848767921329,0.0036059673875570297
00339,ship,prompt,0,0,1,0,1,0,0.0,0.0,0.0,10,1.2390959486365318,3.4475699067115784e-05
00339,ship,full,0,2,1,0,1,2,0.0,0.0,0.0,10,1.2366446945816278,0.00038530677556991577
00339,ship,scale_prior,0,3,1,0,1,3,0.0,0.0,0.0,10,1.2235343549400568,0.00044720806181430817
00339,ship,matched,0,0,1,0,1,0,0.0,0.0,0.0,10,1.3348762840032578,3.206916153430939e-05
00339,ship,dense_1024,0,8,1,0,1,8,0.0,0.0,0.0,24,3.068208411335945,0.0012013725936412811
00339,ship,dense_both,0,12,1,0,1,12,0.0,0.0,0.0,115,14.816848767921329,0.0018103551119565964
00339,small-vehicle,prompt,6,8,168,0,174,14,0.034482758620689655,0.42857142857142855,0.06382978723404255,10,1.3374868780374527,0.002380823716521263
00339,small-vehicle,full,3,6,171,0,174,9,0.017241379310344827,0.3333333333333333,0.03278688524590164,10,1.022312955930829,0.0024785026907920837
00339,small-vehicle,scale_prior,2,6,172,0,174,8,0.011494252873563218,0.25,0.02197802197802198,10,1.1180103048682213,0.0023936741054058075
00339,small-vehicle,matched,3,6,171,0,174,9,0.017241379310344827,0.3333333333333333,0.03278688524590164,10,1.1196085680276155,0.00250190868973732
00339,small-vehicle,dense_1024,11,63,163,1,174,75,0.06321839080459771,0.14864864864864866,0.08870967741935484,24,3.068208411335945,0.017469730228185654
00339,small-vehicle,dense_both,127,116,47,10,174,253,0.7298850574712644,0.522633744855967,0.6091127098321343,115,14.816848767921329,0.05967831239104271
00339,storage-tank,prompt,0,0,1,0,1,0,0.0,0.0,0.0,10,1.2397727128118277,4.5143067836761475e-05
00339,storage-tank,full,0,0,1,0,1,0,0.0,0.0,0.0,10,1.2331739570945501,2.9571354389190674e-05
00339,storage-tank,scale_prior,0,0,1,0,1,0,0.0,0.0,0.0,10,1.431466955691576,2.7064234018325806e-05
00339,storage-tank,matched,0,0,1,0,1,0,0.0,0.0,0.0,10,1.3324269279837608,2.574920654296875e-05
00339,storage-tank,dense_1024,1,0,0,0,1,1,1.0,1.0,1.0,24,3.068208411335945,0.00022698193788528442
00339,storage-tank,dense_both,1,0,0,0,1,1,1.0,1.0,1.0,115,14.816848767921329,0.00029251351952552795
00339,swimming-pool,prompt,1,0,0,0,1,1,1.0,1.0,1.0,10,1.4516620021313429,0.0002374686300754547
00339,swimming-pool,full,1,2,0,0,1,3,1.0,0.3333333333333333,0.5,10,1.3359953053295612,0.0005633421242237091
00339,swimming-pool,scale_prior,1,2,0,0,1,3,1.0,0.3333333333333333,0.5,10,1.3339885026216507,0.0005486961454153061
00339,swimming-pool,matched,1,2,0,0,1,3,1.0,0.3333333333333333,0.5,10,1.2349484749138355,0.0005627274513244629
00339,swimming-pool,dense_1024,1,2,0,0,1,3,1.0,0.3333333333333333,0.5,24,3.068208411335945,0.0005472805351018906
00339,swimming-pool,dense_both,1,3,0,0,1,4,1.0,0.25,0.4,115,14.816848767921329,0.0007757321000099182
00343,large-vehicle,prompt,4,10,8,0,12,14,0.3333333333333333,0.2857142857142857,0.3076923076923077,10,1.3154580276459455,0.0023965388536453247
00343,large-vehicle,full,6,25,6,0,12,31,0.5,0.1935483870967742,0.27906976744186046,10,1.3176714535802603,0.004064496606588364
00343,large-vehicle,scale_prior,7,27,5,0,12,34,0.5833333333333334,0.20588235294117646,0.30434782608695654,10,1.2142693791538477,0.004441248252987862
00343,large-vehicle,matched,7,27,5,0,12,34,0.5833333333333334,0.20588235294117646,0.30434782608695654,10,1.3133709393441677,0.0044728778302669525
00343,large-vehicle,dense_1024,12,62,0,0,12,74,1.0,0.16216216216216217,0.27906976744186046,24,3.172045063227415,0.011767586693167686
00343,large-vehicle,dense_both,12,97,0,0,12,109,1.0,0.11009174311926606,0.19834710743801653,115,14.963727364316583,0.02050475776195526
00343,small-vehicle,prompt,70,49,316,0,386,119,0.18134715025906736,0.5882352941176471,0.27722772277227725,10,1.4422634206712246,0.023595768958330154
00343,small-vehicle,full,88,63,298,0,386,151,0.22797927461139897,0.5827814569536424,0.32774674115456237,10,1.225486883893609,0.028858600184321404
00343,small-vehicle,scale_prior,87,59,299,0,386,146,0.22538860103626943,0.5958904109589042,0.32706766917293234,10,1.3305624220520258,0.028276914730668068
00343,small-vehicle,matched,87,59,299,0,386,146,0.22538860103626943,0.5958904109589042,0.32706766917293234,10,1.3305624220520258,0.02841738425195217
00343,small-vehicle,dense_1024,189,193,197,0,386,382,0.4896373056994819,0.49476439790575916,0.4921875,24,3.172045063227415,0.08552572317421436
00343,small-vehicle,dense_both,326,237,60,0,386,563,0.844559585492228,0.5790408525754884,0.6870389884088515,115,14.963727364316583,0.1393792275339365
00356,airplane,prompt,44,10,44,10,88,64,0.5,0.8148148148148148,0.6197183098591549,10,1.0759098902344704,0.01990550570189953
00356,airplane,full,42,6,46,13,88,61,0.4772727272727273,0.875,0.6176470588235294,10,1.0907803643494844,0.018826398998498917
00356,airplane,scale_prior,43,3,45,8,88,54,0.48863636363636365,0.9347826086956522,0.6417910447761194,10,1.3089001588523388,0.012421013787388802
00356,airplane,matched,27,6,61,9,88,42,0.3068181818181818,0.8181818181818182,0.4462809917355372,10,1.2077787518501282,0.010493995621800423
00356,airplane,dense_1024,67,5,21,13,88,85,0.7613636363636364,0.9305555555555556,0.8375,24,3.0329523254185915,0.02551387809216976
00356,airplane,dense_both,69,11,19,13,88,93,0.7840909090909091,0.8625,0.8214285714285714,115,14.670825026929379,0.03666641004383564
00356,helicopter,prompt,0,5,2,0,2,5,0.0,0.0,0.0,10,1.3013959620147943,0.0007125474512577057
00356,helicopter,full,0,1,2,0,2,1,0.0,0.0,0.0,10,1.2120752818882465,0.00020121969282627106
00356,helicopter,scale_prior,0,1,2,0,2,1,0.0,0.0,0.0,10,1.3112190291285515,0.00026642344892024994
00356,helicopter,matched,0,1,2,0,2,1,0.0,0.0,0.0,10,1.2075571175664663,0.0002652648836374283
00356,helicopter,dense_1024,1,5,1,0,2,6,0.5,0.16666666666666666,0.25,24,3.0329523254185915,0.0009677615016698837
00356,helicopter,dense_both,2,23,0,0,2,25,1.0,0.08,0.14814814814814814,115,14.670825026929379,0.004274250939488411
00356,large-vehicle,prompt,0,9,11,0,11,9,0.0,0.0,0.0,10,1.3028653878718615,0.0013345852494239807
00356,large-vehicle,full,0,6,11,0,11,6,0.0,0.0,0.0,10,1.0984497629106045,0.0011856872588396072
00356,large-vehicle,scale_prior,0,8,11,0,11,8,0.0,0.0,0.0,10,1.207956451922655,0.0013797562569379807
00356,large-vehicle,matched,0,8,11,0,11,8,0.0,0.0,0.0,10,1.207956451922655,0.0013662949204444885
00356,large-vehicle,dense_1024,0,16,11,0,11,16,0.0,0.0,0.0,24,3.0329523254185915,0.0025115907192230225
00356,large-vehicle,dense_both,0,23,11,0,11,23,0.0,0.0,0.0,115,14.670825026929379,0.0035898685455322266
00356,small-vehicle,prompt,16,20,153,0,169,36,0.09467455621301775,0.4444444444444444,0.15609756097560976,10,1.2109230291098356,0.00689656101167202
00356,small-vehicle,full,1,18,168,0,169,19,0.005917159763313609,0.05263157894736842,0.010638297872340425,10,1.1086140908300877,0.0042325593531131744
00356,small-vehicle,scale_prior,17,31,152,0,169,48,0.10059171597633136,0.3541666666666667,0.15668202764976957,10,1.2118147779256105,0.009549273177981377
00356,small-vehicle,matched,1,23,168,0,169,24,0.005917159763313609,0.041666666666666664,0.010362694300518135,10,1.214226994663477,0.005021980032324791
00356,small-vehicle,dense_1024,1,52,168,0,169,53,0.005917159763313609,0.018867924528301886,0.009009009009009009,24,3.0329523254185915,0.010679049417376518
00356,small-vehicle,dense_both,89,164,80,0,169,253,0.5266272189349113,0.35177865612648224,0.4218009478672986,115,14.670825026929379,0.050688836723566055
00356,storage-tank,prompt,0,1,5,0,5,1,0.0,0.0,0.0,10,1.198242463171482,0.00020990893244743347
00356,storage-tank,full,5,4,0,0,5,9,1.0,0.5555555555555556,0.7142857142857143,10,1.2088273707777262,0.0011771824210882187
00356,storage-tank,scale_prior,5,5,0,0,5,10,1.0,0.5,0.6666666666666666,10,1.310763018205762,0.0016559716314077377
00356,storage-tank,matched,3,4,2,0,5,7,0.6,0.42857142857142855,0.5,10,1.2067501842975616,0.0012622717767953873
00356,storage-tank,dense_1024,5,7,0,0,5,12,1.0,0.4166666666666667,0.5882352941176471,24,3.0329523254185915,0.0021315105259418488
00356,storage-tank,dense_both,5,10,0,0,5,15,1.0,0.3333333333333333,0.5,115,14.670825026929379,0.0029997285455465317
00384,large-vehicle,prompt,162,73,71,3,233,238,0.6952789699570815,0.6893617021276596,0.6923076923076923,10,1.0461822487413883,0.07335872016847134
00384,large-vehicle,full,166,140,67,4,233,310,0.7124463519313304,0.5424836601307189,0.6159554730983302,10,1.286472087725997,0.08433008007705212
00384,large-vehicle,scale_prior,170,143,63,4,233,317,0.7296137339055794,0.5431309904153354,0.6227106227106227,10,1.169982997700572,0.08431274071335793
00384,large-vehicle,matched,164,142,69,4,233,310,0.703862660944206,0.5359477124183006,0.608534322820037,10,1.1653574164956808,0.08171556331217289
00384,large-vehicle,dense_1024,223,211,10,4,233,438,0.9570815450643777,0.5138248847926268,0.6686656671664168,24,2.8723176904022694,0.12663777731359005
00384,large-vehicle,dense_both,225,302,8,4,233,531,0.9656652360515021,0.4269449715370019,0.5921052631578947,115,13.901484841480851,0.19421707652509212
00384,small-vehicle,prompt,123,106,320,1,443,230,0.27765237020316025,0.537117903930131,0.36607142857142855,10,1.2096590995788574,0.046432480216026306
00384,small-vehicle,full,291,209,152,3,443,503,0.6568848758465011,0.582,0.6171792152704135,10,1.2922168131917715,0.09527707658708096
00384,small-vehicle,scale_prior,229,180,214,3,443,412,0.5169300225733634,0.5599022004889975,0.5375586854460094,10,1.269778622314334,0.08155935443937778
00384,small-vehicle,matched,192,157,251,1,443,350,0.43340857787810383,0.5501432664756447,0.48484848484848486,10,1.2676972560584545,0.06846017949283123
00384,small-vehicle,dense_1024,430,295,13,3,443,728,0.9706546275395034,0.593103448275862,0.7363013698630136,24,2.8723176904022694,0.16624284349381924
00384,small-vehicle,dense_both,436,404,7,3,443,843,0.9841986455981941,0.5190476190476191,0.6796570537802027,115,13.901484841480851,0.2459575403481722
00384,swimming-pool,prompt,1,0,0,0,1,1,1.0,1.0,1.0,10,0.9474781733006239,0.0002722200006246567
00384,swimming-pool,full,1,0,0,0,1,1,1.0,1.0,1.0,10,1.2956823594868183,0.0002362038940191269
00384,swimming-pool,scale_prior,1,0,0,0,1,1,1.0,1.0,1.0,10,1.303461879491806,0.000230325385928154
00384,swimming-pool,matched,1,0,0,0,1,1,1.0,1.0,1.0,10,1.201313680037856,0.00022394023835659027
00384,swimming-pool,dense_1024,1,0,0,0,1,1,1.0,1.0,1.0,24,2.8723176904022694,0.00032649002969264984
00384,swimming-pool,dense_both,1,0,0,0,1,1,1.0,1.0,1.0,115,13.901484841480851,0.0004634503275156021
00448,airplane,prompt,2,0,5,0,7,2,0.2857142857142857,1.0,0.4444444444444444,10,1.127895189449191,0.00047725066542625427
00448,airplane,full,6,0,1,0,7,6,0.8571428571428571,1.0,0.9230769230769231,10,1.127022547647357,0.0010751113295555115
00448,airplane,scale_prior,5,0,2,0,7,5,0.7142857142857143,1.0,0.8333333333333334,10,1.1296224799007177,0.0009448342025279999
00448,airplane,matched,5,0,2,0,7,5,0.7142857142857143,1.0,0.8333333333333334,10,1.1296224799007177,0.0009154863655567169
00448,airplane,dense_1024,7,0,0,0,7,7,1.0,1.0,1.0,24,3.0973506160080433,0.0013252496719360352
00448,airplane,dense_both,7,0,0,0,7,7,1.0,1.0,1.0,115,14.994933739304543,0.0019167326390743256
00448,large-vehicle,prompt,0,0,1,0,1,0,0.0,0.0,0.0,10,1.2341520227491856,3.5936012864112854e-05
00448,large-vehicle,full,0,2,1,0,1,2,0.0,0.0,0.0,10,1.1364205833524466,0.0002545490860939026
00448,large-vehicle,scale_prior,0,2,1,0,1,2,0.0,0.0,0.0,10,1.1296766195446253,0.00023307465016841888
00448,large-vehicle,matched,0,2,1,0,1,2,0.0,0.0,0.0,10,1.1296766195446253,0.0002305004745721817
00448,large-vehicle,dense_1024,1,2,0,0,1,3,1.0,0.3333333333333333,0.5,24,3.0973506160080433,0.0005022995173931122
00448,large-vehicle,dense_both,1,5,0,0,1,6,1.0,0.16666666666666666,0.2857142857142857,115,14.994933739304543,0.0010470449924468994
00448,small-vehicle,prompt,0,3,8,0,8,3,0.0,0.0,0.0,10,1.3368226177990437,0.0004061795771121979
00448,small-vehicle,full,0,2,8,0,8,2,0.0,0.0,0.0,10,1.1355902571231127,0.0002789720892906189
00448,small-vehicle,scale_prior,0,1,8,0,8,1,0.0,0.0,0.0,10,1.2378264646977186,0.00017025135457515717
00448,small-vehicle,matched,0,1,8,0,8,1,0.0,0.0,0.0,10,1.2378264646977186,0.00018326006829738617
00448,small-vehicle,dense_1024,1,19,7,0,8,20,0.125,0.05,0.07142857142857142,24,3.0973506160080433,0.0029954593628644943
00448,small-vehicle,dense_both,6,52,2,0,8,58,0.75,0.10344827586206896,0.18181818181818182,115,14.994933739304543,0.008584601804614067
00459,airplane,prompt,13,2,17,0,30,15,0.43333333333333335,0.8666666666666667,0.5777777777777777,10,1.2763734515756369,0.002817075699567795
00459,airplane,full,18,4,12,1,30,23,0.6,0.8181818181818182,0.6923076923076923,10,1.0775651894509792,0.004036674275994301
00459,airplane,scale_prior,18,4,12,1,30,23,0.6,0.8181818181818182,0.6923076923076923,10,1.0815938543528318,0.003702126443386078
00459,airplane,matched,12,4,18,0,30,16,0.4,0.75,0.5217391304347826,10,1.1805811151862144,0.002669578418135643
00459,airplane,dense_1024,27,5,3,1,30,33,0.9,0.84375,0.8709677419354839,24,3.028233051300049,0.0061132777482271194
00459,airplane,dense_both,29,5,1,2,30,36,0.9666666666666667,0.8529411764705882,0.90625,115,14.52525394409895,0.009990669786930084
00459,large-vehicle,prompt,0,4,9,0,9,4,0.0,0.0,0.0,10,1.2716112807393074,0.0005009956657886505
00459,large-vehicle,full,0,14,9,0,9,14,0.0,0.0,0.0,10,1.2735827006399632,0.001963399350643158
00459,large-vehicle,scale_prior,0,6,9,0,9,6,0.0,0.0,0.0,10,1.2954993676394224,0.0008598286658525467
00459,large-vehicle,matched,0,6,9,0,9,6,0.0,0.0,0.0,10,1.2954993676394224,0.0008616913110017776
00459,large-vehicle,dense_1024,0,14,9,0,9,14,0.0,0.0,0.0,24,3.028233051300049,0.0020855795592069626
00459,large-vehicle,dense_both,3,20,6,0,9,23,0.3333333333333333,0.13043478260869565,0.1875,115,14.52525394409895,0.003653908148407936
00459,small-vehicle,prompt,0,16,107,0,107,16,0.0,0.0,0.0,10,1.1872696671634912,0.002508940175175667
00459,small-vehicle,full,0,32,107,0,107,32,0.0,0.0,0.0,10,1.3811849150806665,0.006509477272629738
00459,small-vehicle,scale_prior,0,14,107,0,107,14,0.0,0.0,0.0,10,1.4273065142333508,0.002617526799440384
00459,small-vehicle,matched,0,14,107,0,107,14,0.0,0.0,0.0,10,1.4273065142333508,0.0025682058185338974
00459,small-vehicle,dense_1024,0,40,107,0,107,40,0.0,0.0,0.0,24,3.028233051300049,0.008166814222931862
00459,small-vehicle,dense_both,90,143,17,0,107,233,0.8411214953271028,0.38626609442060084,0.5294117647058824,115,14.52525394409895,0.05401603877544403
00481,airplane,prompt,23,1,5,1,28,25,0.8214285714285714,0.9583333333333334,0.8846153846153846,10,1.4278910271823406,0.005728814750909805
00481,airplane,full,23,1,5,1,28,25,0.8214285714285714,0.9583333333333334,0.8846153846153846,10,1.3293064683675766,0.005627177655696869
00481,airplane,scale_prior,20,0,8,1,28,21,0.7142857142857143,1.0,0.8333333333333334,10,1.2322595100849867,0.003913620486855507
00481,airplane,matched,23,1,5,1,28,25,0.8214285714285714,0.9583333333333334,0.8846153846153846,10,1.4278910271823406,0.005598736926913261
00481,airplane,dense_1024,20,0,8,1,28,21,0.7142857142857143,1.0,0.8333333333333334,24,3.1189820431172848,0.004274182021617889
00481,airplane,dense_both,27,1,1,1,28,29,0.9642857142857143,0.9642857142857143,0.9642857142857143,115,15.192988058552146,0.008370622992515564
00481,helicopter,prompt,1,1,0,0,1,2,1.0,0.5,0.6666666666666666,10,1.3389730621129274,0.00033781491219997406
00481,helicopter,full,0,0,1,0,1,0,0.0,0.0,0.0,10,1.2249967735260725,2.790801227092743e-05
00481,helicopter,scale_prior,0,0,1,0,1,0,0.0,0.0,0.0,10,1.135367225855589,2.2582709789276123e-05
00481,helicopter,matched,0,0,1,0,1,0,0.0,0.0,0.0,10,1.1330594085156918,2.2077932953834534e-05
00481,helicopter,dense_1024,0,0,1,0,1,0,0.0,0.0,0.0,24,3.1189820431172848,2.1129846572875977e-05
00481,helicopter,dense_both,1,1,0,0,1,2,1.0,0.5,0.6666666666666666,115,15.192988058552146,0.00029121339321136475
00481,large-vehicle,prompt,1,3,1,0,2,4,0.5,0.25,0.3333333333333333,10,1.334363665431738,0.0009477678686380386
00481,large-vehicle,full,1,4,1,0,2,5,0.5,0.2,0.2857142857142857,10,1.124894641339779,0.0011355411261320114
00481,large-vehicle,scale_prior,1,3,1,0,2,4,0.5,0.25,0.3333333333333333,10,1.238054795190692,0.0008753444999456406
00481,large-vehicle,matched,1,4,1,0,2,5,0.5,0.2,0.2857142857142857,10,1.2328748051077127,0.0009683091193437576
00481,large-vehicle,dense_1024,1,4,1,0,2,5,0.5,0.2,0.2857142857142857,24,3.1189820431172848,0.0009215045720338821
00481,large-vehicle,dense_both,1,5,1,0,2,6,0.5,0.16666666666666666,0.25,115,15.192988058552146,0.0012814775109291077
00481,small-vehicle,prompt,43,45,120,0,163,88,0.26380368098159507,0.48863636363636365,0.3426294820717131,10,1.2357843462377787,0.016174504533410072
00481,small-vehicle,full,12,35,151,0,163,47,0.0736196319018405,0.2553191489361702,0.11428571428571428,10,1.1331482697278261,0.008881967514753342
00481,small-vehicle,scale_prior,12,36,151,0,163,48,0.0736196319018405,0.25,0.11374407582938388,10,1.4494959153234959,0.008864669129252434
00481,small-vehicle,matched,12,34,151,0,163,46,0.0736196319018405,0.2608695652173913,0.11483253588516747,10,1.3420188166201115,0.00871245190501213
00481,small-vehicle,dense_1024,18,45,145,0,163,63,0.11042944785276074,0.2857142857142857,0.1592920353982301,24,3.1189820431172848,0.016487842425704002
00481,small-vehicle,dense_both,134,133,29,0,163,267,0.8220858895705522,0.50187265917603,0.6232558139534884,115,15.192988058552146,0.06329717487096786
00498,airplane,prompt,3,12,12,3,15,18,0.2,0.2,0.2,10,1.3083194606006145,0.002944737672805786
00498,airplane,full,14,21,1,4,15,39,0.9333333333333333,0.4,0.56,10,1.3164252769201994,0.006813231855630875
00498,airplane,scale_prior,6,18,9,3,15,27,0.4,0.25,0.3076923076923077,10,1.307802153751254,0.004480620846152306
00498,airplane,matched,6,18,9,3,15,27,0.4,0.25,0.3076923076923077,10,1.307802153751254,0.004441192373633385
00498,airplane,dense_1024,15,28,0,4,15,47,1.0,0.3488372093023256,0.5172413793103449,30,3.7235502637922764,0.009819269180297852
00498,airplane,dense_both,15,38,0,4,15,57,1.0,0.2830188679245283,0.4411764705882353,160,20.159136559814215,0.01232479140162468
00498,large-vehicle,prompt,2,18,36,0,38,20,0.05263157894736842,0.1,0.06896551724137931,10,1.2099603097885847,0.0027429908514022827
00498,large-vehicle,full,12,22,26,0,38,34,0.3157894736842105,0.35294117647058826,0.3333333333333333,10,1.108023988083005,0.004806017503142357
00498,large-vehicle,scale_prior,4,31,34,0,38,35,0.10526315789473684,0.11428571428571428,0.1095890410958904,10,1.2205520886927843,0.004924075677990913
00498,large-vehicle,matched,6,44,32,0,38,50,0.15789473684210525,0.12,0.13636363636363635,10,1.1161284148693085,0.006554514169692993
00498,large-vehicle,dense_1024,20,96,18,0,38,116,0.5263157894736842,0.1724137931034483,0.2597402597402597,30,3.7235502637922764,0.01706201583147049
00498,large-vehicle,dense_both,25,152,13,0,38,177,0.6578947368421053,0.14124293785310735,0.23255813953488372,160,20.159136559814215,0.03115561604499817
00498,small-vehicle,prompt,90,53,2717,0,2807,143,0.03206270039187745,0.6293706293706294,0.061016949152542375,10,1.422350911423564,0.029922153800725937
00498,small-vehicle,full,128,72,2679,0,2807,200,0.04560028500178126,0.64,0.08513468573328899,10,1.213760869577527,0.05417262949049473
00498,small-vehicle,scale_prior,3,43,2804,0,2807,46,0.0010687566797292483,0.06521739130434782,0.002103049421661409,10,1.322012322023511,0.017177416011691093
00498,small-vehicle,matched,4,54,2803,0,2807,58,0.0014250089063056644,0.06896551724137931,0.002792321116928447,10,1.3157199546694756,0.01964583247900009
00498,small-vehicle,dense_1024,13,166,2794,0,2807,179,0.004631278945493409,0.07262569832402235,0.008707300736771601,30,3.7235502637922764,0.044830577448010445
00498,small-vehicle,dense_both,1865,1022,942,0,2807,2887,0.664410402565016,0.6459993072393488,0.6550755180892167,160,20.159136559814215,0.6993524823337793
00498,swimming-pool,prompt,42,15,162,2,204,59,0.20588235294117646,0.7368421052631579,0.3218390804597701,10,1.3973866365849972,0.01114334724843502
00498,swimming-pool,full,92,27,112,1,204,120,0.45098039215686275,0.773109243697479,0.5696594427244582,10,1.30002629943192,0.021783139556646347
00498,swimming-pool,scale_prior,67,20,137,1,204,88,0.3284313725490196,0.7701149425287356,0.46048109965635736,10,1.2979118525981903,0.016696523874998093
00498,swimming-pool,matched,84,21,120,1,204,106,0.4117647058823529,0.8,0.5436893203883495,10,1.300521433353424,0.018638860434293747
00498,swimming-pool,dense_1024,108,35,96,3,204,146,0.5294117647058824,0.7552447552447552,0.622478386167147,30,3.7235502637922764,0.027957923710346222
00498,swimming-pool,dense_both,137,59,67,3,204,199,0.6715686274509803,0.6989795918367347,0.685,160,20.159136559814215,0.051526736468076706
00502,airplane,prompt,30,11,0,0,30,41,1.0,0.7317073170731707,0.8450704225352113,10,1.1973243672400713,0.010546650737524033
00502,airplane,full,30,11,0,0,30,41,1.0,0.7317073170731707,0.8450704225352113,10,1.2963888254016638,0.010297741740942001
00502,airplane,scale_prior,30,11,0,0,30,41,1.0,0.7317073170731707,0.8450704225352113,10,1.3594320062547922,0.009323164820671082
00502,airplane,matched,30,11,0,0,30,41,1.0,0.7317073170731707,0.8450704225352113,10,1.3985079862177372,0.009026911109685898
00502,airplane,dense_1024,30,0,0,0,30,30,1.0,1.0,1.0,24,3.305552177131176,0.006176898255944252
00502,airplane,dense_both,30,11,0,0,30,41,1.0,0.7317073170731707,0.8450704225352113,115,15.043871523812413,0.01261788047850132
00502,large-vehicle,prompt,0,24,5,0,5,24,0.0,0.0,0.0,10,1.341541986912489,0.0033863745629787445
00502,large-vehicle,full,0,27,5,0,5,27,0.0,0.0,0.0,10,1.3971475437283516,0.0037324391305446625
00502,large-vehicle,scale_prior,0,24,5,0,5,24,0.0,0.0,0.0,10,1.4748422410339117,0.0033400245010852814
00502,large-vehicle,matched,0,23,5,0,5,23,0.0,0.0,0.0,10,1.3546571228653193,0.003149012103676796
00502,large-vehicle,dense_1024,0,26,5,0,5,26,0.0,0.0,0.0,24,3.305552177131176,0.0035851411521434784
00502,large-vehicle,dense_both,0,59,5,0,5,59,0.0,0.0,0.0,115,15.043871523812413,0.009725773707032204
00502,ship,prompt,63,40,24,3,87,106,0.7241379310344828,0.6116504854368932,0.6631578947368421,10,1.1547947134822607,0.02858368493616581
00502,ship,full,71,55,16,3,87,129,0.8160919540229885,0.5634920634920635,0.6666666666666666,10,1.3656800836324692,0.03729955106973648
00502,ship,scale_prior,71,55,16,3,87,129,0.8160919540229885,0.5634920634920635,0.6666666666666666,10,1.4185634516179562,0.03728990815579891
00502,ship,matched,69,53,18,3,87,125,0.7931034482758621,0.5655737704918032,0.6602870813397129,10,1.4238884765654802,0.035758623853325844
00502,ship,dense_1024,81,94,6,3,87,178,0.9310344827586207,0.46285714285714286,0.6183206106870229,24,3.305552177131176,0.04802194610238075
00502,ship,dense_both,85,139,2,4,87,228,0.9770114942528736,0.3794642857142857,0.5466237942122186,115,15.043871523812413,0.07635731808841228
00502,small-vehicle,prompt,38,92,140,2,178,132,0.21348314606741572,0.2923076923076923,0.24675324675324675,10,1.2959413975477219,0.020494872704148293
00502,small-vehicle,full,36,99,142,3,178,138,0.20224719101123595,0.26666666666666666,0.23003194888178913,10,1.296928770840168,0.024686532095074654
00502,small-vehicle,scale_prior,34,94,144,1,178,129,0.19101123595505617,0.265625,0.2222222222222222,10,1.2592586651444435,0.02185300923883915
00502,small-vehicle,matched,20,88,158,1,178,109,0.11235955056179775,0.18518518518518517,0.13986013986013987,10,1.3686178047209978,0.01871158927679062
00502,small-vehicle,dense_1024,38,111,140,1,178,150,0.21348314606741572,0.2550335570469799,0.2324159021406728,24,3.305552177131176,0.027742210775613785
00502,small-vehicle,dense_both,156,228,22,3,178,387,0.8764044943820225,0.40625,0.5551601423487544,115,15.043871523812413,0.08315103314816952
00502,swimming-pool,prompt,2,3,0,0,2,5,1.0,0.4,0.5714285714285714,10,1.312238635495305,0.0008738022297620773
00502,swimming-pool,full,2,4,0,0,2,6,1.0,0.3333333333333333,0.5,10,1.3657852187752724,0.001074567437171936
00502,swimming-pool,scale_prior,2,4,0,0,2,6,1.0,0.3333333333333333,0.5,10,1.3163505513221025,0.0010042935609817505
00502,swimming-pool,matched,2,4,0,0,2,6,1.0,0.3333333333333333,0.5,10,1.3657852187752724,0.0010460671037435532
00502,swimming-pool,dense_1024,2,1,0,0,2,3,1.0,0.6666666666666666,0.8,24,3.305552177131176,0.0005619004368782043
00502,swimming-pool,dense_both,2,5,0,0,2,7,1.0,0.2857142857142857,0.4444444444444444,115,15.043871523812413,0.0014528073370456696
00510,airplane,prompt,16,1,10,0,26,17,0.6153846153846154,0.9411764705882353,0.7441860465116279,10,1.1960730198770761,0.004008380696177483
00510,airplane,full,19,2,7,0,26,21,0.7307692307692307,0.9047619047619048,0.8085106382978723,10,1.2072207070887089,0.00437958724796772
00510,airplane,scale_prior,13,0,13,0,26,13,0.5,1.0,0.6666666666666666,10,1.2070012893527746,0.0024952124804258347
00510,airplane,matched,13,0,13,0,26,13,0.5,1.0,0.6666666666666666,10,1.103672692552209,0.0024612080305814743
00510,airplane,dense_1024,19,4,7,0,26,23,0.7307692307692307,0.8260869565217391,0.7755102040816326,24,2.9064879436045885,0.005416816100478172
00510,airplane,dense_both,25,2,1,0,26,27,0.9615384615384616,0.9259259259259259,0.9433962264150944,128,16.206160435453057,0.007944835349917412
00510,small-vehicle,prompt,271,49,136,0,407,320,0.6658476658476659,0.846875,0.7455295735900963,10,1.125011634081602,0.06633667834103107
00510,small-vehicle,full,178,75,229,0,407,253,0.43734643734643736,0.7035573122529645,0.5393939393939394,10,1.2046897187829018,0.057367632165551186
00510,small-vehicle,scale_prior,174,65,233,0,407,239,0.4275184275184275,0.7280334728033473,0.5386996904024768,10,1.204798685386777,0.05414128676056862
00510,small-vehicle,matched,174,65,233,0,407,239,0.4275184275184275,0.7280334728033473,0.5386996904024768,10,1.204798685386777,0.054578015580773354
00510,small-vehicle,dense_1024,19,56,388,0,407,75,0.04668304668304668,0.25333333333333335,0.07883817427385892,24,2.9064879436045885,0.023295268416404724
00510,small-vehicle,dense_both,337,177,70,0,407,514,0.828009828009828,0.6556420233463035,0.7318132464712269,128,16.206160435453057,0.12686997093260288
00514,airplane,prompt,75,14,61,0,136,89,0.5514705882352942,0.8426966292134831,0.6666666666666666,10,1.406077466905117,0.018657544627785683
00514,airplane,full,103,10,33,0,136,113,0.7573529411764706,0.911504424778761,0.8273092369477911,10,1.3077108655124903,0.024361848831176758
00514,airplane,scale_prior,82,8,54,0,136,90,0.6029411764705882,0.9111111111111111,0.7256637168141593,10,1.4199732337146997,0.01771322265267372
00514,airplane,matched,82,8,54,0,136,90,0.6029411764705882,0.9111111111111111,0.7256637168141593,10,1.4199732337146997,0.017867686226963997
00514,airplane,dense_1024,127,11,9,0,136,138,0.9338235294117647,0.9202898550724637,0.927007299270073,24,3.060928463935852,0.0331245306879282
00514,airplane,dense_both,130,32,6,0,136,162,0.9558823529411765,0.8024691358024691,0.87248322147651,115,14.703917812556028,0.047703349962830544
00514,storage-tank,prompt,8,1,0,0,8,9,1.0,0.8888888888888888,0.9411764705882353,10,1.3292532823979855,0.0012027882039546967
00514,storage-tank,full,8,8,0,0,8,16,1.0,0.5,0.6666666666666666,10,1.2255636099725962,0.003095421940088272
00514,storage-tank,scale_prior,8,9,0,0,8,17,1.0,0.47058823529411764,0.64,10,1.1258531361818314,0.0026863254606723785
00514,storage-tank,matched,8,9,0,0,8,17,1.0,0.47058823529411764,0.64,10,1.1258531361818314,0.002765379846096039
00514,storage-tank,dense_1024,8,9,0,0,8,17,1.0,0.47058823529411764,0.64,24,3.060928463935852,0.0028283260762691498
00514,storage-tank,dense_both,8,12,0,0,8,20,1.0,0.4,0.5714285714285714,115,14.703917812556028,0.0039573535323143005
00530,airplane,prompt,19,15,1,0,20,34,0.95,0.5588235294117647,0.7037037037037037,10,1.4024051278829575,0.005842484533786774
00530,airplane,full,19,0,1,0,20,19,0.95,1.0,0.9743589743589743,10,1.3143635895103216,0.003311675041913986
00530,airplane,scale_prior,3,1,17,0,20,4,0.15,0.75,0.25,10,1.3087716847658157,0.0006054285913705826
00530,airplane,matched,3,1,17,0,20,4,0.15,0.75,0.25,10,1.3087716847658157,0.0006615426391363144
00530,airplane,dense_1024,19,1,1,0,20,20,0.95,0.95,0.95,24,2.9159871339797974,0.003400767222046852
00530,airplane,dense_both,19,24,1,0,20,43,0.95,0.4418604651162791,0.6031746031746031,115,14.469991017132998,0.00806380994617939
00530,large-vehicle,prompt,0,5,4,1,4,6,0.0,0.0,0.0,10,1.313223322853446,0.0007910542190074921
00530,large-vehicle,full,2,21,2,0,4,23,0.5,0.08695652173913043,0.14814814814814814,10,1.1029031854122877,0.003371722996234894
00530,large-vehicle,scale_prior,2,20,2,0,4,22,0.5,0.09090909090909091,0.15384615384615385,10,1.1044164523482323,0.003057224676012993
00530,large-vehicle,matched,2,20,2,0,4,22,0.5,0.09090909090909091,0.15384615384615385,10,1.1044164523482323,0.003107728436589241
00530,large-vehicle,dense_1024,3,36,1,0,4,39,0.75,0.07692307692307693,0.13953488372093023,24,2.9159871339797974,0.005048094317317009
00530,large-vehicle,dense_both,3,44,1,1,4,48,0.75,0.06382978723404255,0.11764705882352941,115,14.469991017132998,0.007039226591587067
00530,small-vehicle,prompt,54,46,270,7,324,107,0.16666666666666666,0.54,0.25471698113207547,10,1.407260274514556,0.017070626839995384
00530,small-vehicle,full,33,62,291,0,324,95,0.10185185185185185,0.3473684210526316,0.1575178997613365,10,1.1024992354214191,0.02139008603990078
00530,small-vehicle,scale_prior,34,68,290,0,324,102,0.10493827160493827,0.3333333333333333,0.1596244131455399,10,1.2031841464340687,0.022596850991249084
00530,small-vehicle,matched,34,68,290,0,324,102,0.10493827160493827,0.3333333333333333,0.1596244131455399,10,1.2031841464340687,0.02264983020722866
00530,small-vehicle,dense_1024,44,141,280,0,324,185,0.13580246913580246,0.23783783783783785,0.17288801571709234,24,2.9159871339797974,0.038925621658563614
00530,small-vehicle,dense_both,290,363,34,7,324,660,0.8950617283950617,0.444104134762634,0.593654042988741,115,14.469991017132998,0.13663212768733501
00550,airplane,prompt,59,8,66,1,125,68,0.472,0.8805970149253731,0.6145833333333334,10,1.1151396930217743,0.0143845584243536
00550,airplane,full,90,19,35,1,125,110,0.72,0.8256880733944955,0.7692307692307693,10,1.4722522236406803,0.025582144036889076
00550,airplane,scale_prior,65,18,60,1,125,84,0.52,0.7831325301204819,0.625,10,1.3775911144912243,0.02019774541258812
00550,airplane,matched,65,18,60,1,125,84,0.52,0.7831325301204819,0.625,10,1.3775911144912243,0.020038418471813202
00550,airplane,dense_1024,95,27,30,2,125,124,0.76,0.7786885245901639,0.7692307692307693,24,3.1117864847183228,0.03512897901237011
00550,airplane,dense_both,104,35,21,2,125,141,0.832,0.7482014388489209,0.7878787878787878,115,15.056772746145725,0.047325510531663895
00550,swimming-pool,prompt,0,4,5,0,5,4,0.0,0.0,0.0,10,1.3813515361398458,0.0006338749080896378
00550,swimming-pool,full,2,5,3,0,5,7,0.4,0.2857142857142857,0.3333333333333333,10,1.4068838618695736,0.0012348759919404984
00550,swimming-pool,scale_prior,2,5,3,0,5,7,0.4,0.2857142857142857,0.3333333333333333,10,1.5350448116660118,0.0012196898460388184
00550,swimming-pool,matched,2,5,3,0,5,7,0.4,0.2857142857142857,0.3333333333333333,10,1.4068838618695736,0.0012288019061088562
00550,swimming-pool,dense_1024,2,6,3,0,5,8,0.4,0.25,0.3076923076923077,24,3.1117864847183228,0.0014492888003587723
00550,swimming-pool,dense_both,3,15,2,0,5,18,0.6,0.16666666666666666,0.2608695652173913,115,15.056772746145725,0.0031594783067703247
00553,airplane,prompt,0,2,9,0,9,2,0.0,0.0,0.0,10,1.3750769514590502,0.0003692209720611572
00553,airplane,full,1,2,8,0,9,3,0.1111111111111111,0.3333333333333333,0.16666666666666666,10,1.4232939276844263,0.00047289207577705383
00553,airplane,scale_prior,0,2,9,0,9,2,0.0,0.0,0.0,10,1.2702057994902134,0.00028675608336925507
00553,airplane,matched,0,2,9,0,9,2,0.0,0.0,0.0,10,1.2702057994902134,0.00027790479362010956
00553,airplane,dense_1024,8,6,1,1,9,15,0.8888888888888888,0.5714285714285714,0.6956521739130435,24,3.1346512380987406,0.0023741647601127625
00553,airplane,dense_both,9,31,0,1,9,41,1.0,0.225,0.3673469387755102,115,14.680838856846094,0.008336478844285011
00553,helicopter,prompt,0,0,5,1,5,1,0.0,0.0,0.0,10,1.2560880482196808,0.000376163050532341
00553,helicopter,full,0,1,5,0,5,1,0.0,0.0,0.0,10,1.6208820044994354,0.00020579062402248383
00553,helicopter,scale_prior,0,1,5,0,5,1,0.0,0.0,0.0,10,1.4727331176400185,0.00016737356781959534
00553,helicopter,matched,0,1,5,1,5,2,0.0,0.0,0.0,10,1.469479477033019,0.0004681479185819626
00553,helicopter,dense_1024,0,7,5,1,5,8,0.0,0.0,0.0,24,3.1346512380987406,0.001137610524892807
00553,helicopter,dense_both,2,19,3,1,5,22,0.4,0.09523809523809523,0.15384615384615385,115,14.680838856846094,0.003154696896672249
00553,large-vehicle,prompt,2,10,2,0,4,12,0.5,0.16666666666666666,0.25,10,1.2498550489544868,0.0016980506479740143
00553,large-vehicle,full,2,12,2,0,4,14,0.5,0.14285714285714285,0.2222222222222222,10,1.5181496627628803,0.0021184440702199936
00553,large-vehicle,scale_prior,2,8,2,0,4,10,0.5,0.2,0.2857142857142857,10,1.519599687308073,0.0016972031444311142
00553,large-vehicle,matched,2,8,2,0,4,10,0.5,0.2,0.2857142857142857,10,1.519599687308073,0.0016689356416463852
00553,large-vehicle,dense_1024,2,12,2,0,4,14,0.5,0.14285714285714285,0.2222222222222222,24,3.1346512380987406,0.0021740589290857315
00553,large-vehicle,dense_both,3,23,1,0,4,26,0.75,0.11538461538461539,0.2,115,14.680838856846094,0.004231417551636696
00553,small-vehicle,prompt,3,11,175,0,178,14,0.016853932584269662,0.21428571428571427,0.03125,10,1.3556455112993717,0.002237306907773018
00553,small-vehicle,full,13,93,165,0,178,106,0.07303370786516854,0.12264150943396226,0.09154929577464789,10,1.3635148126631975,0.016885101795196533
00553,small-vehicle,scale_prior,13,93,165,0,178,106,0.07303370786516854,0.12264150943396226,0.09154929577464789,10,1.3667253851890564,0.01688963547348976
00553,small-vehicle,matched,13,93,165,0,178,106,0.07303370786516854,0.12264150943396226,0.09154929577464789,10,1.3606500774621964,0.016918834298849106
00553,small-vehicle,dense_1024,14,135,164,0,178,149,0.07865168539325842,0.09395973154362416,0.0856269113149847,24,3.1346512380987406,0.025059720501303673
00553,small-vehicle,dense_both,156,327,22,0,178,483,0.8764044943820225,0.32298136645962733,0.4720121028744327,115,14.680838856846094,0.10368073917925358
00553,storage-tank,prompt,0,0,1,0,1,0,0.0,0.0,0.0,10,1.4640005063265562,4.534423351287842e-05
00553,storage-tank,full,1,1,0,0,1,2,1.0,0.5,0.6666666666666666,10,1.5190203841775656,0.000352565199136734
00553,storage-tank,scale_prior,1,1,0,0,1,2,1.0,0.5,0.6666666666666666,10,1.5199805479496717,0.00032347068190574646
00553,storage-tank,matched,1,1,0,0,1,2,1.0,0.5,0.6666666666666666,10,1.5199805479496717,0.0002853386104106903
00553,storage-tank,dense_1024,1,2,0,0,1,3,1.0,0.3333333333333333,0.5,24,3.1346512380987406,0.00040609389543533325
00553,storage-tank,dense_both,1,6,0,0,1,7,1.0,0.14285714285714285,0.25,115,14.680838856846094,0.0010254736989736557
00553,swimming-pool,prompt,2,3,0,0,2,5,1.0,0.4,0.5714285714285714,10,1.4710708335042,0.0011307969689369202
00553,swimming-pool,full,2,3,0,0,2,5,1.0,0.4,0.5714285714285714,10,1.4524645507335663,0.0009583253413438797
00553,swimming-pool,scale_prior,2,3,0,0,2,5,1.0,0.4,0.5714285714285714,10,1.456036837771535,0.0007358565926551819
00553,swimming-pool,matched,2,3,0,0,2,5,1.0,0.4,0.5714285714285714,10,1.456036837771535,0.0007299911230802536
00553,swimming-pool,dense_1024,2,3,0,0,2,5,1.0,0.4,0.5714285714285714,24,3.1346512380987406,0.0009476412087678909
00553,swimming-pool,dense_both,2,5,0,0,2,7,1.0,0.2857142857142857,0.4444444444444444,115,14.680838856846094,0.0016692671924829483
00557,ship,prompt,0,6,1,0,1,6,0.0,0.0,0.0,10,1.348051456734538,0.0009621679782867432
00557,ship,full,0,6,1,0,1,6,0.0,0.0,0.0,10,1.3413474783301353,0.0008920952677726746
00557,ship,scale_prior,0,6,1,0,1,6,0.0,0.0,0.0,10,1.3366657923907042,0.0008547529578208923
00557,ship,matched,0,6,1,0,1,6,0.0,0.0,0.0,10,1.3404596131294966,0.0009030979126691818
00557,ship,dense_1024,0,6,1,0,1,6,0.0,0.0,0.0,24,3.1753225214779377,0.0008914768695831299
00557,ship,dense_both,1,55,0,0,1,56,1.0,0.017857142857142856,0.03508771929824561,115,14.793327445164323,0.008452219888567924
00557,small-vehicle,prompt,538,111,627,0,1165,649,0.46180257510729616,0.8289676425269645,0.5931642778390298,10,1.4601479899138212,0.13671563379466534
00557,small-vehicle,full,377,123,788,0,1165,500,0.3236051502145923,0.754,0.45285285285285287,10,1.3474784661084414,0.10769874602556229
00557,small-vehicle,scale_prior,373,147,792,0,1165,520,0.3201716738197425,0.7173076923076923,0.4427299703264095,10,1.4354463517665863,0.0998704805970192
00557,small-vehicle,matched,375,124,790,0,1165,499,0.3218884120171674,0.751503006012024,0.45072115384615385,10,1.3429703321307898,0.09883270040154457
00557,small-vehicle,dense_1024,486,218,679,0,1165,704,0.4171673819742489,0.6903409090909091,0.5200642054574639,24,3.1753225214779377,0.14678984880447388
00557,small-vehicle,dense_both,982,653,183,0,1165,1635,0.8429184549356223,0.600611620795107,0.7014285714285714,115,14.793327445164323,0.376862533390522
00557,storage-tank,prompt,0,3,1,0,1,3,0.0,0.0,0.0,10,1.3528712522238493,0.0004109330475330353
00557,storage-tank,full,0,3,1,0,1,3,0.0,0.0,0.0,10,1.2530109956860542,0.0003337562084197998
00557,storage-tank,scale_prior,0,3,1,0,1,3,0.0,0.0,0.0,10,1.2500931285321712,0.00045941583812236786
00557,storage-tank,matched,0,3,1,0,1,3,0.0,0.0,0.0,10,1.2506559733301401,0.00035958923399448395
00557,storage-tank,dense_1024,0,6,1,0,1,6,0.0,0.0,0.0,24,3.1753225214779377,0.0009419377893209457
00557,storage-tank,dense_both,0,13,1,0,1,13,0.0,0.0,0.0,115,14.793327445164323,0.0020361803472042084
00557,swimming-pool,prompt,39,31,143,0,182,70,0.21428571428571427,0.5571428571428572,0.30952380952380953,10,1.3054150696843863,0.011027820408344269
00557,swimming-pool,full,121,21,61,0,182,142,0.6648351648351648,0.852112676056338,0.7469135802469136,10,1.2141556553542614,0.026152582839131355
00557,swimming-pool,scale_prior,83,14,99,0,182,97,0.45604395604395603,0.8556701030927835,0.5949820788530465,10,1.1244699098169804,0.019158625975251198
00557,swimming-pool,matched,85,14,97,0,182,99,0.46703296703296704,0.8585858585858586,0.604982206405694,10,1.1238214690238237,0.019875308498740196
00557,swimming-pool,dense_1024,155,33,27,0,182,188,0.8516483516483516,0.824468085106383,0.8378378378378378,24,3.1753225214779377,0.040475137531757355
00557,swimming-pool,dense_both,140,129,42,0,182,269,0.7692307692307693,0.5204460966542751,0.6208425720620843,115,14.793327445164323,0.06965475529432297
00562,airplane,prompt,1,1,9,0,10,2,0.1,0.5,0.16666666666666666,10,1.314631212502718,0.0005324501544237137
00562,airplane,full,10,1,0,0,10,11,1.0,0.9090909090909091,0.9523809523809523,10,1.102946039289236,0.002207281067967415
00562,airplane,scale_prior,10,1,0,0,10,11,1.0,0.9090909090909091,0.9523809523809523,10,1.106062376871705,0.0018972884863615036
00562,airplane,matched,10,1,0,0,10,11,1.0,0.9090909090909091,0.9523809523809523,10,1.106062376871705,0.001866225153207779
00562,airplane,dense_1024,10,1,0,0,10,11,1.0,0.9090909090909091,0.9523809523809523,24,3.045780684798956,0.002758953720331192
00562,airplane,dense_both,9,2,1,0,10,11,0.9,0.8181818181818182,0.8571428571428571,128,16.325009275227785,0.0035051126033067703
00562,large-vehicle,prompt,0,0,5,0,5,0,0.0,0.0,0.0,10,1.411163568496704,4.562363028526306e-05
00562,large-vehicle,full,0,0,5,0,5,0,0.0,0.0,0.0,10,1.318857528269291,3.314763307571411e-05
00562,large-vehicle,scale_prior,0,0,5,0,5,0,0.0,0.0,0.0,10,1.3148250319063663,2.9979273676872253e-05
00562,large-vehicle,matched,0,0,5,0,5,0,0.0,0.0,0.0,10,1.3148250319063663,2.8815120458602905e-05
00562,large-vehicle,dense_1024,0,1,5,0,5,1,0.0,0.0,0.0,24,3.045780684798956,0.00027668289840221405
00562,large-vehicle,dense_both,0,1,5,0,5,1,0.0,0.0,0.0,128,16.325009275227785,0.00025065988302230835
00562,small-vehicle,prompt,0,1,113,0,113,1,0.0,0.0,0.0,10,1.4183896780014038,0.00039604492485523224
00562,small-vehicle,full,15,24,98,0,113,39,0.13274336283185842,0.38461538461538464,0.19736842105263158,10,1.426272675395012,0.010346144437789917
00562,small-vehicle,scale_prior,0,2,113,0,113,2,0.0,0.0,0.0,10,1.3156759515404701,0.0004979930818080902
00562,small-vehicle,matched,0,2,113,0,113,2,0.0,0.0,0.0,10,1.3156759515404701,0.0004159267991781235
00562,small-vehicle,dense_1024,19,58,94,0,113,77,0.168141592920354,0.24675324675324675,0.2,24,3.045780684798956,0.020401621237397194
00562,small-vehicle,dense_both,97,92,16,0,113,189,0.8584070796460177,0.5132275132275133,0.6423841059602649,128,16.325009275227785,0.06039939261972904
00562,swimming-pool,prompt,0,1,1,0,1,1,0.0,0.0,0.0,10,1.220344478264451,0.00017656385898590088
00562,swimming-pool,full,0,2,1,0,1,2,0.0,0.0,0.0,10,1.325275419279933,0.00025922246277332306
00562,swimming-pool,scale_prior,0,2,1,0,1,2,0.0,0.0,0.0,10,1.3282762560993433,0.00023734383285045624
00562,swimming-pool,matched,0,2,1,0,1,2,0.0,0.0,0.0,10,1.2249590326100588,0.0002351626753807068
00562,swimming-pool,dense_1024,0,2,1,0,1,2,0.0,0.0,0.0,24,3.045780684798956,0.0002303551882505417
00562,swimming-pool,dense_both,1,3,0,0,1,4,1.0,0.25,0.4,128,16.325009275227785,0.0007246397435665131
00566,airplane,prompt,4,4,0,0,4,8,1.0,0.5,0.6666666666666666,10,1.4821680318564177,0.001812448725104332
00566,airplane,full,4,3,0,0,4,7,1.0,0.5714285714285714,0.7272727272727273,10,1.5490701459348202,0.001627238467335701
00566,airplane,scale_prior,4,3,0,0,4,7,1.0,0.5714285714285714,0.7272727272727273,10,1.5499035324901342,0.0014785956591367722
00566,airplane,matched,4,3,0,0,4,7,1.0,0.5714285714285714,0.7272727272727273,10,1.5490701459348202,0.0016287807375192642
00566,airplane,dense_1024,4,3,0,0,4,7,1.0,0.5714285714285714,0.7272727272727273,24,3.5300570894032717,0.001495925709605217
00566,airplane,dense_both,4,4,0,0,4,8,1.0,0.5,0.6666666666666666,115,16.935540797188878,0.0020598582923412323
00566,large-vehicle,prompt,1,9,0,0,1,10,1.0,0.1,0.18181818181818182,10,1.4327273201197386,0.001817932352423668
00566,large-vehicle,full,1,8,0,0,1,9,1.0,0.1111111111111111,0.2,10,1.4158921781927347,0.001583857461810112
00566,large-vehicle,scale_prior,0,7,1,0,1,7,0.0,0.0,0.0,10,1.6276157908141613,0.0010705236345529556
00566,large-vehicle,matched,1,8,0,0,1,9,1.0,0.1111111111111111,0.2,10,1.4158921781927347,0.0015399307012557983
00566,large-vehicle,dense_1024,0,6,1,0,1,6,0.0,0.0,0.0,24,3.5300570894032717,0.0009071789681911469
00566,large-vehicle,dense_both,1,32,0,0,1,33,1.0,0.030303030303030304,0.058823529411764705,115,16.935540797188878,0.0051788873970508575
00566,small-vehicle,prompt,43,29,14,0,57,72,0.7543859649122807,0.5972222222222222,0.6666666666666666,10,1.4327273201197386,0.019104493781924248
00566,small-vehicle,full,43,29,14,0,57,72,0.7543859649122807,0.5972222222222222,0.6666666666666666,10,1.2871383242309093,0.01901242695748806
00566,small-vehicle,scale_prior,32,24,25,0,57,56,0.5614035087719298,0.5714285714285714,0.5663716814159292,10,1.4218281209468842,0.011590160429477692
00566,small-vehicle,matched,43,28,14,0,57,71,0.7543859649122807,0.6056338028169014,0.671875,10,1.4213273208588362,0.01836484856903553
00566,small-vehicle,dense_1024,20,21,37,0,57,41,0.3508771929824561,0.4878048780487805,0.40816326530612246,24,3.5300570894032717,0.0071621909737586975
00566,small-vehicle,dense_both,43,43,14,0,57,86,0.7543859649122807,0.5,0.6013986013986014,115,16.935540797188878,0.02142198197543621
00568,large-vehicle,prompt,0,21,1,0,1,21,0.0,0.0,0.0,10,1.6409783847630024,0.0027177799493074417
00568,large-vehicle,full,1,26,0,0,1,27,1.0,0.037037037037037035,0.07142857142857142,10,1.5241451039910316,0.00326605886220932
00568,large-vehicle,scale_prior,1,26,0,0,1,27,1.0,0.037037037037037035,0.07142857142857142,10,1.4203947875648737,0.0031138602644205093
00568,large-vehicle,matched,1,25,0,0,1,26,1.0,0.038461538461538464,0.07407407407407407,10,1.526513546705246,0.0030045006424188614
00568,large-vehicle,dense_1024,1,33,0,0,1,34,1.0,0.029411764705882353,0.05714285714285714,24,3.0356690753251314,0.004382757470011711
00568,large-vehicle,dense_both,1,75,0,0,1,76,1.0,0.013157894736842105,0.025974025974025976,115,14.683051792904735,0.011887816712260246
00568,ship,prompt,1,35,1,0,2,36,0.5,0.027777777777777776,0.05263157894736842,10,1.7276755310595036,0.004187649115920067
00568,ship,full,1,62,1,0,2,63,0.5,0.015873015873015872,0.03076923076923077,10,1.4151412956416607,0.00776292011141777
00568,ship,scale_prior,1,67,1,0,2,68,0.5,0.014705882352941176,0.02857142857142857,10,1.415421273559332,0.007714239880442619
00568,ship,matched,1,67,1,0,2,68,0.5,0.014705882352941176,0.02857142857142857,10,1.415421273559332,0.007724747061729431
00568,ship,dense_1024,1,106,1,0,2,107,0.5,0.009345794392523364,0.01834862385321101,24,3.0356690753251314,0.014823880046606064
00568,ship,dense_both,2,116,0,0,2,118,1.0,0.01694915254237288,0.03333333333333333,115,14.683051792904735,0.019494835287332535
00568,small-vehicle,prompt,146,77,165,0,311,223,0.4694533762057878,0.6547085201793722,0.5468164794007491,10,1.7308329865336418,0.03581654466688633
00568,small-vehicle,full,207,106,104,0,311,313,0.6655948553054662,0.6613418530351438,0.6634615384615384,10,1.524489652365446,0.05140887387096882
00568,small-vehicle,scale_prior,210,114,101,0,311,324,0.6752411575562701,0.6481481481481481,0.6614173228346457,10,1.417285107076168,0.052967196330428123
00568,small-vehicle,matched,203,101,108,0,311,304,0.6527331189710611,0.6677631578947368,0.6601626016260163,10,1.5160383358597755,0.050498632714152336
00568,small-vehicle,dense_1024,291,199,20,0,311,490,0.9356913183279743,0.5938775510204082,0.7265917602996255,24,3.0356690753251314,0.08714655227959156
00568,small-vehicle,dense_both,303,353,8,0,311,656,0.9742765273311897,0.46189024390243905,0.6266804550155118,115,14.683051792904735,0.14459670335054398
00568,storage-tank,prompt,0,0,1,0,1,0,0.0,0.0,0.0,10,1.331839194521308,4.2244791984558105e-05
00568,storage-tank,full,0,0,1,0,1,0,0.0,0.0,0.0,10,1.2267228793352842,2.5369226932525635e-05
00568,storage-tank,scale_prior,0,0,1,0,1,0,0.0,0.0,0.0,10,1.3266446180641651,2.2076070308685303e-05
00568,storage-tank,matched,0,0,1,0,1,0,0.0,0.0,0.0,10,1.3235349375754595,2.1046027541160583e-05
00568,storage-tank,dense_1024,0,2,1,0,1,2,0.0,0.0,0.0,24,3.0356690753251314,0.0002823304384946823
00568,storage-tank,dense_both,0,13,1,0,1,13,0.0,0.0,0.0,115,14.683051792904735,0.0021651554852724075
00568,swimming-pool,prompt,25,14,52,0,77,39,0.3246753246753247,0.6410256410256411,0.43103448275862066,10,1.2156063485890627,0.007379697635769844
00568,swimming-pool,full,30,20,47,0,77,50,0.38961038961038963,0.6,0.47244094488188976,10,1.1077119298279285,0.009929127991199493
00568,swimming-pool,scale_prior,39,26,38,1,77,66,0.5064935064935064,0.6,0.5492957746478874,10,1.2089638765901327,0.011414924636483192
00568,swimming-pool,matched,30,20,47,1,77,51,0.38961038961038963,0.6,0.47244094488188976,10,1.313132882118225,0.009450633078813553
00568,swimming-pool,dense_1024,64,44,13,1,77,109,0.8311688311688312,0.5925925925925926,0.6918918918918919,24,3.0356690753251314,0.0203227661550045
00568,swimming-pool,dense_both,68,68,9,1,77,137,0.8831168831168831,0.5,0.6384976525821596,115,14.683051792904735,0.031983595341444016
00571,small-vehicle,prompt,87,74,380,0,467,161,0.18629550321199143,0.5403726708074534,0.2770700636942675,10,1.5430838335305452,0.023610668256878853
00571,small-vehicle,full,230,126,237,0,467,356,0.4925053533190578,0.6460674157303371,0.5589307411907655,10,1.5547704100608826,0.05721970275044441
00571,small-vehicle,scale_prior,217,116,250,0,467,333,0.46466809421841543,0.6516516516516516,0.5425,10,1.5468090809881687,0.05160536617040634
00571,small-vehicle,matched,246,125,221,0,467,371,0.5267665952890792,0.6630727762803235,0.5871121718377088,10,1.4466430861502886,0.057737015187740326
00571,small-vehicle,dense_1024,413,249,54,0,467,662,0.8843683083511777,0.6238670694864048,0.7316209034543845,24,3.704362938180566,0.11841885559260845
00571,small-vehicle,dense_both,450,537,17,0,467,987,0.9635974304068522,0.45592705167173253,0.6189821182943603,115,17.41653165780008,0.20661040768027306
00571,swimming-pool,prompt,31,10,41,2,72,43,0.4305555555555556,0.7560975609756098,0.5486725663716814,10,1.5172887425869703,0.00839276798069477
00571,swimming-pool,full,36,11,36,2,72,49,0.5,0.7659574468085106,0.6050420168067226,10,1.5272340066730976,0.01025594025850296
00571,swimming-pool,scale_prior,39,12,33,2,72,53,0.5416666666666666,0.7647058823529411,0.6341463414634146,10,1.427748080343008,0.011088740080595016
00571,swimming-pool,matched,37,10,35,2,72,49,0.5138888888888888,0.7872340425531915,0.6218487394957983,10,1.4202040378004313,0.010358292609453201
00571,swimming-pool,dense_1024,68,29,4,3,72,100,0.9444444444444444,0.7010309278350515,0.8047337278106509,24,3.704362938180566,0.019702203571796417
00571,swimming-pool,dense_both,67,52,5,3,72,122,0.9305555555555556,0.5630252100840336,0.7015706806282722,115,17.41653165780008,0.0312889963388443
00572,airplane,prompt,17,6,10,4,27,27,0.6296296296296297,0.7391304347826086,0.68,10,1.211449470371008,0.0057736169546842575
00572,airplane,full,23,10,4,4,27,37,0.8518518518518519,0.696969696969697,0.7666666666666667,10,1.2118676342070103,0.0076475590467453
00572,airplane,scale_prior,23,9,4,4,27,36,0.8518518518518519,0.71875,0.7796610169491526,10,1.214815340936184,0.007569272071123123
00572,airplane,matched,21,9,6,4,27,34,0.7777777777777778,0.7,0.7368421052631579,10,1.2128611598163843,0.0071500204503536224
00572,airplane,dense_1024,23,13,4,4,27,40,0.8518518518518519,0.6388888888888888,0.7301587301587301,24,2.9252777583897114,0.00948360189795494
00572,airplane,dense_both,25,15,2,4,27,44,0.9259259259259259,0.625,0.746268656716418,115,14.465937677770853,0.01291932538151741
00572,large-vehicle,prompt,0,2,9,0,9,2,0.0,0.0,0.0,10,1.3017056602984667,0.0003995038568973541
00572,large-vehicle,full,0,27,9,0,9,27,0.0,0.0,0.0,10,1.2283045556396246,0.003548586741089821
00572,large-vehicle,scale_prior,3,26,6,0,9,29,0.3333333333333333,0.10344827586206896,0.15789473684210525,10,1.3271051030606031,0.00374675914645195
00572,large-vehicle,matched,3,31,6,0,9,34,0.3333333333333333,0.08823529411764706,0.13953488372093023,10,1.2257408685982227,0.004567315801978111
00572,large-vehicle,dense_1024,3,61,6,0,9,64,0.3333333333333333,0.046875,0.0821917808219178,24,2.9252777583897114,0.00889931246638298
00572,large-vehicle,dense_both,5,67,4,0,9,72,0.5555555555555556,0.06944444444444445,0.12345679012345678,115,14.465937677770853,0.010993514209985733
00572,small-vehicle,prompt,112,54,570,0,682,166,0.16422287390029325,0.6746987951807228,0.2641509433962264,10,1.4094164986163378,0.03688030131161213
00572,small-vehicle,full,0,24,682,0,682,24,0.0,0.0,0.0,10,1.3009760361164808,0.003777790814638138
00572,small-vehicle,scale_prior,0,26,682,0,682,26,0.0,0.0,0.0,10,1.306417679414153,0.003737321123480797
00572,small-vehicle,matched,0,45,682,0,682,45,0.0,0.0,0.0,10,1.1958972606807947,0.013288451358675957
00572,small-vehicle,dense_1024,2,91,680,0,682,93,0.002932551319648094,0.021505376344086023,0.005161290322580645,24,2.9252777583897114,0.02618103101849556
00572,small-vehicle,dense_both,338,357,344,0,682,695,0.49560117302052786,0.48633093525179855,0.49092229484386346,115,14.465937677770853,0.16190777532756329
00572,storage-tank,prompt,3,1,0,0,3,4,1.0,0.75,0.8571428571428571,10,1.4067775271832943,0.0008499044924974442
00572,storage-tank,full,3,4,0,0,3,7,1.0,0.42857142857142855,0.6,10,1.3042528871446848,0.001148216426372528
00572,storage-tank,scale_prior,3,4,0,0,3,7,1.0,0.42857142857142855,0.6,10,1.3046685792505741,0.00109902024269104
00572,storage-tank,matched,3,4,0,0,3,7,1.0,0.42857142857142855,0.6,10,1.3046685792505741,0.0011181477457284927
00572,storage-tank,dense_1024,3,7,0,0,3,10,1.0,0.3,0.46153846153846156,24,2.9252777583897114,0.002074992284178734
00572,storage-tank,dense_both,3,8,0,0,3,11,1.0,0.2727272727272727,0.42857142857142855,115,14.465937677770853,0.0025738831609487534
00575,large-vehicle,prompt,2,19,3,0,5,21,0.4,0.09523809523809523,0.15384615384615385,10,1.2140878662467003,0.00339679978787899
00575,large-vehicle,full,3,30,2,0,5,33,0.6,0.09090909090909091,0.15789473684210525,10,1.415507359430194,0.004854682832956314
00575,large-vehicle,scale_prior,3,26,2,1,5,30,0.6,0.10344827586206896,0.17647058823529413,10,1.4078355617821217,0.004348082467913628
00575,large-vehicle,matched,3,24,2,1,5,28,0.6,0.1111111111111111,0.1875,10,1.3094032909721136,0.004062158986926079
00575,large-vehicle,dense_1024,4,33,1,1,5,38,0.8,0.10810810810810811,0.19047619047619047,24,3.470576921477914,0.005773453041911125
00575,large-vehicle,dense_both,4,68,1,2,5,74,0.8,0.05555555555555555,0.1038961038961039,115,16.4520366191864,0.0122655238956213
00575,small-vehicle,prompt,131,67,189,0,320,198,0.409375,0.6616161616161617,0.5057915057915058,10,1.2041452508419752,0.03259752318263054
00575,small-vehicle,full,227,98,93,0,320,325,0.709375,0.6984615384615385,0.703875968992248,10,1.3091064672917128,0.056054456159472466
00575,small-vehicle,scale_prior,210,104,110,0,320,314,0.65625,0.6687898089171974,0.6624605678233438,10,1.2949008587747812,0.05126535892486572
00575,small-vehicle,matched,196,95,124,0,320,291,0.6125,0.6735395189003437,0.6415711947626841,10,1.3037773072719574,0.049251336604356766
00575,small-vehicle,dense_1024,302,174,18,1,320,477,0.94375,0.634453781512605,0.7587939698492462,24,3.470576921477914,0.08565129153430462
00575,small-vehicle,dense_both,310,345,10,2,320,657,0.96875,0.4732824427480916,0.6358974358974359,115,16.4520366191864,0.14231505244970322
00575,storage-tank,prompt,0,1,4,0,4,1,0.0,0.0,0.0,10,1.4027488194406033,0.00018529407680034637
00575,storage-tank,full,0,2,4,0,4,2,0.0,0.0,0.0,10,1.2982018683105707,0.00024664774537086487
00575,storage-tank,scale_prior,0,2,4,0,4,2,0.0,0.0,0.0,10,1.291757183149457,0.0003968384116888046
00575,storage-tank,matched,0,1,4,0,4,1,0.0,0.0,0.0,10,1.3040495682507753,0.0001700073480606079
00575,storage-tank,dense_1024,0,2,4,0,4,2,0.0,0.0,0.0,24,3.470576921477914,0.0004118606448173523
00575,storage-tank,dense_both,0,15,4,0,4,15,0.0,0.0,0.0,115,16.4520366191864,0.0023061633110046387
00575,swimming-pool,prompt,36,16,82,1,118,53,0.3050847457627119,0.6923076923076923,0.4235294117647059,10,1.8129982575774193,0.008231787011027336
00575,swimming-pool,full,68,25,50,1,118,94,0.576271186440678,0.7311827956989247,0.6445497630331753,10,1.381882444024086,0.01561855897307396
00575,swimming-pool,scale_prior,69,29,49,2,118,100,0.5847457627118644,0.7040816326530612,0.6388888888888888,10,1.3930277712643147,0.016259046271443367
00575,swimming-pool,matched,58,30,60,2,118,90,0.4915254237288136,0.6590909090909091,0.5631067961165048,10,1.4911894723773003,0.014838699251413345
00575,swimming-pool,dense_1024,116,46,2,2,118,164,0.9830508474576272,0.7160493827160493,0.8285714285714286,24,3.470576921477914,0.031310345977544785
00575,swimming-pool,dense_both,115,80,3,2,118,197,0.9745762711864406,0.5897435897435898,0.7348242811501597,115,16.4520366191864,0.04875775799155235
00599,airplane,prompt,8,2,10,0,18,10,0.4444444444444444,0.8,0.5714285714285714,10,1.4498684220016003,0.0027374383062124252
00599,airplane,full,11,6,7,0,18,17,0.6111111111111112,0.6470588235294118,0.6285714285714286,10,1.3460370507091284,0.0045025534927845
00599,airplane,scale_prior,10,5,8,0,18,15,0.5555555555555556,0.6666666666666666,0.6060606060606061,10,1.3537124209105968,0.0036440324038267136
00599,airplane,matched,11,5,7,0,18,16,0.6111111111111112,0.6875,0.6470588235294118,10,1.349511455744505,0.003991067409515381
00599,airplane,dense_1024,15,6,3,0,18,21,0.8333333333333334,0.7142857142857143,0.7692307692307693,24,3.1709981951862574,0.0046456363052129745
00599,airplane,dense_both,15,9,3,0,18,24,0.8333333333333334,0.625,0.7142857142857143,115,14.405374575406313,0.007024591788649559
00599,large-vehicle,prompt,2,141,17,0,19,143,0.10526315789473684,0.013986013986013986,0.024691358024691357,10,1.3048613090068102,0.02381828799843788
00599,large-vehicle,full,1,139,18,0,19,140,0.05263157894736842,0.007142857142857143,0.012578616352201259,10,1.5163543652743101,0.018734289333224297
00599,large-vehicle,scale_prior,1,132,18,0,19,133,0.05263157894736842,0.007518796992481203,0.013157894736842105,10,1.569446014240384,0.020213384181261063
00599,large-vehicle,matched,1,88,18,0,19,89,0.05263157894736842,0.011235955056179775,0.018518518518518517,10,1.5693909097462893,0.011509403586387634
00599,large-vehicle,dense_1024,1,111,18,0,19,112,0.05263157894736842,0.008928571428571428,0.015267175572519083,24,3.1709981951862574,0.018324531614780426
00599,large-vehicle,dense_both,8,255,11,0,19,263,0.42105263157894735,0.030418250950570342,0.05673758865248227,115,14.405374575406313,0.04788067191839218
00599,small-vehicle,prompt,0,32,1,0,1,32,0.0,0.0,0.0,10,1.4101932104676962,0.004165038466453552
00599,small-vehicle,full,0,10,1,0,1,10,0.0,0.0,0.0,10,1.5679848864674568,0.0014756955206394196
00599,small-vehicle,scale_prior,0,19,1,0,1,19,0.0,0.0,0.0,10,1.4621908776462078,0.002694554626941681
00599,small-vehicle,matched,0,12,1,0,1,12,0.0,0.0,0.0,10,1.4657712075859308,0.0016265995800495148
00599,small-vehicle,dense_1024,0,28,1,0,1,28,0.0,0.0,0.0,24,3.1709981951862574,0.00423661433160305
00599,small-vehicle,dense_both,0,233,1,0,1,233,0.0,0.0,0.0,115,14.405374575406313,0.03674821928143501
00599,storage-tank,prompt,2,0,9,0,11,2,0.18181818181818182,1.0,0.3076923076923077,10,1.1999426633119583,0.00038510747253894806
00599,storage-tank,full,2,1,9,0,11,3,0.18181818181818182,0.6666666666666666,0.2857142857142857,10,1.2054530587047338,0.00048351287841796875
00599,storage-tank,scale_prior,0,2,11,0,11,2,0.0,0.0,0.0,10,1.4665321987122297,0.00029293447732925415
00599,storage-tank,matched,0,2,11,0,11,2,0.0,0.0,0.0,10,1.4665321987122297,0.00028261542320251465
00599,storage-tank,dense_1024,9,7,2,0,11,16,0.8181818181818182,0.5625,0.6666666666666666,24,3.1709981951862574,0.0028212908655405045
00599,storage-tank,dense_both,11,13,0,0,11,24,1.0,0.4583333333333333,0.6285714285714286,115,14.405374575406313,0.005408218130469322
00599,swimming-pool,prompt,1,5,15,0,16,6,0.0625,0.16666666666666666,0.09090909090909091,10,1.205365488305688,0.0012833122164011002
00599,swimming-pool,full,1,3,15,0,16,4,0.0625,0.25,0.1,10,1.3126603923738003,0.0010620858520269394
00599,swimming-pool,scale_prior,0,3,16,0,16,3,0.0,0.0,0.0,10,1.2091103978455067,0.0009383168071508408
00599,swimming-pool,matched,0,3,16,0,16,3,0.0,0.0,0.0,10,1.2091103978455067,0.0009235721081495285
00599,swimming-pool,dense_1024,1,3,15,0,16,4,0.0625,0.25,0.1,24,3.1709981951862574,0.0012728199362754822
00599,swimming-pool,dense_both,2,6,14,0,16,8,0.125,0.25,0.16666666666666666,115,14.405374575406313,0.0023057442158460617
00614,large-vehicle,prompt,2,5,38,1,40,8,0.05,0.2857142857142857,0.0851063829787234,10,1.7205512560904026,0.0014902260154485703
00614,large-vehicle,full,4,51,36,4,40,59,0.1,0.07272727272727272,0.08421052631578947,10,1.4015366360545158,0.00769832544028759
00614,large-vehicle,scale_prior,4,49,36,4,40,57,0.1,0.07547169811320754,0.08602150537634409,10,1.510150708258152,0.007881352677941322
00614,large-vehicle,matched,4,49,36,4,40,57,0.1,0.07547169811320754,0.08602150537634409,10,1.510150708258152,0.007837807759642601
00614,large-vehicle,dense_1024,8,60,32,4,40,72,0.2,0.11764705882352941,0.14814814814814814,24,3.4886761363595724,0.011393742635846138
00614,large-vehicle,dense_both,11,80,29,5,40,96,0.275,0.12087912087912088,0.16793893129770993,115,16.670280996710062,0.016028976067900658
00614,ship,prompt,2,12,0,0,2,14,1.0,0.14285714285714285,0.25,10,1.4970872215926647,0.0019992459565401077
00614,ship,full,2,10,0,0,2,12,1.0,0.16666666666666666,0.2857142857142857,10,1.498256979510188,0.0016826000064611435
00614,ship,scale_prior,1,6,1,0,2,7,0.5,0.14285714285714285,0.2222222222222222,10,1.6022796798497438,0.0009551849216222763
00614,ship,matched,2,12,0,0,2,14,1.0,0.14285714285714285,0.25,10,1.4915137980133295,0.001889880746603012
00614,ship,dense_1024,1,1,1,0,2,2,0.5,0.5,0.5,24,3.4886761363595724,0.00037592649459838867
00614,ship,dense_both,2,34,0,1,2,37,1.0,0.05555555555555555,0.10526315789473684,115,16.670280996710062,0.004984663799405098
00614,small-vehicle,prompt,3,82,30,2,33,87,0.09090909090909091,0.03529411764705882,0.05084745762711865,10,1.6035491805523634,0.01011713407933712
00614,small-vehicle,full,0,11,33,0,33,11,0.0,0.0,0.0,10,1.5072520729154348,0.0015825815498828888
00614,small-vehicle,scale_prior,0,28,33,2,33,30,0.0,0.0,0.0,10,1.407922437414527,0.003846488893032074
00614,small-vehicle,matched,0,12,33,0,33,12,0.0,0.0,0.0,10,1.5095159392803907,0.0016388241201639175
00614,small-vehicle,dense_1024,0,19,33,1,33,20,0.0,0.0,0.0,24,3.4886761363595724,0.003409765660762787
00614,small-vehicle,dense_both,11,504,22,2,33,517,0.3333333333333333,0.021359223300970873,0.040145985401459854,115,16.670280996710062,0.07801000028848648
00614,storage-tank,prompt,56,23,177,13,233,92,0.24034334763948498,0.7088607594936709,0.358974358974359,10,1.4938575681298971,0.01856306381523609
00614,storage-tank,full,83,20,150,13,233,116,0.3562231759656652,0.8058252427184466,0.49404761904761907,10,1.385861860588193,0.021048475056886673
00614,storage-tank,scale_prior,95,25,138,13,233,133,0.40772532188841204,0.7916666666666666,0.5382436260623229,10,1.3881089482456446,0.024315372109413147
00614,storage-tank,matched,83,20,150,13,233,116,0.3562231759656652,0.8058252427184466,0.49404761904761907,10,1.385861860588193,0.021249229088425636
00614,storage-tank,dense_1024,132,34,101,13,233,179,0.5665236051502146,0.7951807228915663,0.6616541353383458,24,3.4886761363595724,0.03218998201191425
00614,storage-tank,dense_both,159,88,74,13,233,260,0.6824034334763949,0.6437246963562753,0.6625,115,16.670280996710062,0.06012446992099285
00627,large-vehicle,prompt,0,6,20,0,20,6,0.0,0.0,0.0,10,1.215017018839717,0.0011410675942897797
00627,large-vehicle,full,0,0,20,0,20,0,0.0,0.0,0.0,10,1.4193612094968557,7.418543100357056e-05
00627,large-vehicle,scale_prior,0,0,20,0,20,0,0.0,0.0,0.0,10,1.2148581128567457,6.110966205596924e-05
00627,large-vehicle,matched,0,0,20,0,20,0,0.0,0.0,0.0,10,1.3157241139560938,5.7658180594444275e-05
00627,large-vehicle,dense_1024,0,3,20,0,20,3,0.0,0.0,0.0,24,3.071036783978343,0.00042013823986053467
00627,large-vehicle,dense_both,2,16,18,0,20,18,0.1,0.1111111111111111,0.10526315789473684,115,14.533815793693066,0.0029211603105068207
00627,small-vehicle,prompt,0,11,100,0,100,11,0.0,0.0,0.0,10,1.4203136023133993,0.0013323724269866943
00627,small-vehicle,full,0,2,100,0,100,2,0.0,0.0,0.0,10,1.2161796037107706,0.000621110200881958
00627,small-vehicle,scale_prior,0,0,100,0,100,0,0.0,0.0,0.0,10,1.2122877668589354,0.00020941905677318573
00627,small-vehicle,matched,0,0,100,0,100,0,0.0,0.0,0.0,10,1.2104655429720879,0.00019440054893493652
00627,small-vehicle,dense_1024,0,5,100,0,100,5,0.0,0.0,0.0,24,3.071036783978343,0.0009518973529338837
00627,small-vehicle,dense_both,1,97,99,0,100,98,0.01,0.01020408163265306,0.010101010101010102,115,14.533815793693066,0.012337388470768929
00627,storage-tank,prompt,130,3,112,6,242,139,0.5371900826446281,0.9774436090225563,0.6933333333333334,10,1.2120820097625256,0.023764437064528465
00627,storage-tank,full,151,9,91,6,242,166,0.6239669421487604,0.94375,0.7512437810945274,10,1.3090334217995405,0.036637308076024055
00627,storage-tank,scale_prior,138,14,104,6,242,158,0.5702479338842975,0.9078947368421053,0.700507614213198,10,1.2067478746175766,0.033705808222293854
00627,storage-tank,matched,138,14,104,6,242,158,0.5702479338842975,0.9078947368421053,0.700507614213198,10,1.2075329031795263,0.03370889276266098
00627,storage-tank,dense_1024,192,18,50,6,242,216,0.7933884297520661,0.9142857142857143,0.8495575221238938,24,3.071036783978343,0.05056833662092686
00627,storage-tank,dense_both,226,31,16,6,242,263,0.9338842975206612,0.8793774319066148,0.905811623246493,115,14.533815793693066,0.06715811230242252
00638,airplane,prompt,63,2,75,2,138,67,0.45652173913043476,0.9692307692307692,0.6206896551724138,10,1.3316468559205532,0.01680608280003071
00638,airplane,full,112,9,26,2,138,123,0.8115942028985508,0.9256198347107438,0.8648648648648649,10,1.3573193363845348,0.031896816566586494
00638,airplane,scale_prior,75,8,63,2,138,85,0.5434782608695652,0.9036144578313253,0.6787330316742082,10,1.4653133992105722,0.021066928282380104
00638,airplane,matched,75,8,63,2,138,85,0.5434782608695652,0.9036144578313253,0.6787330316742082,10,1.4653133992105722,0.020883716642856598
00638,airplane,dense_1024,117,15,21,2,138,134,0.8478260869565217,0.8863636363636364,0.8666666666666667,24,3.5061069298535585,0.03519510291516781
00638,airplane,dense_both,131,16,7,2,138,149,0.9492753623188406,0.891156462585034,0.9192982456140351,128,17.25864146836102,0.04941377229988575
00638,large-vehicle,prompt,1,1,10,0,11,2,0.09090909090909091,0.5,0.15384615384615385,10,1.3788028173148632,0.00038114190101623535
00638,large-vehicle,full,1,1,10,0,11,2,0.09090909090909091,0.5,0.15384615384615385,10,1.4323499239981174,0.0004751328378915787
00638,large-vehicle,scale_prior,0,2,11,0,11,2,0.0,0.0,0.0,10,1.562025086954236,0.00043862685561180115
00638,large-vehicle,matched,1,1,10,0,11,2,0.09090909090909091,0.5,0.15384615384615385,10,1.4304840303957462,0.00041872821748256683
00638,large-vehicle,dense_1024,4,12,7,0,11,16,0.36363636363636365,0.25,0.2962962962962963,24,3.5061069298535585,0.0033235792070627213
00638,large-vehicle,dense_both,5,24,6,0,11,29,0.45454545454545453,0.1724137931034483,0.25,128,17.25864146836102,0.0058070700615644455
00638,small-vehicle,prompt,61,102,178,0,239,163,0.25523012552301255,0.37423312883435583,0.3034825870646766,10,1.4127074088901281,0.02764182910323143
00638,small-vehicle,full,1,37,238,11,239,49,0.0041841004184100415,0.02631578947368421,0.007220216606498195,10,1.5059137009084225,0.0074127353727817535
00638,small-vehicle,scale_prior,49,106,190,13,239,168,0.20502092050209206,0.3161290322580645,0.24873096446700507,10,1.511334603652358,0.027644271031022072
00638,small-vehicle,matched,49,108,190,11,239,168,0.20502092050209206,0.31210191082802546,0.2474747474747475,10,1.3998556155711412,0.027363497763872147
00638,small-vehicle,dense_1024,3,97,236,36,239,136,0.012552301255230125,0.03,0.017699115044247787,24,3.5061069298535585,0.029708117246627808
00638,small-vehicle,dense_both,183,701,56,329,239,1213,0.7656903765690377,0.20701357466063347,0.3259127337488869,128,17.25864146836102,0.2741066478192806
00640,large-vehicle,prompt,15,7,13,0,28,22,0.5357142857142857,0.6818181818181818,0.6,10,1.1936610247939825,0.004135550931096077
00640,large-vehicle,full,14,25,14,0,28,39,0.5,0.358974358974359,0.417910447761194,10,1.2900659646838903,0.006056206300854683
00640,large-vehicle,scale_prior,15,17,13,0,28,32,0.5357142857142857,0.46875,0.5,10,1.2970265038311481,0.0050561316311359406
00640,large-vehicle,matched,15,17,13,0,28,32,0.5357142857142857,0.46875,0.5,10,1.2970265038311481,0.005073990672826767
00640,large-vehicle,dense_1024,23,31,5,0,28,54,0.8214285714285714,0.42592592592592593,0.5609756097560976,24,3.007947601377964,0.009660489857196808
00640,large-vehicle,dense_both,24,45,4,0,28,69,0.8571428571428571,0.34782608695652173,0.4948453608247423,115,14.491603521630168,0.014503039419651031
00640,small-vehicle,prompt,31,21,97,0,128,52,0.2421875,0.5961538461538461,0.34444444444444444,10,1.53338417224586,0.00792892836034298
00640,small-vehicle,full,59,27,69,0,128,86,0.4609375,0.686046511627907,0.5514018691588785,10,1.3037312123924494,0.01576978899538517
00640,small-vehicle,scale_prior,59,32,69,0,128,91,0.4609375,0.6483516483516484,0.5388127853881278,10,1.2084196899086237,0.01524234376847744
00640,small-vehicle,matched,59,32,69,0,128,91,0.4609375,0.6483516483516484,0.5388127853881278,10,1.2084196899086237,0.01513354480266571
00640,small-vehicle,dense_1024,127,67,1,0,128,194,0.9921875,0.654639175257732,0.7888198757763976,24,3.007947601377964,0.0366916935890913
00640,small-vehicle,dense_both,128,86,0,0,128,214,1.0,0.5981308411214953,0.7485380116959064,115,14.491603521630168,0.05151916667819023
00642,airplane,prompt,21,0,4,0,25,21,0.84,1.0,0.9130434782608695,10,1.1611086037009954,0.004147054627537727
00642,airplane,full,23,0,2,0,25,23,0.92,1.0,0.9583333333333334,10,1.2794104591012,0.004751201719045639
00642,airplane,scale_prior,9,5,16,0,25,14,0.36,0.6428571428571429,0.46153846153846156,10,1.2798733673989773,0.0022752247750759125
00642,airplane,matched,19,4,6,0,25,23,0.76,0.8260869565217391,0.7916666666666666,10,1.1639010775834322,0.004086542874574661
00642,airplane,dense_1024,25,5,0,0,25,30,1.0,0.8333333333333334,0.9090909090909091,24,3.175207296386361,0.006773367524147034
00642,airplane,dense_both,25,8,0,0,25,33,1.0,0.7575757575757576,0.8620689655172413,115,15.12497522868216,0.009231163188815117
00642,large-vehicle,prompt,0,13,6,0,6,13,0.0,0.0,0.0,10,1.267669403925538,0.001676451414823532
00642,large-vehicle,full,1,22,5,0,6,23,0.16666666666666666,0.043478260869565216,0.06896551724137931,10,1.2604954112321138,0.0031450726091861725
00642,large-vehicle,scale_prior,1,24,5,0,6,25,0.16666666666666666,0.04,0.06451612903225806,10,1.127959344536066,0.0033527929335832596
00642,large-vehicle,matched,1,24,5,0,6,25,0.16666666666666666,0.04,0.06451612903225806,10,1.127959344536066,0.0032992586493492126
00642,large-vehicle,dense_1024,1,50,5,0,6,51,0.16666666666666666,0.0196078431372549,0.03508771929824561,24,3.175207296386361,0.007107477635145187
00642,large-vehicle,dense_both,1,54,5,0,6,55,0.16666666666666666,0.01818181818181818,0.03278688524590164,115,15.12497522868216,0.010186741128563881
00642,small-vehicle,prompt,6,21,328,0,334,27,0.017964071856287425,0.2222222222222222,0.0332409972299169,10,1.1467981282621622,0.005300119519233704
00642,small-vehicle,full,2,29,332,0,334,31,0.005988023952095809,0.06451612903225806,0.010958904109589041,10,1.273913647979498,0.005466073751449585
00642,small-vehicle,scale_prior,5,59,329,0,334,64,0.014970059880239521,0.078125,0.02512562814070352,10,1.2626583259552717,0.01019860990345478
00642,small-vehicle,matched,5,55,329,0,334,60,0.014970059880239521,0.08333333333333333,0.025380710659898477,10,1.1438425555825233,0.00970531813800335
00642,small-vehicle,dense_1024,8,91,326,0,334,99,0.023952095808383235,0.08080808080808081,0.03695150115473441,24,3.175207296386361,0.01903218775987625
00642,small-vehicle,dense_both,247,229,87,0,334,476,0.7395209580838323,0.5189075630252101,0.6098765432098765,115,15.12497522868216,0.09648393094539642
00642,storage-tank,prompt,1,0,1,0,2,1,0.5,1.0,0.6666666666666666,10,1.014938386157155,0.0002172086387872696
00642,storage-tank,full,1,1,1,0,2,2,0.5,0.5,0.5,10,1.3645337987691164,0.0003929324448108673
00642,storage-tank,scale_prior,1,1,1,0,2,2,0.5,0.5,0.5,10,1.3532469309866428,0.00030403584241867065
00642,storage-tank,matched,1,1,1,0,2,2,0.5,0.5,0.5,10,1.3532469309866428,0.00029692426323890686
00642,storage-tank,dense_1024,1,3,1,0,2,4,0.5,0.25,0.3333333333333333,24,3.175207296386361,0.00066370889544487
00642,storage-tank,dense_both,1,3,1,0,2,4,0.5,0.25,0.3333333333333333,115,15.12497522868216,0.0008433554321527481
00647,helicopter,prompt,0,0,15,0,15,0,0.0,0.0,0.0,10,1.439642384648323,6.810389459133148e-05
00647,helicopter,full,0,0,15,0,15,0,0.0,0.0,0.0,10,1.2841943763196468,5.6687742471694946e-05
00647,helicopter,scale_prior,0,0,15,0,15,0,0.0,0.0,0.0,10,1.435705740004778,4.265643656253815e-05
00647,helicopter,matched,0,0,15,0,15,0,0.0,0.0,0.0,10,1.4378661923110485,4.143267869949341e-05
00647,helicopter,dense_1024,13,0,2,0,15,13,0.8666666666666667,1.0,0.9285714285714286,24,3.2786642592400312,0.0024621449410915375
00647,helicopter,dense_both,15,0,0,0,15,15,1.0,1.0,1.0,115,15.437619930133224,0.004852715879678726
00647,large-vehicle,prompt,6,16,94,0,100,22,0.06,0.2727272727272727,0.09836065573770492,10,1.4972995519638062,0.0033627133816480637
00647,large-vehicle,full,4,38,96,0,100,42,0.04,0.09523809523809523,0.056338028169014086,10,1.283417521044612,0.006654798984527588
00647,large-vehicle,scale_prior,4,16,96,0,100,20,0.04,0.2,0.06666666666666667,10,1.435159556567669,0.0029180292040109634
00647,large-vehicle,matched,4,16,96,0,100,20,0.04,0.2,0.06666666666666667,10,1.435159556567669,0.0029360484331846237
00647,large-vehicle,dense_1024,10,64,90,0,100,74,0.1,0.13513513513513514,0.11494252873563218,24,3.2786642592400312,0.014670128002762794
00647,large-vehicle,dense_both,21,88,79,0,100,109,0.21,0.1926605504587156,0.20095693779904306,115,15.437619930133224,0.02221381664276123
00647,small-vehicle,prompt,9,9,333,0,342,18,0.02631578947368421,0.5,0.05,10,1.5988281164318323,0.003455840051174164
00647,small-vehicle,full,0,16,342,0,342,16,0.0,0.0,0.0,10,1.4420928303152323,0.003957066684961319
00647,small-vehicle,scale_prior,0,4,342,0,342,4,0.0,0.0,0.0,10,1.3436793088912964,0.001540476456284523
00647,small-vehicle,matched,0,4,342,0,342,4,0.0,0.0,0.0,10,1.3410859536379576,0.0015707984566688538
00647,small-vehicle,dense_1024,0,29,342,0,342,29,0.0,0.0,0.0,24,3.2786642592400312,0.0058179814368486404
00647,small-vehicle,dense_both,194,146,148,0,342,340,0.5672514619883041,0.5705882352941176,0.5689149560117303,115,15.437619930133224,0.0702588390558958
00658,large-vehicle,prompt,1,2,6,3,7,6,0.14285714285714285,0.3333333333333333,0.2,10,1.4516663383692503,0.0018070116639137268
00658,large-vehicle,full,1,2,6,3,7,6,0.14285714285714285,0.3333333333333333,0.2,10,1.436766205355525,0.001522039994597435
00658,large-vehicle,scale_prior,1,2,6,3,7,6,0.14285714285714285,0.3333333333333333,0.2,10,1.4910500422120094,0.0014925599098205566
00658,large-vehicle,matched,1,2,6,3,7,6,0.14285714285714285,0.3333333333333333,0.2,10,1.4910500422120094,0.0014807134866714478
00658,large-vehicle,dense_1024,1,2,6,3,7,6,0.14285714285714285,0.3333333333333333,0.2,24,3.895151885226369,0.0014987345784902573
00658,large-vehicle,dense_both,1,2,6,3,7,6,0.14285714285714285,0.3333333333333333,0.2,115,17.393147885799408,0.0016890522092580795
00672,airplane,prompt,21,8,12,11,33,40,0.6363636363636364,0.7241379310344828,0.6774193548387096,10,1.350483912974596,0.01398988626897335
00672,airplane,full,26,8,7,17,33,51,0.7878787878787878,0.7647058823529411,0.7761194029850746,10,1.404170673340559,0.02008659392595291
00672,airplane,scale_prior,21,9,12,15,33,45,0.6363636363636364,0.7,0.6666666666666666,10,1.4071286749094725,0.018336815759539604
00672,airplane,matched,21,9,12,15,33,45,0.6363636363636364,0.7,0.6666666666666666,10,1.4071286749094725,0.018227996304631233
00672,airplane,dense_1024,24,10,9,16,33,50,0.7272727272727273,0.7058823529411765,0.7164179104477612,24,3.3118178974837065,0.01957297883927822
00672,airplane,dense_both,28,12,5,18,33,58,0.8484848484848485,0.7,0.7671232876712328,115,14.871974904090166,0.025907021015882492
00672,helicopter,prompt,0,0,2,0,2,0,0.0,0.0,0.0,10,1.2726157754659653,6.110779941082001e-05
00672,helicopter,full,1,0,1,0,2,1,0.5,1.0,0.6666666666666666,10,1.3691491428762674,0.00023615360260009766
00672,helicopter,scale_prior,1,0,1,0,2,1,0.5,1.0,0.6666666666666666,10,1.495384318754077,0.00022604689002037048
00672,helicopter,matched,0,0,2,0,2,0,0.0,0.0,0.0,10,1.3313839510083199,5.1116570830345154e-05
00672,helicopter,dense_1024,1,0,1,0,2,1,0.5,1.0,0.6666666666666666,24,3.3118178974837065,0.0003334619104862213
00672,helicopter,dense_both,2,2,0,0,2,4,1.0,0.5,0.6666666666666666,115,14.871974904090166,0.001460367813706398
00672,large-vehicle,prompt,1,14,6,0,7,15,0.14285714285714285,0.06666666666666667,0.09090909090909091,10,1.3241381775587797,0.0021650511771440506
00672,large-vehicle,full,4,31,3,0,7,35,0.5714285714285714,0.11428571428571428,0.19047619047619047,10,1.2604343723505735,0.005073120817542076
00672,large-vehicle,scale_prior,4,26,3,0,7,30,0.5714285714285714,0.13333333333333333,0.21621621621621623,10,1.2616671845316887,0.004009060561656952
00672,large-vehicle,matched,4,27,3,0,7,31,0.5714285714285714,0.12903225806451613,0.21052631578947367,10,1.2611562106758356,0.004468601197004318
00672,large-vehicle,dense_1024,7,38,0,0,7,45,1.0,0.15555555555555556,0.2692307692307692,24,3.3118178974837065,0.007015660405158997
00672,large-vehicle,dense_both,7,62,0,1,7,70,1.0,0.10144927536231885,0.18421052631578946,115,14.871974904090166,0.011722816154360771
00672,small-vehicle,prompt,373,145,139,0,512,518,0.728515625,0.7200772200772201,0.7242718446601941,10,1.2297255489975214,0.13039287738502026
00672,small-vehicle,full,28,83,484,0,512,111,0.0546875,0.25225225225225223,0.0898876404494382,10,1.3172024358063936,0.03147010877728462
00672,small-vehicle,scale_prior,32,79,480,0,512,111,0.0625,0.2882882882882883,0.10272873194221509,10,1.3166366778314114,0.027568789198994637
00672,small-vehicle,matched,20,56,492,0,512,76,0.0390625,0.2631578947368421,0.06802721088435375,10,1.2631822247058153,0.01889331266283989
00672,small-vehicle,dense_1024,0,60,512,0,512,60,0.0,0.0,0.0,24,3.3118178974837065,0.022886667400598526
00672,small-vehicle,dense_both,458,441,54,9,512,908,0.89453125,0.5094549499443827,0.6491849751948973,115,14.871974904090166,0.26149008981883526
00672,storage-tank,prompt,0,3,3,0,3,3,0.0,0.0,0.0,10,1.3132288716733456,0.0005904845893383026
00672,storage-tank,full,2,5,1,0,3,7,0.6666666666666666,0.2857142857142857,0.4,10,1.1472885180264711,0.0010581202805042267
00672,storage-tank,scale_prior,2,5,1,0,3,7,0.6666666666666666,0.2857142857142857,0.4,10,1.2473029345273972,0.000812280923128128
00672,storage-tank,matched,2,4,1,0,3,6,0.6666666666666666,0.3333333333333333,0.4444444444444444,10,1.3474329244345427,0.0007387734949588776
00672,storage-tank,dense_1024,3,7,0,0,3,10,1.0,0.3,0.46153846153846156,24,3.3118178974837065,0.0014457479119300842
00672,storage-tank,dense_both,3,12,0,0,3,15,1.0,0.2,0.3333333333333333,115,14.871974904090166,0.0023876968771219254
00685,large-vehicle,prompt,28,155,108,0,136,183,0.20588235294117646,0.15300546448087432,0.1755485893416928,10,1.2337331473827362,0.02492644637823105
00685,large-vehicle,full,103,187,33,1,136,291,0.7573529411764706,0.35517241379310344,0.4835680751173709,10,1.3536741603165865,0.04489649645984173
00685,large-vehicle,scale_prior,88,163,48,1,136,252,0.6470588235294118,0.350597609561753,0.45478036175710596,10,1.2446788791567087,0.03926977701485157
00685,large-vehicle,matched,92,175,44,1,136,268,0.6764705882352942,0.3445692883895131,0.456575682382134,10,1.2470335327088833,0.04203638434410095
00685,large-vehicle,dense_1024,126,340,10,1,136,467,0.9264705882352942,0.2703862660944206,0.4186046511627907,24,3.1581745762377977,0.08093918487429619
00685,large-vehicle,dense_both,131,605,5,1,136,737,0.9632352941176471,0.17798913043478262,0.30045871559633025,115,15.066409392282367,0.1570792868733406
00685,small-vehicle,prompt,118,72,291,0,409,190,0.2885085574572127,0.6210526315789474,0.39398998330550916,10,1.0292157921940088,0.028563087806105614
00685,small-vehicle,full,270,146,139,2,409,418,0.6601466992665037,0.6490384615384616,0.6545454545454545,10,1.3748629819601774,0.06776737980544567
00685,small-vehicle,scale_prior,301,151,108,2,409,454,0.7359413202933985,0.665929203539823,0.6991869918699187,10,1.2512046284973621,0.07379566691815853
00685,small-vehicle,matched,316,169,93,2,409,487,0.7726161369193154,0.6515463917525773,0.7069351230425056,10,1.2535592820495367,0.07860886678099632
00685,small-vehicle,dense_1024,364,225,45,2,409,591,0.8899755501222494,0.6179966044142614,0.7294589178356713,24,3.1581745762377977,0.11413968354463577
00685,small-vehicle,dense_both,404,427,5,2,409,833,0.9877750611246944,0.4861612515042118,0.6516129032258065,115,15.066409392282367,0.19187218323349953
00702,helicopter,prompt,0,0,3,0,3,0,0.0,0.0,0.0,10,1.2138609606772661,4.3548643589019775e-05
00702,helicopter,full,1,2,2,0,3,3,0.3333333333333333,0.3333333333333333,0.3333333333333333,10,1.2157635781913996,0.0007742512971162796
00702,helicopter,scale_prior,0,0,3,0,3,0,0.0,0.0,0.0,10,1.3185691386461258,4.1389837861061096e-05
00702,helicopter,matched,0,0,3,0,3,0,0.0,0.0,0.0,10,1.3215573262423277,4.0045008063316345e-05
00702,helicopter,dense_1024,1,2,2,0,3,3,0.3333333333333333,0.3333333333333333,0.3333333333333333,24,3.0391696710139513,0.0006964933127164841
00702,helicopter,dense_both,1,4,2,0,3,5,0.3333333333333333,0.2,0.25,128,16.180322900414467,0.0012071970850229263
00702,storage-tank,prompt,1,0,0,0,1,1,1.0,1.0,1.0,10,1.3139292672276497,0.00026384182274341583
00702,storage-tank,full,1,1,0,0,1,2,1.0,0.5,0.6666666666666666,10,1.2155406810343266,0.00036210380494594574
00702,storage-tank,scale_prior,1,0,0,0,1,1,1.0,1.0,1.0,10,1.11174345202744,0.00018555112183094025
00702,storage-tank,matched,1,0,0,0,1,1,1.0,1.0,1.0,10,1.2073741126805544,0.0002639070153236389
00702,storage-tank,dense_1024,1,1,0,0,1,2,1.0,0.5,0.6666666666666666,24,3.0391696710139513,0.0003037545830011368
00702,storage-tank,dense_both,1,1,0,0,1,2,1.0,0.5,0.6666666666666666,128,16.180322900414467,0.0003974922001361847
00704,large-vehicle,prompt,0,6,8,0,8,6,0.0,0.0,0.0,10,1.2209509145468473,0.0008828230202198029
00704,large-vehicle,full,0,2,8,0,8,2,0.0,0.0,0.0,10,1.446833848953247,0.00038340315222740173
00704,large-vehicle,scale_prior,0,4,8,0,8,4,0.0,0.0,0.0,10,1.4417180120944977,0.0006190799176692963
00704,large-vehicle,matched,0,4,8,0,8,4,0.0,0.0,0.0,10,1.4417180120944977,0.0006298869848251343
00704,large-vehicle,dense_1024,0,9,8,0,8,9,0.0,0.0,0.0,24,3.176110552623868,0.0011985283344984055
00704,large-vehicle,dense_both,1,37,7,0,8,38,0.125,0.02631578947368421,0.043478260869565216,115,14.78657740354538,0.004935076460242271
00704,ship,prompt,11,34,14,1,25,46,0.44,0.24444444444444444,0.3142857142857143,10,1.2313368543982506,0.008306227624416351
00704,ship,full,10,37,15,1,25,48,0.4,0.2127659574468085,0.2777777777777778,10,1.3416790701448917,0.009985359385609627
00704,ship,scale_prior,10,44,15,1,25,55,0.4,0.18518518518518517,0.25316455696202533,10,1.3378052935004234,0.011049078777432442
00704,ship,matched,10,37,15,1,25,48,0.4,0.2127659574468085,0.2777777777777778,10,1.3416790701448917,0.009921340271830559
00704,ship,dense_1024,10,41,15,1,25,52,0.4,0.19607843137254902,0.2631578947368421,24,3.176110552623868,0.011239124462008476
00704,ship,dense_both,12,88,13,1,25,101,0.48,0.12,0.192,115,14.78657740354538,0.021498752757906914
00704,small-vehicle,prompt,0,30,87,0,87,30,0.0,0.0,0.0,10,1.221438329666853,0.0040941014885902405
00704,small-vehicle,full,0,3,87,0,87,3,0.0,0.0,0.0,10,1.551134366542101,0.0005518011748790741
00704,small-vehicle,scale_prior,0,14,87,0,87,14,0.0,0.0,0.0,10,1.313077948987484,0.002080608159303665
00704,small-vehicle,matched,0,6,87,0,87,6,0.0,0.0,0.0,10,1.4174073226749897,0.0008564349263906479
00704,small-vehicle,dense_1024,0,8,87,0,87,8,0.0,0.0,0.0,24,3.176110552623868,0.0011143870651721954
00704,small-vehicle,dense_both,1,167,86,0,87,168,0.011494252873563218,0.005952380952380952,0.00784313725490196,115,14.78657740354538,0.023332173004746437
00704,storage-tank,prompt,249,47,208,0,457,296,0.5448577680525164,0.8412162162162162,0.6613545816733067,10,1.2112746350467205,0.0513912420719862
00704,storage-tank,full,196,59,261,0,457,255,0.4288840262582057,0.7686274509803922,0.550561797752809,10,1.321929631754756,0.04097986780107021
00704,storage-tank,scale_prior,247,61,210,0,457,308,0.5404814004376368,0.801948051948052,0.6457516339869281,10,1.4239714462310076,0.05320095084607601
00704,storage-tank,matched,196,60,261,0,457,256,0.4288840262582057,0.765625,0.5497896213183731,10,1.3204102590680122,0.043480463325977325
00704,storage-tank,dense_1024,150,76,307,0,457,226,0.3282275711159737,0.6637168141592921,0.43923865300146414,24,3.176110552623868,0.043215833604335785
00704,storage-tank,dense_both,331,119,126,0,457,450,0.7242888402625821,0.7355555555555555,0.7298787210584344,115,14.78657740354538,0.10712267644703388
00711,airplane,prompt,13,4,5,0,18,17,0.7222222222222222,0.7647058823529411,0.7428571428571429,10,0.9995393585413694,0.0036180969327688217
00711,airplane,full,14,2,4,0,18,16,0.7777777777777778,0.875,0.8235294117647058,10,1.2556479014456272,0.0034802425652742386
00711,airplane,scale_prior,14,2,4,0,18,16,0.7777777777777778,0.875,0.8235294117647058,10,1.260004673153162,0.0034535713493824005
00711,airplane,matched,14,2,4,0,18,16,0.7777777777777778,0.875,0.8235294117647058,10,1.260004673153162,0.0034708119928836823
00711,airplane,dense_1024,18,4,0,0,18,22,1.0,0.8181818181818182,0.9,24,3.0663495119661093,0.005398353561758995
00711,airplane,dense_both,18,8,0,1,18,27,1.0,0.6923076923076923,0.8181818181818182,115,14.70363031886518,0.0077732279896736145
00711,large-vehicle,prompt,0,5,3,0,3,5,0.0,0.0,0.0,10,1.4559655748307705,0.0007410608232021332
00711,large-vehicle,full,1,5,2,0,3,6,0.3333333333333333,0.16666666666666666,0.2222222222222222,10,1.2539204116910696,0.001145441085100174
00711,large-vehicle,scale_prior,1,4,2,0,3,5,0.3333333333333333,0.2,0.25,10,1.3560677077621222,0.0010510589927434921
00711,large-vehicle,matched,1,4,2,0,3,5,0.3333333333333333,0.2,0.25,10,1.3560677077621222,0.0010620467364788055
00711,large-vehicle,dense_1024,1,10,2,0,3,11,0.3333333333333333,0.09090909090909091,0.14285714285714285,24,3.0663495119661093,0.0019511077553033829
00711,large-vehicle,dense_both,1,13,2,0,3,14,0.3333333333333333,0.07142857142857142,0.11764705882352941,115,14.70363031886518,0.002935156226158142
00711,small-vehicle,prompt,10,40,62,1,72,51,0.1388888888888889,0.2,0.16393442622950818,10,1.410879386588931,0.007459580898284912
00711,small-vehicle,full,6,37,66,0,72,43,0.08333333333333333,0.13953488372093023,0.10434782608695652,10,1.3554801996797323,0.008482379838824272
00711,small-vehicle,scale_prior,6,33,66,0,72,39,0.08333333333333333,0.15384615384615385,0.10810810810810811,10,1.355795593932271,0.008011624217033386
00711,small-vehicle,matched,6,33,66,0,72,39,0.08333333333333333,0.15384615384615385,0.10810810810810811,10,1.355795593932271,0.00794762372970581
00711,small-vehicle,dense_1024,11,53,61,0,72,64,0.1527777777777778,0.171875,0.16176470588235295,24,3.0663495119661093,0.013419808819890022
00711,small-vehicle,dense_both,49,105,23,1,72,155,0.6805555555555556,0.3181818181818182,0.4336283185840708,115,14.70363031886518,0.029640095308423042
00724,large-vehicle,prompt,0,11,1,0,1,11,0.0,0.0,0.0,10,1.1225543953478336,0.0015912000089883804
00724,large-vehicle,full,0,12,1,0,1,12,0.0,0.0,0.0,10,1.2385482788085938,0.0017997361719608307
00724,large-vehicle,scale_prior,0,8,1,0,1,8,0.0,0.0,0.0,10,1.2302033826708794,0.0013915188610553741
00724,large-vehicle,matched,0,8,1,0,1,8,0.0,0.0,0.0,10,1.2302033826708794,0.0013805832713842392
00724,large-vehicle,dense_1024,0,18,1,0,1,18,0.0,0.0,0.0,24,3.104378003627062,0.0029803775250911713
00724,large-vehicle,dense_both,0,32,1,0,1,32,0.0,0.0,0.0,115,14.580735659226775,0.005901766940951347
00724,small-vehicle,prompt,66,40,247,0,313,106,0.2108626198083067,0.6226415094339622,0.315035799522673,10,1.1297099106013775,0.016700994223356247
00724,small-vehicle,full,101,30,212,0,313,131,0.3226837060702875,0.7709923664122137,0.45495495495495497,10,1.133075751364231,0.022546855732798576
00724,small-vehicle,scale_prior,108,41,205,0,313,149,0.3450479233226837,0.7248322147651006,0.4675324675324675,10,1.0272361692041159,0.024113357067108154
00724,small-vehicle,matched,108,41,205,0,313,149,0.3450479233226837,0.7248322147651006,0.4675324675324675,10,1.0272361692041159,0.024064816534519196
00724,small-vehicle,dense_1024,169,75,144,0,313,244,0.5399361022364217,0.6926229508196722,0.6068222621184919,24,3.104378003627062,0.0502003226429224
00724,small-vehicle,dense_both,251,291,62,0,313,542,0.8019169329073482,0.46309963099630996,0.5871345029239766,115,14.580735659226775,0.11825190484523773
00724,swimming-pool,prompt,63,41,278,0,341,104,0.18475073313782991,0.6057692307692307,0.28314606741573034,10,1.1145978160202503,0.01899101957678795
00724,swimming-pool,full,89,25,252,0,341,114,0.26099706744868034,0.7807017543859649,0.3912087912087912,10,1.1434233449399471,0.02461612969636917
00724,swimming-pool,scale_prior,120,38,221,0,341,158,0.3519061583577713,0.759493670886076,0.48096192384769537,10,1.344923758879304,0.02901827171444893
00724,swimming-pool,matched,99,35,242,0,341,134,0.2903225806451613,0.7388059701492538,0.4168421052631579,10,1.34028029628098,0.02526356279850006
00724,swimming-pool,dense_1024,261,61,80,0,341,322,0.7653958944281525,0.8105590062111802,0.7873303167420814,24,3.104378003627062,0.0682679396122694
00724,swimming-pool,dense_both,280,158,61,0,341,438,0.8211143695014663,0.639269406392694,0.7188703465982028,115,14.580735659226775,0.12180430442094803
00726,ship,prompt,0,2,1,0,1,2,0.0,0.0,0.0,10,1.3464993424713612,0.000506943091750145
00726,ship,full,0,2,1,0,1,2,0.0,0.0,0.0,10,1.2451773378998041,0.0004112105816602707
00726,ship,scale_prior,1,2,0,0,1,3,1.0,0.3333333333333333,0.5,10,1.2488048058003187,0.00042909570038318634
00726,ship,matched,1,2,0,0,1,3,1.0,0.3333333333333333,0.5,10,1.246468061581254,0.0004831477999687195
00726,ship,dense_1024,1,7,0,0,1,8,1.0,0.125,0.2222222222222222,24,3.1362219098955393,0.0013831518590450287
00726,ship,dense_both,1,18,0,0,1,19,1.0,0.05263157894736842,0.1,115,15.124705052003264,0.0028709322214126587
00726,small-vehicle,prompt,107,103,385,0,492,210,0.21747967479674796,0.5095238095238095,0.30484330484330485,10,1.1447372324764729,0.03016449697315693
00726,small-vehicle,full,230,120,262,0,492,350,0.46747967479674796,0.6571428571428571,0.5463182897862233,10,1.2505734972655773,0.056123070418834686
00726,small-vehicle,scale_prior,173,122,319,0,492,295,0.3516260162601626,0.5864406779661017,0.43964421855146124,10,1.1482754964381456,0.04903629422187805
00726,small-vehicle,matched,142,107,350,0,492,249,0.2886178861788618,0.570281124497992,0.3832658569500675,10,1.1464845594018698,0.04382282495498657
00726,small-vehicle,dense_1024,468,264,24,0,492,732,0.9512195121951219,0.639344262295082,0.7647058823529411,24,3.1362219098955393,0.14042027108371258
00726,small-vehicle,dense_both,485,665,7,0,492,1150,0.9857723577235772,0.4217391304347826,0.5907429963459196,115,15.124705052003264,0.24137642793357372
00726,swimming-pool,prompt,19,5,54,0,73,24,0.2602739726027397,0.7916666666666666,0.3917525773195876,10,1.2496777400374413,0.003979796543717384
00726,swimming-pool,full,41,8,32,0,73,49,0.5616438356164384,0.8367346938775511,0.6721311475409836,10,1.4637717101722956,0.008502788841724396
00726,swimming-pool,scale_prior,38,9,35,0,73,47,0.5205479452054794,0.8085106382978723,0.6333333333333333,10,1.359533129259944,0.007167823612689972
00726,swimming-pool,matched,41,14,32,0,73,55,0.5616438356164384,0.7454545454545455,0.640625,10,1.363460311666131,0.008194928988814354
00726,swimming-pool,dense_1024,63,23,10,0,73,86,0.863013698630137,0.7325581395348837,0.7924528301886793,24,3.1362219098955393,0.01571624167263508
00726,swimming-pool,dense_both,64,26,9,1,73,91,0.8767123287671232,0.7111111111111111,0.7852760736196319,115,15.124705052003264,0.02170119248330593
00733,large-vehicle,prompt,4,42,2,0,6,46,0.6666666666666666,0.08695652173913043,0.15384615384615385,10,1.3081263080239296,0.005202004685997963
00733,large-vehicle,full,4,75,2,0,6,79,0.6666666666666666,0.05063291139240506,0.09411764705882353,10,1.2391703594475985,0.010534508153796196
00733,large-vehicle,scale_prior,4,91,2,0,6,95,0.6666666666666666,0.042105263157894736,0.07920792079207921,10,1.2408966682851315,0.011958202347159386
00733,large-vehicle,matched,4,91,2,0,6,95,0.6666666666666666,0.042105263157894736,0.07920792079207921,10,1.2408966682851315,0.011868705973029137
00733,large-vehicle,dense_1024,5,149,1,0,6,154,0.8333333333333334,0.032467532467532464,0.0625,24,3.0842151045799255,0.02285921573638916
00733,large-vehicle,dense_both,6,221,0,0,6,227,1.0,0.02643171806167401,0.05150214592274678,108,13.411162924021482,0.0359348077327013
00733,small-vehicle,prompt,442,208,471,0,913,650,0.484118291347207,0.68,0.5655790147152912,10,1.4271747469902039,0.1016845777630806
00733,small-vehicle,full,518,248,395,0,913,766,0.5673603504928806,0.6762402088772846,0.6170339487790352,10,1.2405611798167229,0.14046970941126347
00733,small-vehicle,scale_prior,589,256,324,0,913,845,0.6451259583789705,0.6970414201183432,0.6700796359499431,10,1.2409175727516413,0.14807062782347202
00733,small-vehicle,matched,589,256,324,0,913,845,0.6451259583789705,0.6970414201183432,0.6700796359499431,10,1.2409175727516413,0.1465737521648407
00733,small-vehicle,dense_1024,761,438,152,0,913,1199,0.8335158817086528,0.6346955796497081,0.7206439393939394,24,3.0842151045799255,0.24351691082119942
00733,small-vehicle,dense_both,872,750,41,0,913,1622,0.9550930996714129,0.5376078914919852,0.6879684418145957,108,13.411162924021482,0.4079954270273447
00746,large-vehicle,prompt,0,7,3,0,3,7,0.0,0.0,0.0,10,1.1333206351846457,0.0009258519858121872
00746,large-vehicle,full,1,59,2,0,3,60,0.3333333333333333,0.016666666666666666,0.031746031746031744,10,1.124359343200922,0.007125835865736008
00746,large-vehicle,scale_prior,1,60,2,0,3,61,0.3333333333333333,0.01639344262295082,0.03125,10,1.1303068734705448,0.006437424570322037
00746,large-vehicle,matched,2,81,1,0,3,83,0.6666666666666666,0.024096385542168676,0.046511627906976744,10,1.2239363696426153,0.009690601378679276
00746,large-vehicle,dense_1024,2,112,1,0,3,114,0.6666666666666666,0.017543859649122806,0.03418803418803419,24,3.151985252276063,0.016016444191336632
00746,large-vehicle,dense_both,3,161,0,0,3,164,1.0,0.018292682926829267,0.03592814371257485,115,14.726751672104001,0.026317089796066284
00746,ship,prompt,0,6,1,0,1,6,0.0,0.0,0.0,10,1.2372359428554773,0.0006245765835046768
00746,ship,full,0,19,1,0,1,19,0.0,0.0,0.0,10,1.3235871493816376,0.002008764073252678
00746,ship,scale_prior,0,23,1,0,1,23,0.0,0.0,0.0,10,1.122047672048211,0.0028666220605373383
00746,ship,matched,0,23,1,0,1,23,0.0,0.0,0.0,10,1.122047672048211,0.0028535667806863785
00746,ship,dense_1024,0,44,1,0,1,44,0.0,0.0,0.0,24,3.151985252276063,0.006016891449689865
00746,ship,dense_both,1,61,0,0,1,62,1.0,0.016129032258064516,0.031746031746031744,115,14.726751672104001,0.009260661900043488
00746,small-vehicle,prompt,195,68,573,0,768,263,0.25390625,0.7414448669201521,0.37827352085354027,10,1.030674496665597,0.039422109723091125
00746,small-vehicle,full,477,103,291,0,768,580,0.62109375,0.8224137931034483,0.7077151335311572,10,1.1202809605747461,0.10311062075197697
00746,small-vehicle,scale_prior,514,105,254,0,768,619,0.6692708333333334,0.8303715670436187,0.7411679884643114,10,1.2252290453761816,0.1029687449336052
00746,small-vehicle,matched,503,102,265,0,768,605,0.6549479166666666,0.8314049586776859,0.7327021121631464,10,1.2239363696426153,0.10610355250537395
00746,small-vehicle,dense_1024,678,156,90,0,768,834,0.8828125,0.8129496402877698,0.846441947565543,24,3.151985252276063,0.167338440194726
00746,small-vehicle,dense_both,735,348,33,0,768,1083,0.95703125,0.6786703601108033,0.7941653160453809,115,14.726751672104001,0.26642274484038353
00746,swimming-pool,prompt,34,8,75,0,109,42,0.3119266055045872,0.8095238095238095,0.4503311258278146,10,1.1147528775036335,0.006472518667578697
00746,swimming-pool,full,53,17,56,1,109,71,0.48623853211009177,0.7571428571428571,0.5921787709497207,10,1.1148081216961145,0.012027023360133171
00746,swimming-pool,scale_prior,63,22,46,1,109,86,0.5779816513761468,0.7411764705882353,0.6494845360824743,10,1.210645830258727,0.014335772022604942
00746,swimming-pool,matched,53,17,56,1,109,71,0.48623853211009177,0.7571428571428571,0.5921787709497207,10,1.1104434356093407,0.01214112900197506
00746,swimming-pool,dense_1024,104,31,5,1,109,136,0.9541284403669725,0.7703703703703704,0.8524590163934426,24,3.151985252276063,0.027869388461112976
00746,swimming-pool,dense_both,106,39,3,1,109,146,0.9724770642201835,0.7310344827586207,0.8346456692913385,115,14.726751672104001,0.039260098710656166
00767,airplane,prompt,4,2,0,1,4,7,1.0,0.6666666666666666,0.8,10,1.2022067494690418,0.001539507880806923
00767,airplane,full,4,2,0,1,4,7,1.0,0.6666666666666666,0.8,10,1.102334776893258,0.0015012193471193314
00767,airplane,scale_prior,3,0,1,1,4,4,0.75,1.0,0.8571428571428571,10,1.2046485990285873,0.0009601861238479614
00767,airplane,matched,4,1,0,1,4,6,1.0,0.8,0.8888888888888888,10,1.198882570490241,0.0013286806643009186
00767,airplane,dense_1024,3,6,1,2,4,11,0.75,0.3333333333333333,0.46153846153846156,36,4.547389743849635,0.002184474840760231
00767,airplane,dense_both,4,12,0,2,4,18,1.0,0.25,0.4,168,21.50462539307773,0.003678867593407631
00767,large-vehicle,prompt,1,3,6,0,7,4,0.14285714285714285,0.25,0.18181818181818182,10,1.324666215106845,0.0007263440638780594
00767,large-vehicle,full,2,29,5,0,7,31,0.2857142857142857,0.06451612903225806,0.10526315789473684,10,1.4284594096243382,0.004563771188259125
00767,large-vehicle,scale_prior,1,19,6,0,7,20,0.14285714285714285,0.05,0.07407407407407407,10,1.4212950579822063,0.0023526959121227264
00767,large-vehicle,matched,1,19,6,0,7,20,0.14285714285714285,0.05,0.07407407407407407,10,1.3158001098781824,0.00236327201128006
00767,large-vehicle,dense_1024,3,50,4,7,7,60,0.42857142857142855,0.05660377358490566,0.1,36,4.547389743849635,0.010479899123311043
00767,large-vehicle,dense_both,3,68,4,8,7,79,0.42857142857142855,0.04225352112676056,0.07692307692307693,168,21.50462539307773,0.014052275568246841
00767,small-vehicle,prompt,8,8,243,0,251,16,0.03187250996015936,0.5,0.0599250936329588,10,1.3253993317484856,0.003190821036696434
00767,small-vehicle,full,2,28,249,0,251,30,0.00796812749003984,0.06666666666666667,0.014234875444839857,10,1.5301863383501768,0.004769299179315567
00767,small-vehicle,scale_prior,0,7,251,0,251,7,0.0,0.0,0.0,10,1.430774400010705,0.0014318488538265228
00767,small-vehicle,matched,0,10,251,0,251,10,0.0,0.0,0.0,10,1.423499759286642,0.001799061894416809
00767,small-vehicle,dense_1024,36,158,215,3,251,197,0.14342629482071714,0.18556701030927836,0.16179775280898875,36,4.547389743849635,0.04435623250901699
00767,small-vehicle,dense_both,225,279,26,30,251,534,0.896414342629482,0.44642857142857145,0.5960264900662252,168,21.50462539307773,0.13595924712717533
00767,swimming-pool,prompt,0,3,1,0,1,3,0.0,0.0,0.0,10,1.4271506872028112,0.0006824322044849396
00767,swimming-pool,full,1,7,0,0,1,8,1.0,0.125,0.2222222222222222,10,1.3185263983905315,0.0016175545752048492
00767,swimming-pool,scale_prior,0,1,1,0,1,1,0.0,0.0,0.0,10,1.20859488658607,0.00017232075333595276
00767,swimming-pool,matched,0,3,1,0,1,3,0.0,0.0,0.0,10,1.2114392090588808,0.0006569251418113708
00767,swimming-pool,dense_1024,1,7,0,0,1,8,1.0,0.125,0.2222222222222222,36,4.547389743849635,0.0016030743718147278
00767,swimming-pool,dense_both,0,12,1,0,1,12,0.0,0.0,0.0,168,21.50462539307773,0.0023857969790697098
00776,airplane,prompt,17,1,2,0,19,18,0.8947368421052632,0.9444444444444444,0.918918918918919,10,1.210004523396492,0.004212617874145508
00776,airplane,full,18,2,1,0,19,20,0.9473684210526315,0.9,0.9230769230769231,10,1.2091199196875095,0.003959491848945618
00776,airplane,scale_prior,18,2,1,0,19,20,0.9473684210526315,0.9,0.9230769230769231,10,1.2133167702704668,0.0038299094885587692
00776,airplane,matched,18,2,1,0,19,20,0.9473684210526315,0.9,0.9230769230769231,10,1.2133167702704668,0.0038920529186725616
00776,airplane,dense_1024,18,2,1,0,19,20,0.9473684210526315,0.9,0.9230769230769231,24,3.0420581102371216,0.003979099914431572
00776,airplane,dense_both,19,6,0,0,19,25,1.0,0.76,0.8636363636363636,115,14.65725016221404,0.006897721439599991
00776,helicopter,prompt,1,0,0,0,1,1,1.0,1.0,1.0,10,1.0989133026450872,0.0002486109733581543
00776,helicopter,full,1,1,0,0,1,2,1.0,0.5,0.6666666666666666,10,1.1928534638136625,0.0004903897643089294
00776,helicopter,scale_prior,1,0,0,0,1,1,1.0,1.0,1.0,10,1.2055013366043568,0.0002212580293416977
00776,helicopter,matched,1,0,0,0,1,1,1.0,1.0,1.0,10,1.2055013366043568,0.00021297112107276917
00776,helicopter,dense_1024,1,1,0,0,1,2,1.0,0.5,0.6666666666666666,24,3.0420581102371216,0.0006020758301019669
00776,helicopter,dense_both,1,1,0,0,1,2,1.0,0.5,0.6666666666666666,115,14.65725016221404,0.0007623564451932907
00776,large-vehicle,prompt,3,3,2,0,5,6,0.6,0.5,0.5454545454545454,10,1.0943868923932314,0.0009473208338022232
00776,large-vehicle,full,3,7,2,0,5,10,0.6,0.3,0.4,10,1.2024842966347933,0.0016567688435316086
00776,large-vehicle,scale_prior,4,6,1,0,5,10,0.8,0.4,0.5333333333333333,10,1.3086627442389727,0.0015270393341779709
00776,large-vehicle,matched,4,6,1,0,5,10,0.8,0.4,0.5333333333333333,10,1.3086627442389727,0.001514829695224762
00776,large-vehicle,dense_1024,4,7,1,0,5,11,0.8,0.36363636363636365,0.5,24,3.0420581102371216,0.0017924308776855469
00776,large-vehicle,dense_both,4,11,1,0,5,15,0.8,0.26666666666666666,0.4,115,14.65725016221404,0.002458374947309494
00776,small-vehicle,prompt,2,2,103,0,105,4,0.01904761904761905,0.5,0.03669724770642202,10,1.3041288070380688,0.0010356046259403229
00776,small-vehicle,full,26,31,79,0,105,57,0.24761904761904763,0.45614035087719296,0.32098765432098764,10,1.299576846882701,0.0123633723706007
00776,small-vehicle,scale_prior,26,35,79,0,105,61,0.24761904761904763,0.4262295081967213,0.3132530120481928,10,1.3080373965203762,0.012787511572241783
00776,small-vehicle,matched,26,32,79,0,105,58,0.24761904761904763,0.4482758620689655,0.31901840490797545,10,1.2001351676881313,0.012408804148435593
00776,small-vehicle,dense_1024,42,64,63,0,105,106,0.4,0.39622641509433965,0.3981042654028436,24,3.0420581102371216,0.05911636911332607
00776,small-vehicle,dense_both,92,103,13,0,105,195,0.8761904761904762,0.4717948717948718,0.6133333333333333,115,14.65725016221404,0.04673002474009991
00776,swimming-pool,prompt,2,0,1,0,3,2,0.6666666666666666,1.0,0.8,10,1.308699607849121,0.0003938991576433182
00776,swimming-pool,full,2,0,1,0,3,2,0.6666666666666666,1.0,0.8,10,1.3990626223385334,0.0003605838865041733
00776,swimming-pool,scale_prior,2,0,1,0,3,2,0.6666666666666666,1.0,0.8,10,1.3953598942607641,0.0006187092512845993
00776,swimming-pool,matched,2,0,1,0,3,2,0.6666666666666666,1.0,0.8,10,1.3999319933354855,0.0005799550563097
00776,swimming-pool,dense_1024,3,1,0,0,3,4,1.0,0.75,0.8571428571428571,24,3.0420581102371216,0.0008964687585830688
00776,swimming-pool,dense_both,3,2,0,0,3,5,1.0,0.6,0.75,115,14.65725016221404,0.0011110398918390274
00793,airplane,prompt,10,1,5,0,15,11,0.6666666666666666,0.9090909090909091,0.7692307692307693,10,1.3138059135526419,0.002399453893303871
00793,airplane,full,10,1,5,0,15,11,0.6666666666666666,0.9090909090909091,0.7692307692307693,10,1.2003480680286884,0.0026402734220027924
00793,airplane,scale_prior,10,1,5,0,15,11,0.6666666666666666,0.9090909090909091,0.7692307692307693,10,1.2003480680286884,0.002607937902212143
00793,airplane,matched,10,1,5,0,15,11,0.6666666666666666,0.9090909090909091,0.7692307692307693,10,1.2003480680286884,0.002616381272673607
00793,airplane,dense_1024,15,3,0,0,15,18,1.0,0.8333333333333334,0.9090909090909091,24,3.0747158359736204,0.004767837002873421
00793,airplane,dense_both,15,6,0,0,15,21,1.0,0.7142857142857143,0.8333333333333334,115,14.968537606298923,0.006460376083850861
00793,large-vehicle,prompt,0,13,3,1,3,14,0.0,0.0,0.0,10,1.3373559303581715,0.0018737539649009705
00793,large-vehicle,full,1,30,2,2,3,33,0.3333333333333333,0.03225806451612903,0.058823529411764705,10,1.1374981421977282,0.005249306559562683
00793,large-vehicle,scale_prior,1,18,2,2,3,21,0.3333333333333333,0.05263157894736842,0.09090909090909091,10,1.2383369132876396,0.0029907245188951492
00793,large-vehicle,matched,1,22,2,2,3,25,0.3333333333333333,0.043478260869565216,0.07692307692307693,10,1.1365404408425093,0.003672560676932335
00793,large-vehicle,dense_1024,1,54,2,2,3,57,0.3333333333333333,0.01818181818181818,0.034482758620689655,24,3.0747158359736204,0.009276079013943672
00793,large-vehicle,dense_both,2,81,1,2,3,85,0.6666666666666666,0.024096385542168676,0.046511627906976744,115,14.968537606298923,0.014892848208546638
00793,small-vehicle,prompt,0,37,260,10,260,47,0.0,0.0,0.0,10,1.3300929125398397,0.00858665443956852
00793,small-vehicle,full,0,39,260,6,260,45,0.0,0.0,0.0,10,1.3263378143310547,0.011479733511805534
00793,small-vehicle,scale_prior,0,43,260,3,260,46,0.0,0.0,0.0,10,1.3283059746026993,0.013193681836128235
00793,small-vehicle,matched,0,43,260,3,260,46,0.0,0.0,0.0,10,1.3283059746026993,0.012131556868553162
00793,small-vehicle,dense_1024,0,111,260,7,260,118,0.0,0.0,0.0,24,3.0747158359736204,0.02805664949119091
00793,small-vehicle,dense_both,88,796,172,20,260,904,0.3384615384615385,0.09954751131221719,0.15384615384615385,115,14.968537606298923,0.1948891431093216
00812,large-vehicle,prompt,0,14,1,0,1,14,0.0,0.0,0.0,10,1.5402918793261051,0.001742696389555931
00812,large-vehicle,full,0,27,1,0,1,27,0.0,0.0,0.0,10,1.4242968522012234,0.0027484260499477386
00812,large-vehicle,scale_prior,0,28,1,0,1,28,0.0,0.0,0.0,10,1.5379695910960436,0.0028560850769281387
00812,large-vehicle,matched,0,28,1,0,1,28,0.0,0.0,0.0,10,1.5379695910960436,0.0028638970106840134
00812,large-vehicle,dense_1024,0,93,1,0,1,93,0.0,0.0,0.0,24,3.1911918204277754,0.012588238343596458
00812,large-vehicle,dense_both,0,145,1,0,1,145,0.0,0.0,0.0,115,14.71421985141933,0.022240271791815758
00812,small-vehicle,prompt,68,81,389,0,457,149,0.1487964989059081,0.4563758389261745,0.22442244224422442,10,1.3215486444532871,0.021271251142024994
00812,small-vehicle,full,207,114,250,0,457,321,0.45295404814004375,0.6448598130841121,0.532133676092545,10,1.539988186210394,0.05278640426695347
00812,small-vehicle,scale_prior,131,102,326,0,457,233,0.28665207877461707,0.5622317596566524,0.37971014492753624,10,1.4309279080480337,0.03585478477180004
00812,small-vehicle,matched,196,121,261,0,457,317,0.4288840262582057,0.6182965299684543,0.5064599483204134,10,1.3323784787207842,0.05487066134810448
00812,small-vehicle,dense_1024,410,268,47,0,457,678,0.8971553610503282,0.6047197640117994,0.7224669603524229,24,3.1911918204277754,0.12867773324251175
00812,small-vehicle,dense_both,447,523,10,1,457,971,0.9781181619256017,0.4608247422680412,0.626489138051857,115,14.71421985141933,0.21852169185876846
00812,swimming-pool,prompt,38,11,60,1,98,50,0.3877551020408163,0.7755102040816326,0.5170068027210885,10,1.0920207034796476,0.009125268086791039
00812,swimming-pool,full,66,3,32,1,98,70,0.673469387755102,0.9565217391304348,0.7904191616766467,10,1.1145870108157396,0.014726340770721436
00812,swimming-pool,scale_prior,50,4,48,1,98,55,0.5102040816326531,0.9259259259259259,0.6578947368421053,10,1.3299741744995117,0.010696480050683022
00812,swimming-pool,matched,48,4,50,1,98,53,0.4897959183673469,0.9230769230769231,0.64,10,1.2282011043280363,0.011301198974251747
00812,swimming-pool,dense_1024,81,10,17,2,98,93,0.826530612244898,0.8901098901098901,0.8571428571428571,24,3.1911918204277754,0.021111661568284035
00812,swimming-pool,dense_both,85,21,13,2,98,108,0.8673469387755102,0.8018867924528302,0.8333333333333334,115,14.71421985141933,0.03356887586414814
00816,airplane,prompt,0,0,6,0,6,0,0.0,0.0,0.0,10,1.358832225203514,6.345659494400024e-05
00816,airplane,full,0,0,6,0,6,0,0.0,0.0,0.0,10,1.38580602966249,3.773346543312073e-05
00816,airplane,scale_prior,0,0,6,0,6,0,0.0,0.0,0.0,10,1.386502942070365,3.312528133392334e-05
00816,airplane,matched,0,0,6,0,6,0,0.0,0.0,0.0,10,1.386502942070365,3.2125040888786316e-05
00816,airplane,dense_1024,4,3,2,0,6,7,0.6666666666666666,0.5714285714285714,0.6153846153846154,24,3.164298189803958,0.0014158319681882858
00816,airplane,dense_both,5,9,1,0,6,14,0.8333333333333334,0.35714285714285715,0.5,115,14.941296864300966,0.0031539220362901688
00816,helicopter,prompt,0,0,1,0,1,0,0.0,0.0,0.0,10,1.602033969014883,4.197657108306885e-05
00816,helicopter,full,0,0,1,0,1,0,0.0,0.0,0.0,10,1.257345899939537,3.0664727091789246e-05
00816,helicopter,scale_prior,0,0,1,0,1,0,0.0,0.0,0.0,10,1.3707075770944357,2.5236979126930237e-05
00816,helicopter,matched,0,0,1,0,1,0,0.0,0.0,0.0,10,1.3656620252877474,2.392195165157318e-05
00816,helicopter,dense_1024,0,0,1,0,1,0,0.0,0.0,0.0,24,3.164298189803958,2.3750588297843933e-05
00816,helicopter,dense_both,0,1,1,0,1,1,0.0,0.0,0.0,115,14.941296864300966,0.00017042458057403564
00816,large-vehicle,prompt,0,3,3,0,3,3,0.0,0.0,0.0,10,1.347206549718976,0.0005800388753414154
00816,large-vehicle,full,3,8,0,0,3,11,1.0,0.2727272727272727,0.42857142857142855,10,1.3745955470949411,0.0016891676932573318
00816,large-vehicle,scale_prior,3,8,0,0,3,11,1.0,0.2727272727272727,0.42857142857142855,10,1.2576852329075336,0.0016611088067293167
00816,large-vehicle,matched,3,8,0,0,3,11,1.0,0.2727272727272727,0.42857142857142855,10,1.2576852329075336,0.0016570799052715302
00816,large-vehicle,dense_1024,3,10,0,0,3,13,1.0,0.23076923076923078,0.375,24,3.164298189803958,0.001987157389521599
00816,large-vehicle,dense_both,3,22,0,0,3,25,1.0,0.12,0.21428571428571427,115,14.941296864300966,0.003983205184340477
00816,small-vehicle,prompt,0,9,261,0,261,9,0.0,0.0,0.0,10,1.5741877853870392,0.0016483180224895477
00816,small-vehicle,full,0,3,261,0,261,3,0.0,0.0,0.0,10,1.3707075770944357,0.0008130613714456558
00816,small-vehicle,scale_prior,0,1,261,0,261,1,0.0,0.0,0.0,10,1.4982303101569414,0.000596100464463234
00816,small-vehicle,matched,0,1,261,0,261,1,0.0,0.0,0.0,10,1.4982303101569414,0.0006110388785600662
00816,small-vehicle,dense_1024,12,23,249,0,261,35,0.04597701149425287,0.34285714285714286,0.08108108108108109,24,3.164298189803958,0.009913213551044464
00816,small-vehicle,dense_both,212,124,49,0,261,336,0.8122605363984674,0.6309523809523809,0.7102177554438861,115,14.941296864300966,0.08975857682526112
00816,storage-tank,prompt,0,0,2,0,2,0,0.0,0.0,0.0,10,1.2559113409370184,4.4930726289749146e-05
00816,storage-tank,full,0,0,2,0,2,0,0.0,0.0,0.0,10,1.2415326833724976,3.0394643545150757e-05
00816,storage-tank,scale_prior,0,0,2,0,2,0,0.0,0.0,0.0,10,1.3799517881125212,2.734363079071045e-05
00816,storage-tank,matched,0,0,2,0,2,0,0.0,0.0,0.0,10,1.2543307077139616,2.6660040020942688e-05
00816,storage-tank,dense_1024,0,0,2,0,2,0,0.0,0.0,0.0,24,3.164298189803958,2.5443732738494873e-05
00816,storage-tank,dense_both,0,4,2,0,2,4,0.0,0.0,0.0,115,14.941296864300966,0.0007515717297792435
00819,airplane,prompt,8,2,32,0,40,10,0.2,0.8,0.32,10,1.2023161612451077,0.0019025430083274841
00819,airplane,full,37,7,3,0,40,44,0.925,0.8409090909090909,0.8809523809523809,10,1.32067552767694,0.00806242786347866
00819,airplane,scale_prior,12,2,28,0,40,14,0.3,0.8571428571428571,0.4444444444444444,10,1.3243617210537195,0.002877580001950264
00819,airplane,matched,12,2,28,0,40,14,0.3,0.8571428571428571,0.4444444444444444,10,1.3243617210537195,0.0028840340673923492
00819,airplane,dense_1024,37,7,3,0,40,44,0.925,0.8409090909090909,0.8809523809523809,24,3.075315784662962,0.009576907381415367
00819,airplane,dense_both,35,11,5,0,40,46,0.875,0.7608695652173914,0.813953488372093,115,14.787878017872572,0.013487886637449265
00819,large-vehicle,prompt,0,8,3,0,3,8,0.0,0.0,0.0,10,1.3460590410977602,0.0009712763130664825
00819,large-vehicle,full,0,1,3,0,3,1,0.0,0.0,0.0,10,1.338177615776658,0.00017562322318553925
00819,large-vehicle,scale_prior,0,1,3,0,3,1,0.0,0.0,0.0,10,1.0293072946369648,0.00016453862190246582
00819,large-vehicle,matched,0,1,3,0,3,1,0.0,0.0,0.0,10,1.0315158274024725,0.00016280077397823334
00819,large-vehicle,dense_1024,0,6,3,1,3,7,0.0,0.0,0.0,24,3.075315784662962,0.0009489897638559341
00819,large-vehicle,dense_both,2,24,1,2,3,28,0.6666666666666666,0.07692307692307693,0.13793103448275862,115,14.787878017872572,0.004053026437759399
00819,small-vehicle,prompt,68,112,644,0,712,180,0.09550561797752809,0.37777777777777777,0.15246636771300448,10,1.3755136393010616,0.03860018029808998
00819,small-vehicle,full,67,110,645,0,712,177,0.09410112359550561,0.3785310734463277,0.15073115860517436,10,1.243853209540248,0.041744695976376534
00819,small-vehicle,scale_prior,68,120,644,0,712,188,0.09550561797752809,0.3617021276595745,0.1511111111111111,10,1.12631331756711,0.04290465638041496
00819,small-vehicle,matched,0,9,712,0,712,9,0.0,0.0,0.0,10,1.1280558612197638,0.005207180976867676
00819,small-vehicle,dense_1024,0,26,712,0,712,26,0.0,0.0,0.0,24,3.075315784662962,0.008999640122056007
00819,small-vehicle,dense_both,283,554,429,3,712,840,0.39747191011235955,0.33811230585424135,0.3653970303421562,115,14.787878017872572,0.17835285887122154
00819,storage-tank,prompt,1,0,0,0,1,1,1.0,1.0,1.0,10,1.3421515561640263,0.0003268849104642868
00819,storage-tank,full,1,0,0,0,1,1,1.0,1.0,1.0,10,1.3408315852284431,0.00022052042186260223
00819,storage-tank,scale_prior,1,0,0,0,1,1,1.0,1.0,1.0,10,1.2349370513111353,0.00021483004093170166
00819,storage-tank,matched,1,0,0,0,1,1,1.0,1.0,1.0,10,1.2349370513111353,0.00019917450845241547
00819,storage-tank,dense_1024,1,1,0,0,1,2,1.0,0.5,0.6666666666666666,24,3.075315784662962,0.000295788049697876
00819,storage-tank,dense_both,1,1,0,0,1,2,1.0,0.5,0.6666666666666666,115,14.787878017872572,0.00041802413761615753
00820,airplane,prompt,13,1,2,0,15,14,0.8666666666666667,0.9285714285714286,0.896551724137931,10,1.4253876321017742,0.003182867541909218
00820,airplane,full,14,0,1,0,15,14,0.9333333333333333,1.0,0.9655172413793104,10,1.4265907239168882,0.003506965935230255
00820,airplane,scale_prior,14,0,1,0,15,14,0.9333333333333333,1.0,0.9655172413793104,10,1.227361287921667,0.0034358836710453033
00820,airplane,matched,13,1,2,0,15,14,0.8666666666666667,0.9285714285714286,0.896551724137931,10,1.3247216045856476,0.0030138883739709854
00820,airplane,dense_1024,14,1,1,0,15,15,0.9333333333333333,0.9333333333333333,0.9333333333333333,24,3.1009691692888737,0.003051426261663437
00820,airplane,dense_both,14,3,1,0,15,17,0.9333333333333333,0.8235294117647058,0.875,115,14.884313248097897,0.004014870151877403
00820,large-vehicle,prompt,1,15,50,0,51,16,0.0196078431372549,0.0625,0.029850746268656716,10,1.348247116431594,0.002254212275147438
00820,large-vehicle,full,8,24,43,1,51,33,0.1568627450980392,0.25,0.1927710843373494,10,1.4599724654108286,0.004771558567881584
00820,large-vehicle,scale_prior,11,31,40,0,51,42,0.21568627450980393,0.2619047619047619,0.23655913978494625,10,1.4622705969959497,0.006319776177406311
00820,large-vehicle,matched,11,30,40,0,51,41,0.21568627450980393,0.2682926829268293,0.2391304347826087,10,1.358703263103962,0.006176488474011421
00820,large-vehicle,dense_1024,38,85,13,1,51,124,0.7450980392156863,0.3089430894308943,0.4367816091954023,24,3.1009691692888737,0.028934024274349213
00820,large-vehicle,dense_both,42,125,9,5,51,172,0.8235294117647058,0.25149700598802394,0.3853211009174312,115,14.884313248097897,0.04258342087268829
00820,small-vehicle,prompt,28,160,700,0,728,188,0.038461538461538464,0.14893617021276595,0.0611353711790393,10,1.324977595359087,0.029068104922771454
00820,small-vehicle,full,10,152,718,0,728,162,0.013736263736263736,0.06172839506172839,0.02247191011235955,10,1.2491394951939583,0.03234725259244442
00820,small-vehicle,scale_prior,1,108,727,0,728,109,0.0013736263736263737,0.009174311926605505,0.0023894862604540022,10,1.3586657587438822,0.022634170949459076
00820,small-vehicle,matched,18,153,710,0,728,171,0.024725274725274724,0.10526315789473684,0.04004449388209121,10,1.3619332425296307,0.029043301939964294
00820,small-vehicle,dense_1024,9,241,719,3,728,253,0.012362637362637362,0.036,0.018404907975460124,24,3.1009691692888737,0.06065697409212589
00820,small-vehicle,dense_both,618,2177,110,9,728,2804,0.8489010989010989,0.22110912343470482,0.35083735452739145,115,14.884313248097897,0.6317914258688688
00820,swimming-pool,prompt,0,4,4,0,4,4,0.0,0.0,0.0,10,1.4464848097413778,0.0005814339965581894
00820,swimming-pool,full,0,1,4,0,4,1,0.0,0.0,0.0,10,1.254047267138958,0.00017706304788589478
00820,swimming-pool,scale_prior,0,1,4,0,4,1,0.0,0.0,0.0,10,1.3598443418741226,0.0001687426120042801
00820,swimming-pool,matched,0,1,4,0,4,1,0.0,0.0,0.0,10,1.253061629831791,0.00016727298498153687
00820,swimming-pool,dense_1024,1,2,3,0,4,3,0.25,0.3333333333333333,0.2857142857142857,24,3.1009691692888737,0.00048743002116680145
00820,swimming-pool,dense_both,2,18,2,0,4,20,0.5,0.1,0.16666666666666666,115,14.884313248097897,0.0036776866763830185
00825,airplane,prompt,3,5,2,1,5,9,0.6,0.375,0.46153846153846156,10,1.2179619874805212,0.0019196048378944397
00825,airplane,full,0,5,5,0,5,5,0.0,0.0,0.0,10,1.1256126016378403,0.0009228289127349854
00825,airplane,scale_prior,0,5,5,2,5,7,0.0,0.0,0.0,10,1.3195943180471659,0.0013745315372943878
00825,airplane,matched,3,5,2,1,5,9,0.6,0.375,0.46153846153846156,10,1.119456384330988,0.0018763188272714615
00825,airplane,dense_1024,4,10,1,2,5,16,0.8,0.2857142857142857,0.42105263157894735,36,4.764133851975203,0.002853572368621826
00825,airplane,dense_both,4,17,1,2,5,23,0.8,0.19047619047619047,0.3076923076923077,179,23.633226731792092,0.005289219319820404
00825,large-vehicle,prompt,0,9,10,0,10,9,0.0,0.0,0.0,10,1.440823132172227,0.0012348704040050507
00825,large-vehicle,full,0,18,10,0,10,18,0.0,0.0,0.0,10,1.3371071461588144,0.0020850617438554764
00825,large-vehicle,scale_prior,1,7,9,0,10,8,0.1,0.125,0.1111111111111111,10,1.3385624270886183,0.0010381191968917847
00825,large-vehicle,matched,1,8,9,0,10,9,0.1,0.1111111111111111,0.10526315789473684,10,1.3419689573347569,0.0011083558201789856
00825,large-vehicle,dense_1024,1,45,9,5,10,51,0.1,0.021739130434782608,0.03571428571428571,36,4.764133851975203,0.007354406639933586
00825,large-vehicle,dense_both,8,76,2,5,10,89,0.8,0.09523809523809523,0.1702127659574468,179,23.633226731792092,0.01556033082306385
00825,small-vehicle,prompt,9,55,277,0,286,64,0.03146853146853147,0.140625,0.05142857142857143,10,1.3436455987393856,0.008649773895740509
00825,small-vehicle,full,7,94,279,0,286,101,0.024475524475524476,0.06930693069306931,0.03617571059431524,10,1.530248448252678,0.01643775962293148
00825,small-vehicle,scale_prior,2,76,284,0,286,78,0.006993006993006993,0.02564102564102564,0.01098901098901099,10,1.5402485448867083,0.010213755071163177
00825,small-vehicle,matched,3,117,283,0,286,120,0.01048951048951049,0.025,0.014778325123152709,10,1.4368807952851057,0.018289323896169662
00825,small-vehicle,dense_1024,17,311,269,11,286,339,0.05944055944055944,0.051829268292682924,0.05537459283387622,36,4.764133851975203,0.060732364654541016
00825,small-vehicle,dense_both,214,787,72,11,286,1012,0.7482517482517482,0.2137862137862138,0.33255633255633255,179,23.633226731792092,0.18602661602199078
00825,swimming-pool,prompt,0,7,1,0,1,7,0.0,0.0,0.0,10,1.2540574260056019,0.0009041633456945419
00825,swimming-pool,full,0,4,1,0,1,4,0.0,0.0,0.0,10,1.2571379337459803,0.0008034221827983856
00825,swimming-pool,scale_prior,0,10,1,0,1,10,0.0,0.0,0.0,10,1.2623193375766277,0.0011962559074163437
00825,swimming-pool,matched,0,10,1,0,1,10,0.0,0.0,0.0,10,1.2623193375766277,0.0012096874415874481
00825,swimming-pool,dense_1024,0,10,1,2,1,12,0.0,0.0,0.0,36,4.764133851975203,0.002445494756102562
00825,swimming-pool,dense_both,1,98,0,2,1,101,1.0,0.010101010101010102,0.02,179,23.633226731792092,0.01773862913250923
00832,small-vehicle,prompt,1007,72,135,0,1142,1079,0.8817863397548161,0.933271547729379,0.9067987393066187,10,1.1216219253838062,0.2874401155859232
00832,small-vehicle,full,993,90,149,0,1142,1083,0.8695271453590193,0.9168975069252078,0.8925842696629214,10,1.1102765072137117,0.3212609402835369
00832,small-vehicle,scale_prior,842,91,300,0,1142,933,0.7373029772329247,0.902465166130761,0.811566265060241,10,1.1143457014113665,0.2608215752989054
00832,small-vehicle,matched,907,81,235,0,1142,988,0.7942206654991243,0.9180161943319838,0.8516431924882629,10,1.1093720607459545,0.2728565353900194
00832,small-vehicle,dense_1024,680,103,462,0,1142,783,0.5954465849387041,0.8684546615581098,0.7064935064935065,24,3.096503220498562,0.2140402551740408
00832,small-vehicle,dense_both,1077,145,65,0,1142,1222,0.9430823117338003,0.881342062193126,0.9111675126903553,115,15.141102559864521,0.4052035119384527
00849,large-vehicle,prompt,13,1398,0,7,13,1418,1.0,0.009213323883770375,0.018258426966292134,10,1.3859104719012976,0.19654585979878902
00849,large-vehicle,full,13,1748,0,9,13,1770,1.0,0.0073821692220329355,0.014656144306651634,10,1.4439171981066465,0.25851181522011757
00849,large-vehicle,scale_prior,13,1741,0,9,13,1763,1.0,0.007411630558722919,0.014714204867006225,10,1.4410484209656715,0.25764856673777103
00849,large-vehicle,matched,13,1748,0,9,13,1770,1.0,0.0073821692220329355,0.014656144306651634,10,1.4439171981066465,0.25894926115870476
00849,large-vehicle,dense_1024,13,1702,0,10,13,1725,1.0,0.007580174927113703,0.015046296296296295,12,1.5479212570935488,0.2557546626776457
00849,large-vehicle,dense_both,13,3188,0,18,13,3219,1.0,0.004061230865354577,0.008089607965152458,57,7.008567763492465,0.6773195378482342
00849,small-vehicle,prompt,1890,28,1556,0,3446,1918,0.5484619849100406,0.9854014598540146,0.7046979865771812,10,1.3968497440218925,0.3874297086149454
00849,small-vehicle,full,2207,32,1239,9,3446,2248,0.6404526987811956,0.9857079053148727,0.776429199648197,10,1.4439171981066465,0.5478747207671404
00849,small-vehicle,scale_prior,2172,35,1274,9,3446,2216,0.6302959953569356,0.9841413683733575,0.7684415354678932,10,1.345358643680811,0.48348925821483135
00849,small-vehicle,matched,2311,30,1135,9,3446,2350,0.6706326175275682,0.9871849636907305,0.7986867115949542,10,1.4420728031545877,0.5170838162302971
00849,small-vehicle,dense_1024,2357,31,1089,10,3446,2398,0.68398142774231,0.9870184254606366,0.8080219403496743,12,1.5479212570935488,0.5412085130810738
00849,small-vehicle,dense_both,3372,47,74,13,3446,3432,0.9785258270458502,0.9862532904357999,0.9823743627093955,57,7.008567763492465,0.9985142163932323
00855,airplane,prompt,69,2,56,0,125,71,0.552,0.971830985915493,0.7040816326530612,10,1.380995199084282,0.012131068855524063
00855,airplane,full,95,9,30,0,125,104,0.76,0.9134615384615384,0.8296943231441049,10,1.3514916449785233,0.022111328318715096
00855,airplane,scale_prior,76,6,49,0,125,82,0.608,0.926829268292683,0.7342995169082126,10,1.3474246058613062,0.017838289961218834
00855,airplane,matched,73,8,52,0,125,81,0.584,0.9012345679012346,0.7087378640776699,10,1.461618835106492,0.01569306291639805
00855,airplane,dense_1024,95,19,30,0,125,114,0.76,0.8333333333333334,0.7949790794979079,24,3.1646700371056795,0.023784084245562553
00855,airplane,dense_both,115,15,10,0,125,130,0.92,0.8846153846153846,0.9019607843137255,115,15.249942051246762,0.03411002270877361
00855,helicopter,prompt,0,0,7,0,7,0,0.0,0.0,0.0,10,1.4731807876378298,5.1956623792648315e-05
00855,helicopter,full,0,0,7,0,7,0,0.0,0.0,0.0,10,1.378452206030488,3.487616777420044e-05
00855,helicopter,scale_prior,0,0,7,0,7,0,0.0,0.0,0.0,10,1.4622451700270176,3.1946226954460144e-05
00855,helicopter,matched,0,0,7,0,7,0,0.0,0.0,0.0,10,1.4622451700270176,3.086216747760773e-05
00855,helicopter,dense_1024,5,0,2,0,7,5,0.7142857142857143,1.0,0.8333333333333334,24,3.1646700371056795,0.0012305360287427902
00855,helicopter,dense_both,6,1,1,0,7,7,0.8571428571428571,0.8571428571428571,0.8571428571428571,115,15.249942051246762,0.0022143665701150894
00855,large-vehicle,prompt,41,105,88,0,129,146,0.3178294573643411,0.2808219178082192,0.29818181818181816,10,1.3698553759604692,0.02111729606986046
00855,large-vehicle,full,42,94,87,0,129,136,0.32558139534883723,0.3088235294117647,0.3169811320754717,10,1.2597102262079716,0.023892223834991455
00855,large-vehicle,scale_prior,43,97,86,0,129,140,0.3333333333333333,0.30714285714285716,0.31970260223048325,10,1.1587283089756966,0.023996038362383842
00855,large-vehicle,matched,42,72,87,0,129,114,0.32558139534883723,0.3684210526315789,0.345679012345679,10,1.1545233372598886,0.019901908934116364
00855,large-vehicle,dense_1024,58,106,71,0,129,164,0.4496124031007752,0.35365853658536583,0.39590443686006827,24,3.1646700371056795,0.03204835206270218
00855,large-vehicle,dense_both,85,277,44,2,129,364,0.6589147286821705,0.23480662983425415,0.34623217922606925,115,15.249942051246762,0.07260777056217194
00855,small-vehicle,prompt,252,484,2078,0,2330,736,0.10815450643776824,0.3423913043478261,0.1643835616438356,10,1.3630837127566338,0.11295218206942081
00855,small-vehicle,full,78,130,2252,0,2330,208,0.03347639484978541,0.375,0.061465721040189124,10,1.1655200272798538,0.034478235989809036
00855,small-vehicle,scale_prior,81,136,2249,0,2330,217,0.03476394849785408,0.37327188940092165,0.0636042402826855,10,1.1569595988839865,0.03635758347809315
00855,small-vehicle,matched,81,136,2249,0,2330,217,0.03476394849785408,0.37327188940092165,0.0636042402826855,10,1.1569595988839865,0.03627452440559864
00855,small-vehicle,dense_1024,11,100,2319,0,2330,111,0.004721030042918455,0.0990990990990991,0.009012699713232281,24,3.1646700371056795,0.024708744138479233
00855,small-vehicle,dense_both,1599,2424,731,1,2330,4024,0.6862660944206008,0.39746457867263235,0.5033842279238155,115,15.249942051246762,0.7596684973686934
00855,swimming-pool,prompt,11,17,22,0,33,28,0.3333333333333333,0.39285714285714285,0.36065573770491804,10,1.24875633046031,0.003683539107441902
00855,swimming-pool,full,21,27,12,0,33,48,0.6363636363636364,0.4375,0.5185185185185185,10,1.449627073481679,0.008064566180109978
00855,swimming-pool,scale_prior,22,26,11,0,33,48,0.6666666666666666,0.4583333333333333,0.5432098765432098,10,1.457865672186017,0.008036604151129723
00855,swimming-pool,matched,22,22,11,0,33,44,0.6666666666666666,0.5,0.5714285714285714,10,1.459198897704482,0.007658973336219788
00855,swimming-pool,dense_1024,24,43,9,0,33,67,0.7272727272727273,0.3582089552238806,0.48,24,3.1646700371056795,0.010939059779047966
00855,swimming-pool,dense_both,28,66,5,0,33,94,0.8484848484848485,0.2978723404255319,0.4409448818897638,115,15.249942051246762,0.018350373953580856
00860,airplane,prompt,9,1,12,7,21,17,0.42857142857142855,0.9,0.5806451612903226,10,1.1799164321273565,0.0047625210136175156
00860,airplane,full,11,9,10,9,21,29,0.5238095238095238,0.55,0.5365853658536586,10,1.493779355660081,0.007866514846682549
00860,airplane,scale_prior,11,3,10,8,21,22,0.5238095238095238,0.7857142857142857,0.6285714285714286,10,1.1965875029563904,0.0060706976801157
00860,airplane,matched,11,9,10,9,21,29,0.5238095238095238,0.55,0.5365853658536586,10,1.3962532468140125,0.008239010348916054
00860,airplane,dense_1024,12,11,9,12,21,35,0.5714285714285714,0.5217391304347826,0.5454545454545454,24,3.0096100829541683,0.011715954169631004
00860,airplane,dense_both,15,16,6,13,21,44,0.7142857142857143,0.4838709677419355,0.5769230769230769,128,16.171825230121613,0.014085371047258377
00860,large-vehicle,prompt,16,44,14,0,30,60,0.5333333333333333,0.26666666666666666,0.35555555555555557,10,1.3961335383355618,0.010542007163167
00860,large-vehicle,full,17,51,13,0,30,68,0.5666666666666667,0.25,0.3469387755102041,10,1.1951924730092287,0.011310117319226265
00860,large-vehicle,scale_prior,17,55,13,0,30,72,0.5666666666666667,0.2361111111111111,0.3333333333333333,10,1.2942502535879612,0.012633180245757103
00860,large-vehicle,matched,3,35,27,0,30,38,0.1,0.07894736842105263,0.08823529411764706,10,1.3021286688745022,0.005292171612381935
00860,large-vehicle,dense_1024,18,73,12,0,30,91,0.6,0.1978021978021978,0.2975206611570248,24,3.0096100829541683,0.017262034118175507
00860,large-vehicle,dense_both,26,145,4,0,30,171,0.8666666666666667,0.15204678362573099,0.25870646766169153,128,16.171825230121613,0.038906557485461235
00860,small-vehicle,prompt,114,56,287,0,401,170,0.28428927680798005,0.6705882352941176,0.39929947460595444,10,1.3884408622980118,0.04040072113275528
00860,small-vehicle,full,172,63,229,0,401,235,0.428927680798005,0.7319148936170212,0.5408805031446541,10,1.295180980116129,0.05850847624242306
00860,small-vehicle,scale_prior,121,51,280,0,401,172,0.30174563591022446,0.7034883720930233,0.4223385689354276,10,1.2959713246673346,0.04324185103178024
00860,small-vehicle,matched,121,52,280,0,401,173,0.30174563591022446,0.6994219653179191,0.42160278745644597,10,1.3969019167125225,0.0433978084474802
00860,small-vehicle,dense_1024,213,107,188,0,401,320,0.5311720698254364,0.665625,0.5908460471567267,24,3.0096100829541683,0.08878155425190926
00860,small-vehicle,dense_both,354,324,47,0,401,678,0.8827930174563591,0.5221238938053098,0.6561631139944393,128,16.171825230121613,0.201893275603652
00860,swimming-pool,prompt,9,4,3,0,12,13,0.75,0.6923076923076923,0.72,10,1.284596063196659,0.002636166289448738
00860,swimming-pool,full,4,3,8,0,12,7,0.3333333333333333,0.5714285714285714,0.42105263157894735,10,1.287172781303525,0.0014668405055999756
00860,swimming-pool,scale_prior,4,2,8,0,12,6,0.3333333333333333,0.6666666666666666,0.4444444444444444,10,1.2943976242095232,0.0012294743210077286
00860,swimming-pool,matched,4,3,8,0,12,7,0.3333333333333333,0.5714285714285714,0.42105263157894735,10,1.2922988086938858,0.0016216114163398743
00860,swimming-pool,dense_1024,4,2,8,0,12,6,0.3333333333333333,0.6666666666666666,0.4444444444444444,24,3.0096100829541683,0.0014136917889118195
00860,swimming-pool,dense_both,9,5,3,0,12,14,0.75,0.6428571428571429,0.6923076923076923,128,16.171825230121613,0.0034862663596868515
00862,storage-tank,prompt,1,2,2,0,3,3,0.3333333333333333,0.3333333333333333,0.3333333333333333,10,1.1307666786015034,0.0005065500736236572
00862,storage-tank,full,2,2,1,0,3,4,0.6666666666666666,0.5,0.5714285714285714,10,1.33031015843153,0.000830700621008873
00862,storage-tank,scale_prior,2,2,1,0,3,4,0.6666666666666666,0.5,0.5714285714285714,10,1.2300167717039585,0.0007737856358289719
00862,storage-tank,matched,2,2,1,0,3,4,0.6666666666666666,0.5,0.5714285714285714,10,1.2300167717039585,0.0007889922708272934
00862,storage-tank,dense_1024,3,3,0,0,3,6,1.0,0.5,0.6666666666666666,24,3.0565587151795626,0.0012638848274946213
00862,storage-tank,dense_both,3,3,0,0,3,6,1.0,0.5,0.6666666666666666,115,14.902982013300061,0.00131191685795784
00867,airplane,prompt,8,3,7,0,15,11,0.5333333333333333,0.7272727272727273,0.6153846153846154,10,1.3892940171062946,0.002748282626271248
00867,airplane,full,12,3,3,0,15,15,0.8,0.8,0.8,10,1.3011852502822876,0.0029408466070890427
00867,airplane,scale_prior,12,3,3,0,15,15,0.8,0.8,0.8,10,1.220957912504673,0.002690311521291733
00867,airplane,matched,8,3,7,0,15,11,0.5333333333333333,0.7272727272727273,0.6153846153846154,10,1.3065639436244965,0.0022843126207590103
00867,airplane,dense_1024,15,3,0,0,15,18,1.0,0.8333333333333334,0.9090909090909091,24,3.033238857984543,0.003505876287817955
00867,airplane,dense_both,15,3,0,0,15,18,1.0,0.8333333333333334,0.9090909090909091,128,16.184724297374487,0.005251102149486542
00867,large-vehicle,prompt,0,15,7,0,7,15,0.0,0.0,0.0,10,1.314820446074009,0.0019625332206487656
00867,large-vehicle,full,0,26,7,0,7,26,0.0,0.0,0.0,10,1.4199803117662668,0.0044984035193920135
00867,large-vehicle,scale_prior,0,24,7,0,7,24,0.0,0.0,0.0,10,1.3179418221116066,0.003533400595188141
00867,large-vehicle,matched,0,24,7,0,7,24,0.0,0.0,0.0,10,1.3205794617533684,0.003623347729444504
00867,large-vehicle,dense_1024,1,33,6,0,7,34,0.14285714285714285,0.029411764705882353,0.04878048780487805,24,3.033238857984543,0.005061911419034004
00867,large-vehicle,dense_both,2,38,5,0,7,40,0.2857142857142857,0.05,0.0851063829787234,128,16.184724297374487,0.00741240568459034
00867,small-vehicle,prompt,428,179,950,1,1378,608,0.31059506531204645,0.7051070840197694,0.43123425692695216,10,1.2122943177819252,0.19183690287172794
00867,small-vehicle,full,379,190,999,1,1378,570,0.27503628447024675,0.6660808435852372,0.38931689779147405,10,1.4189508724957705,0.19030740298330784
00867,small-vehicle,scale_prior,379,184,999,1,1378,564,0.27503628447024675,0.6731793960923623,0.3905203503348789,10,1.319364232942462,0.18865159526467323
00867,small-vehicle,matched,379,184,999,1,1378,564,0.27503628447024675,0.6731793960923623,0.3905203503348789,10,1.319364232942462,0.1888646688312292
00867,small-vehicle,dense_1024,46,179,1332,5,1378,230,0.033381712626995644,0.20444444444444446,0.05739238927011853,24,3.033238857984543,0.07601000554859638
00867,small-vehicle,dense_both,897,463,481,26,1378,1386,0.6509433962264151,0.6595588235294118,0.6552227903579255,128,16.184724297374487,0.44178381003439426
00867,storage-tank,prompt,1,0,0,0,1,1,1.0,1.0,1.0,10,1.213566767051816,0.0004324633628129959
00867,storage-tank,full,1,1,0,0,1,2,1.0,0.5,0.6666666666666666,10,1.3224062826484442,0.0004945453256368637
00867,storage-tank,scale_prior,1,0,0,0,1,1,1.0,1.0,1.0,10,1.213244179263711,0.0002910196781158447
00867,storage-tank,matched,1,0,0,0,1,1,1.0,1.0,1.0,10,1.3139621652662754,0.00032469257712364197
00867,storage-tank,dense_1024,1,2,0,0,1,3,1.0,0.3333333333333333,0.5,24,3.033238857984543,0.0005311425775289536
00867,storage-tank,dense_both,1,3,0,0,1,4,1.0,0.25,0.4,128,16.184724297374487,0.0008546300232410431
00893,airplane,prompt,20,5,44,4,64,29,0.3125,0.8,0.449438202247191,10,1.3015926592051983,0.006635900586843491
00893,airplane,full,31,6,33,4,64,41,0.484375,0.8378378378378378,0.6138613861386139,10,1.5026078820228577,0.010387850925326347
00893,airplane,scale_prior,33,6,31,4,64,43,0.515625,0.8461538461538461,0.6407766990291263,10,1.4054170344024897,0.010781079530715942
00893,airplane,matched,31,7,33,4,64,42,0.484375,0.8157894736842105,0.6078431372549019,10,1.2984483670443296,0.010923579335212708
00893,airplane,dense_1024,46,6,18,4,64,56,0.71875,0.8846153846153846,0.7931034482758621,24,3.020436780527234,0.015158334746956825
00893,airplane,dense_both,60,18,4,4,64,82,0.9375,0.7692307692307693,0.8450704225352113,108,13.41268765926361,0.026221323758363724
00893,helicopter,prompt,1,2,4,0,5,3,0.2,0.3333333333333333,0.25,10,1.4089688919484615,0.00046859122812747955
00893,helicopter,full,0,1,5,0,5,1,0.0,0.0,0.0,10,1.2884517908096313,0.00018157437443733215
00893,helicopter,scale_prior,0,0,5,0,5,0,0.0,0.0,0.0,10,1.308458298444748,4.133954644203186e-05
00893,helicopter,matched,0,0,5,0,5,0,0.0,0.0,0.0,10,1.308458298444748,3.802403807640076e-05
00893,helicopter,dense_1024,0,3,5,0,5,3,0.0,0.0,0.0,24,3.020436780527234,0.0005422420799732208
00893,helicopter,dense_both,2,7,3,0,5,9,0.4,0.2222222222222222,0.2857142857142857,108,13.41268765926361,0.001751268282532692
00893,large-vehicle,prompt,2,30,11,0,13,32,0.15384615384615385,0.0625,0.08888888888888889,10,1.1938298344612122,0.004160122945904732
00893,large-vehicle,full,3,47,10,0,13,50,0.23076923076923078,0.06,0.09523809523809523,10,1.4087424576282501,0.007477091625332832
00893,large-vehicle,scale_prior,3,47,10,0,13,50,0.23076923076923078,0.06,0.09523809523809523,10,1.4083480387926102,0.0069413091987371445
00893,large-vehicle,matched,3,47,10,0,13,50,0.23076923076923078,0.06,0.09523809523809523,10,1.4087424576282501,0.007459832355380058
00893,large-vehicle,dense_1024,8,78,5,0,13,86,0.6153846153846154,0.09302325581395349,0.16161616161616163,24,3.020436780527234,0.01302037388086319
00893,large-vehicle,dense_both,10,135,3,0,13,145,0.7692307692307693,0.06896551724137931,0.12658227848101267,108,13.41268765926361,0.025585897266864777
00893,ship,prompt,3,45,25,0,28,48,0.10714285714285714,0.0625,0.07894736842105263,10,1.0811704769730568,0.007401091977953911
00893,ship,full,0,14,28,0,28,14,0.0,0.0,0.0,10,1.4987073224037886,0.0022402163594961166
00893,ship,scale_prior,1,37,27,0,28,38,0.03571428571428571,0.02631578947368421,0.030303030303030304,10,1.3918545693159103,0.005730818957090378
00893,ship,matched,0,13,28,0,28,13,0.0,0.0,0.0,10,1.3897780384868383,0.0022350121289491653
00893,ship,dense_1024,0,9,28,0,28,9,0.0,0.0,0.0,24,3.020436780527234,0.001626843586564064
00893,ship,dense_both,14,123,14,0,28,137,0.5,0.10218978102189781,0.1696969696969697,108,13.41268765926361,0.02658139541745186
00893,small-vehicle,prompt,867,279,1490,0,2357,1146,0.367840475180314,0.756544502617801,0.4950042820439623,10,1.1958782579749823,0.2795382831245661
00893,small-vehicle,full,441,268,1916,0,2357,709,0.18710224862112856,0.6220028208744711,0.2876712328767123,10,1.4080883525311947,0.19870910979807377
00893,small-vehicle,scale_prior,475,294,1882,0,2357,769,0.20152736529486637,0.6176853055916776,0.3039027511196417,10,1.4083480387926102,0.20383389480412006
00893,small-vehicle,matched,429,281,1928,0,2357,710,0.18201103097157403,0.604225352112676,0.27975220084773395,10,1.418154250830412,0.19202196598052979
00893,small-vehicle,dense_1024,343,376,2014,0,2357,719,0.14552397114976665,0.47705146036161333,0.22301690507152144,24,3.020436780527234,0.20339209586381912
00893,small-vehicle,dense_both,1835,877,522,0,2357,2712,0.7785320322443785,0.676622418879056,0.7240086802130598,108,13.41268765926361,0.7774545233696699
00893,storage-tank,prompt,0,9,4,0,4,9,0.0,0.0,0.0,10,1.4064455833286047,0.0016141794621944427
00893,storage-tank,full,2,10,2,0,4,12,0.5,0.16666666666666666,0.25,10,1.2942203227430582,0.0022401828318834305
00893,storage-tank,scale_prior,2,9,2,0,4,11,0.5,0.18181818181818182,0.26666666666666666,10,1.1897925455123186,0.0020569637417793274
00893,storage-tank,matched,2,1,2,0,4,3,0.5,0.6666666666666666,0.5714285714285714,10,1.099772747606039,0.0007021203637123108
00893,storage-tank,dense_1024,2,10,2,0,4,12,0.5,0.16666666666666666,0.25,24,3.020436780527234,0.002230556681752205
00893,storage-tank,dense_both,4,16,0,0,4,20,1.0,0.2,0.3333333333333333,108,13.41268765926361,0.004426177591085434
00893,swimming-pool,prompt,1,8,1,0,2,9,0.5,0.1111111111111111,0.18181818181818182,10,1.2070679403841496,0.0014664288610219955
00893,swimming-pool,full,1,7,1,0,2,8,0.5,0.125,0.2,10,1.3000543881207705,0.0015351660549640656
00893,swimming-pool,scale_prior,1,9,1,0,2,10,0.5,0.1,0.16666666666666666,10,1.1940780337899923,0.0020224079489707947
00893,swimming-pool,matched,1,9,1,0,2,10,0.5,0.1,0.16666666666666666,10,1.1940780337899923,0.00201466865837574
00893,swimming-pool,dense_1024,1,8,1,0,2,9,0.5,0.1111111111111111,0.18181818181818182,24,3.020436780527234,0.002049742266535759
00893,swimming-pool,dense_both,1,34,1,0,2,35,0.5,0.02857142857142857,0.05405405405405406,108,13.41268765926361,0.006325552240014076
00905,airplane,prompt,20,7,42,0,62,27,0.3225806451612903,0.7407407407407407,0.449438202247191,10,1.223837336525321,0.006378991529345512
00905,airplane,full,50,13,12,2,62,65,0.8064516129032258,0.7936507936507936,0.8,10,1.304350171238184,0.01568090170621872
00905,airplane,scale_prior,43,14,19,2,62,59,0.6935483870967742,0.7543859649122807,0.7226890756302521,10,1.3103912640362978,0.014447718858718872
00905,airplane,matched,29,12,33,2,62,43,0.46774193548387094,0.7073170731707317,0.5631067961165048,10,1.2160406857728958,0.009269161149859428
00905,airplane,dense_1024,51,15,11,2,62,68,0.8225806451612904,0.7727272727272727,0.796875,24,3.0290580485016108,0.017539454624056816
00905,airplane,dense_both,54,14,8,2,62,70,0.8709677419354839,0.7941176470588235,0.8307692307692308,115,14.793035021051764,0.022251948714256287
00905,large-vehicle,prompt,0,2,4,0,4,2,0.0,0.0,0.0,10,1.5289967264980078,0.00030539557337760925
00905,large-vehicle,full,3,2,1,0,4,5,0.75,0.6,0.6666666666666666,10,1.5092351473867893,0.0010033268481492996
00905,large-vehicle,scale_prior,3,3,1,0,4,6,0.75,0.5,0.6,10,1.4235389214009047,0.0011378806084394455
00905,large-vehicle,matched,3,3,1,0,4,6,0.75,0.5,0.6,10,1.4215181153267622,0.0011249184608459473
00905,large-vehicle,dense_1024,4,18,0,0,4,22,1.0,0.18181818181818182,0.3076923076923077,24,3.0290580485016108,0.003059541806578636
00905,large-vehicle,dense_both,4,44,0,0,4,48,1.0,0.08333333333333333,0.15384615384615385,115,14.793035021051764,0.0074950456619262695
00905,small-vehicle,prompt,0,18,8,0,8,18,0.0,0.0,0.0,10,1.5252847727388144,0.0019800569862127304
00905,small-vehicle,full,0,4,8,0,8,4,0.0,0.0,0.0,10,1.4110519997775555,0.0005858279764652252
00905,small-vehicle,scale_prior,0,8,8,0,8,8,0.0,0.0,0.0,10,1.519471064209938,0.0008946582674980164
00905,small-vehicle,matched,0,1,8,0,8,1,0.0,0.0,0.0,10,1.318385573104024,0.00026759132742881775
00905,small-vehicle,dense_1024,0,14,8,0,8,14,0.0,0.0,0.0,24,3.0290580485016108,0.00189201720058918
00905,small-vehicle,dense_both,0,256,8,7,8,263,0.0,0.0,0.0,115,14.793035021051764,0.036172160878777504
00905,storage-tank,prompt,2,0,5,0,7,2,0.2857142857142857,1.0,0.4444444444444444,10,1.1267315186560154,0.00037922896444797516
00905,storage-tank,full,2,1,5,0,7,3,0.2857142857142857,0.6666666666666666,0.4,10,1.2149233631789684,0.000626053661108017
00905,storage-tank,scale_prior,2,0,5,0,7,2,0.2857142857142857,1.0,0.4444444444444444,10,1.311953578144312,0.0004764869809150696
00905,storage-tank,matched,2,0,5,0,7,2,0.2857142857142857,1.0,0.4444444444444444,10,1.311953578144312,0.0004818253219127655
00905,storage-tank,dense_1024,4,1,3,0,7,5,0.5714285714285714,0.8,0.6666666666666666,24,3.0290580485016108,0.0009512770920991898
00905,storage-tank,dense_both,5,2,2,0,7,7,0.7142857142857143,0.7142857142857143,0.7142857142857143,115,14.793035021051764,0.0014434419572353363
00905,swimming-pool,prompt,2,3,1,0,3,5,0.6666666666666666,0.4,0.5,10,1.3320479951798916,0.0010104663670063019
00905,swimming-pool,full,1,3,2,0,3,4,0.3333333333333333,0.25,0.2857142857142857,10,1.218532083556056,0.0008633174002170563
00905,swimming-pool,scale_prior,2,3,1,0,3,5,0.6666666666666666,0.4,0.5,10,1.2108539417386055,0.00099223293364048
00905,swimming-pool,matched,2,3,1,0,3,5,0.6666666666666666,0.4,0.5,10,1.2201595362275839,0.0009975060820579529
00905,swimming-pool,dense_1024,2,3,1,0,3,5,0.6666666666666666,0.4,0.5,24,3.0290580485016108,0.001156805083155632
00905,swimming-pool,dense_both,2,10,1,0,3,12,0.6666666666666666,0.16666666666666666,0.26666666666666666,115,14.793035021051764,0.002356836572289467
00921,storage-tank,prompt,3,0,8,0,11,3,0.2727272727272727,1.0,0.42857142857142855,10,1.211514875292778,0.0009742807596921921
00921,storage-tank,full,3,0,8,0,11,3,0.2727272727272727,1.0,0.42857142857142855,10,1.5709620155394077,0.0007259026169776917
00921,storage-tank,scale_prior,3,0,8,0,11,3,0.2727272727272727,1.0,0.42857142857142855,10,1.3153025712817907,0.0007322430610656738
00921,storage-tank,matched,3,0,8,0,11,3,0.2727272727272727,1.0,0.42857142857142855,10,1.3153025712817907,0.0006957370787858963
00921,storage-tank,dense_1024,3,0,8,0,11,3,0.2727272727272727,1.0,0.42857142857142855,24,3.4542978685349226,0.0007980167865753174
00921,storage-tank,dense_both,3,1,8,0,11,4,0.2727272727272727,0.75,0.4,115,15.449532316997647,0.0012798253446817398
00931,helicopter,prompt,0,0,74,0,74,0,0.0,0.0,0.0,10,1.2978080175817013,0.00018165260553359985
00931,helicopter,full,0,0,74,0,74,0,0.0,0.0,0.0,10,1.2662727944552898,0.00013778917491436005
00931,helicopter,scale_prior,0,0,74,0,74,0,0.0,0.0,0.0,10,1.2635184433311224,0.00013198144733905792
00931,helicopter,matched,0,0,74,0,74,0,0.0,0.0,0.0,10,1.2635184433311224,0.00012952275574207306
00931,helicopter,dense_1024,0,0,74,0,74,0,0.0,0.0,0.0,24,2.840418478474021,0.0001286882907152176
00931,helicopter,dense_both,0,13,74,0,74,13,0.0,0.0,0.0,115,14.138604128733277,0.0018325503915548325
00931,large-vehicle,prompt,0,9,1,0,1,9,0.0,0.0,0.0,10,1.1702204439789057,0.0012184660881757736
00931,large-vehicle,full,0,17,1,0,1,17,0.0,0.0,0.0,10,1.17307610809803,0.002182740718126297
00931,large-vehicle,scale_prior,0,12,1,0,1,12,0.0,0.0,0.0,10,1.1601101513952017,0.0018436890095472336
00931,large-vehicle,matched,0,12,1,0,1,12,0.0,0.0,0.0,10,1.1601101513952017,0.0018635913729667664
00931,large-vehicle,dense_1024,0,20,1,0,1,20,0.0,0.0,0.0,24,2.840418478474021,0.002993045374751091
00931,large-vehicle,dense_both,1,36,0,0,1,37,1.0,0.02702702702702703,0.05263157894736842,115,14.138604128733277,0.005588099360466003
00931,small-vehicle,prompt,45,33,23,0,68,78,0.6617647058823529,0.5769230769230769,0.6164383561643836,10,1.168306726962328,0.014364305883646011
00931,small-vehicle,full,22,29,46,0,68,51,0.3235294117647059,0.43137254901960786,0.3697478991596639,10,1.1700300332158804,0.008628619834780693
00931,small-vehicle,scale_prior,22,29,46,0,68,51,0.3235294117647059,0.43137254901960786,0.3697478991596639,10,1.1651217229664326,0.008592778816819191
00931,small-vehicle,matched,22,31,46,0,68,53,0.3235294117647059,0.41509433962264153,0.36363636363636365,10,1.2616810761392117,0.008839240297675133
00931,small-vehicle,dense_1024,62,65,6,0,68,127,0.9117647058823529,0.4881889763779528,0.6358974358974359,24,2.840418478474021,0.024740157648921013
00931,small-vehicle,dense_both,66,88,2,0,68,154,0.9705882352941176,0.42857142857142855,0.5945945945945946,115,14.138604128733277,0.036716872826218605
00936,large-vehicle,prompt,5,90,8,0,13,95,0.38461538461538464,0.05263157894736842,0.09259259259259259,10,1.373782193288207,0.014320725575089455
00936,large-vehicle,full,8,156,5,0,13,164,0.6153846153846154,0.04878048780487805,0.0903954802259887,10,1.2342320010066032,0.02331196889281273
00936,large-vehicle,scale_prior,8,188,5,0,13,196,0.6153846153846154,0.04081632653061224,0.07655502392344497,10,1.12796975299716,0.031233351677656174
00936,large-vehicle,matched,7,185,6,0,13,192,0.5384615384615384,0.036458333333333336,0.06829268292682927,10,1.1332962922751904,0.030587088316679
00936,large-vehicle,dense_1024,12,447,1,0,13,459,0.9230769230769231,0.026143790849673203,0.05084745762711865,24,2.9179405085742474,0.08808855898678303
00936,large-vehicle,dense_both,13,951,0,0,13,964,1.0,0.013485477178423237,0.02661207778915046,115,14.465121977031231,0.2418316975235939
00936,small-vehicle,prompt,3,8,439,0,442,11,0.006787330316742082,0.2727272727272727,0.013245033112582781,10,1.2600136939436197,0.002934390679001808
00936,small-vehicle,full,102,184,340,0,442,286,0.23076923076923078,0.35664335664335667,0.2802197802197802,10,1.232328426092863,0.0588543526828289
00936,small-vehicle,scale_prior,108,190,334,0,442,298,0.24434389140271492,0.3624161073825503,0.2918918918918919,10,1.2228666562587023,0.06575040705502033
00936,small-vehicle,matched,104,185,338,0,442,289,0.23529411764705882,0.35986159169550175,0.28454172366621067,10,1.232839373871684,0.06572596356272697
00936,small-vehicle,dense_1024,289,262,153,0,442,551,0.6538461538461539,0.5245009074410163,0.5820745216515609,24,2.9179405085742474,0.14024298079311848
00936,small-vehicle,dense_both,421,297,21,0,442,718,0.9524886877828054,0.5863509749303621,0.7258620689655172,115,14.465121977031231,0.2280398141592741
00959,airplane,prompt,2,0,12,0,14,2,0.14285714285714285,1.0,0.25,10,1.284932805225253,0.0006947629153728485
00959,airplane,full,3,0,11,0,14,3,0.21428571428571427,1.0,0.35294117647058826,10,1.2881018202751875,0.0006900671869516373
00959,airplane,scale_prior,8,0,6,0,14,8,0.5714285714285714,1.0,0.7272727272727273,10,1.1836937684565783,0.0013168882578611374
00959,airplane,matched,8,0,6,0,14,8,0.5714285714285714,1.0,0.7272727272727273,10,1.1857623010873795,0.0012662597000598907
00959,airplane,dense_1024,11,1,3,1,14,13,0.7857142857142857,0.9166666666666666,0.8461538461538461,24,2.967338990420103,0.0031641237437725067
00959,airplane,dense_both,10,9,4,1,14,20,0.7142857142857143,0.5263157894736842,0.6060606060606061,120,14.821224223822355,0.005142074078321457
00959,large-vehicle,prompt,0,8,1,0,1,8,0.0,0.0,0.0,10,1.1886512003839016,0.0011338405311107635
00959,large-vehicle,full,0,32,1,0,1,32,0.0,0.0,0.0,10,1.0954432636499405,0.0037888772785663605
00959,large-vehicle,scale_prior,0,19,1,0,1,19,0.0,0.0,0.0,10,1.2031682264059782,0.002068791538476944
00959,large-vehicle,matched,0,20,1,0,1,20,0.0,0.0,0.0,10,1.2030613720417023,0.0021415427327156067
00959,large-vehicle,dense_1024,0,43,1,0,1,43,0.0,0.0,0.0,24,2.967338990420103,0.007016686722636223
00959,large-vehicle,dense_both,0,48,1,0,1,48,0.0,0.0,0.0,120,14.821224223822355,0.008148087188601494
00959,small-vehicle,prompt,405,82,525,0,930,487,0.43548387096774194,0.8316221765913757,0.5716302046577276,10,1.0049428846687078,0.12475487403571606
00959,small-vehicle,full,283,90,647,0,930,373,0.3043010752688172,0.7587131367292225,0.43438219493476593,10,1.1999854389578104,0.09293767996132374
00959,small-vehicle,scale_prior,281,63,649,0,930,344,0.3021505376344086,0.8168604651162791,0.4411302982731554,10,1.2015643864870071,0.08375122398138046
00959,small-vehicle,matched,281,63,649,0,930,344,0.3021505376344086,0.8168604651162791,0.4411302982731554,10,1.1998059507459402,0.08365663141012192
00959,small-vehicle,dense_1024,32,99,898,0,930,131,0.034408602150537634,0.24427480916030533,0.060320452403393024,24,2.967338990420103,0.036925867199897766
00959,small-vehicle,dense_both,649,248,281,0,930,897,0.6978494623655914,0.7235228539576366,0.7104542966611932,120,14.821224223822355,0.2773655652999878
00959,storage-tank,prompt,0,0,1,0,1,0,0.0,0.0,0.0,10,1.2932628281414509,4.9367547035217285e-05
00959,storage-tank,full,1,0,0,0,1,1,1.0,1.0,1.0,10,1.1879043765366077,0.00021407753229141235
00959,storage-tank,scale_prior,1,0,0,0,1,1,1.0,1.0,1.0,10,1.192191256210208,0.00020923465490341187
00959,storage-tank,matched,1,0,0,0,1,1,1.0,1.0,1.0,10,1.192191256210208,0.00019623711705207825
00959,storage-tank,dense_1024,1,0,0,0,1,1,1.0,1.0,1.0,24,2.967338990420103,0.0002744235098361969
00959,storage-tank,dense_both,1,1,0,0,1,2,1.0,0.5,0.6666666666666666,120,14.821224223822355,0.0006664078682661057
00960,airplane,prompt,6,8,8,0,14,14,0.42857142857142855,0.42857142857142855,0.42857142857142855,10,1.1963321212679148,0.0028201639652252197
00960,airplane,full,13,7,1,0,14,20,0.9285714285714286,0.65,0.7647058823529411,10,1.1915493980050087,0.003951597958803177
00960,airplane,scale_prior,7,0,7,0,14,7,0.5,1.0,0.6666666666666666,10,1.2125091254711151,0.0015613120049238205
00960,airplane,matched,6,5,8,0,14,11,0.42857142857142855,0.5454545454545454,0.48,10,1.1092570144683123,0.0020779427140951157
00960,airplane,dense_1024,14,3,0,0,14,17,1.0,0.8235294117647058,0.9032258064516129,24,3.0014521069824696,0.004182601347565651
00960,airplane,dense_both,14,26,0,0,14,40,1.0,0.35,0.5185185185185185,115,14.428078031167388,0.008778143674135208
00960,helicopter,prompt,4,1,0,0,4,5,1.0,0.8,0.8888888888888888,10,1.1958482172340155,0.0009406600147485733
00960,helicopter,full,3,0,1,0,4,3,0.75,1.0,0.8571428571428571,10,1.287226377055049,0.000500950962305069
00960,helicopter,scale_prior,2,0,2,0,4,2,0.5,1.0,0.6666666666666666,10,1.098433280363679,0.0003714747726917267
00960,helicopter,matched,2,0,2,0,4,2,0.5,1.0,0.6666666666666666,10,1.1947912462055683,0.0003815162926912308
00960,helicopter,dense_1024,3,0,1,0,4,3,0.75,1.0,0.8571428571428571,24,3.0014521069824696,0.0004945416003465652
00960,helicopter,dense_both,4,4,0,0,4,8,1.0,0.5,0.6666666666666666,115,14.428078031167388,0.001529773697257042
00960,large-vehicle,prompt,14,4,3,0,17,18,0.8235294117647058,0.7777777777777778,0.8,10,1.09722557105124,0.0030893031507730484
00960,large-vehicle,full,0,12,17,0,17,12,0.0,0.0,0.0,10,1.2951150462031364,0.0018336251378059387
00960,large-vehicle,scale_prior,14,12,3,0,17,26,0.8235294117647058,0.5384615384615384,0.6511627906976745,10,1.2943591736257076,0.004151172935962677
00960,large-vehicle,matched,0,10,17,0,17,10,0.0,0.0,0.0,10,1.2942430842667818,0.0013997871428728104
00960,large-vehicle,dense_1024,16,30,1,0,17,46,0.9411764705882353,0.34782608695652173,0.5079365079365079,24,3.0014521069824696,0.008577819913625717
00960,large-vehicle,dense_both,17,54,0,0,17,71,1.0,0.23943661971830985,0.38636363636363635,115,14.428078031167388,0.014352435246109962
00960,small-vehicle,prompt,1,3,272,0,273,4,0.003663003663003663,0.25,0.007220216606498195,10,1.199087394401431,0.0010957010090351105
00960,small-vehicle,full,27,52,246,1,273,80,0.0989010989010989,0.34177215189873417,0.1534090909090909,10,1.2899679951369762,0.019727541133761406
00960,small-vehicle,scale_prior,38,52,235,1,273,91,0.1391941391941392,0.4222222222222222,0.209366391184573,10,1.2911310270428658,0.02158857136964798
00960,small-vehicle,matched,38,52,235,1,273,91,0.1391941391941392,0.4222222222222222,0.209366391184573,10,1.2908230498433113,0.021633312106132507
00960,small-vehicle,dense_1024,97,136,176,1,273,234,0.3553113553113553,0.41630901287553645,0.383399209486166,24,3.0014521069824696,0.05416280776262283
00960,small-vehicle,dense_both,224,180,49,2,273,406,0.8205128205128205,0.5544554455445545,0.6617429837518464,115,14.428078031167388,0.10122565366327763
00964,airplane,prompt,13,6,5,0,18,19,0.7222222222222222,0.6842105263157895,0.7027027027027027,10,1.3963188510388136,0.003086695447564125
00964,airplane,full,14,4,4,0,18,18,0.7777777777777778,0.7777777777777778,0.7777777777777778,10,1.34620482288301,0.0036899596452713013
00964,airplane,scale_prior,15,4,3,0,18,19,0.8333333333333334,0.7894736842105263,0.8108108108108109,10,1.3452190905809402,0.0034854263067245483
00964,airplane,matched,15,4,3,0,18,19,0.8333333333333334,0.7894736842105263,0.8108108108108109,10,1.3452190905809402,0.0034787748008966446
00964,airplane,dense_1024,16,4,2,0,18,20,0.8888888888888888,0.8,0.8421052631578947,36,4.565483273938298,0.004754163324832916
00964,airplane,dense_both,16,11,2,0,18,27,0.8888888888888888,0.5925925925925926,0.7111111111111111,179,22.520745370537043,0.0062024518847465515
00964,large-vehicle,prompt,2,69,59,0,61,71,0.03278688524590164,0.028169014084507043,0.030303030303030304,10,1.1083070766180754,0.008897116407752037
00964,large-vehicle,full,3,115,58,0,61,118,0.04918032786885246,0.025423728813559324,0.0335195530726257,10,1.2046060226857662,0.015267955139279366
00964,large-vehicle,scale_prior,4,97,57,0,61,101,0.06557377049180328,0.039603960396039604,0.04938271604938271,10,1.1130930092185736,0.013105349615216255
00964,large-vehicle,matched,4,127,57,0,61,131,0.06557377049180328,0.030534351145038167,0.041666666666666664,10,1.207034481689334,0.01648188941180706
00964,large-vehicle,dense_1024,20,210,41,2,61,232,0.32786885245901637,0.08695652173913043,0.13745704467353953,36,4.565483273938298,0.03716994822025299
00964,large-vehicle,dense_both,34,351,27,10,61,395,0.5573770491803278,0.08831168831168831,0.15246636771300448,179,22.520745370537043,0.07292450964450836
00964,small-vehicle,prompt,161,291,1470,0,1631,452,0.09871244635193133,0.3561946902654867,0.15458473355736918,10,1.2097565066069365,0.09261922352015972
00964,small-vehicle,full,83,112,1548,0,1631,195,0.050889025137952175,0.4256410256410256,0.09090909090909091,10,1.3008327446877956,0.05615394748747349
00964,small-vehicle,scale_prior,114,219,1517,0,1631,333,0.06989576946658492,0.34234234234234234,0.11608961303462322,10,1.2049854658544064,0.07512964121997356
00964,small-vehicle,matched,83,112,1548,0,1631,195,0.050889025137952175,0.4256410256410256,0.09090909090909091,10,1.2067349199205637,0.05560152046382427
00964,small-vehicle,dense_1024,0,124,1631,0,1631,124,0.0,0.0,0.0,36,4.565483273938298,0.029741056263446808
00964,small-vehicle,dense_both,799,1931,832,9,1631,2739,0.489883507050889,0.2926739926739927,0.36642971795459756,179,22.520745370537043,0.6025775093585253
00964,storage-tank,prompt,1,0,3,1,4,2,0.25,1.0,0.4,10,1.293043127283454,0.0007612258195877075
00964,storage-tank,full,1,0,3,1,4,2,0.25,1.0,0.4,10,1.101031480357051,0.0007012840360403061
00964,storage-tank,scale_prior,2,0,2,1,4,3,0.5,1.0,0.6666666666666666,10,1.2015994675457478,0.0007952917367219925
00964,storage-tank,matched,1,0,3,1,4,2,0.25,1.0,0.4,10,1.1891538314521313,0.0007036793977022171
00964,storage-tank,dense_1024,4,4,0,1,4,9,1.0,0.5,0.6666666666666666,36,4.565483273938298,0.0013829302042722702
00964,storage-tank,dense_both,4,35,0,1,4,40,1.0,0.10256410256410256,0.18604651162790697,179,22.520745370537043,0.009363038465380669
00965,large-vehicle,prompt,4,51,9,0,13,55,0.3076923076923077,0.07272727272727272,0.11764705882352941,10,1.3154010232537985,0.008949795737862587
00965,large-vehicle,full,12,80,1,0,13,92,0.9230769230769231,0.13043478260869565,0.22857142857142856,10,1.3106965944170952,0.014062965288758278
00965,large-vehicle,scale_prior,13,81,0,0,13,94,1.0,0.13829787234042554,0.24299065420560748,10,1.309552764520049,0.014327555894851685
00965,large-vehicle,matched,13,81,0,0,13,94,1.0,0.13829787234042554,0.24299065420560748,10,1.309552764520049,0.014219263568520546
00965,large-vehicle,dense_1024,13,80,0,0,13,93,1.0,0.13978494623655913,0.24528301886792453,24,3.0223936811089516,0.012157848104834557
00965,large-vehicle,dense_both,13,100,0,0,13,113,1.0,0.11504424778761062,0.20634920634920634,115,14.474179103970528,0.020274754613637924
00965,small-vehicle,prompt,50,41,145,0,195,91,0.2564102564102564,0.5494505494505495,0.34965034965034963,10,1.1115463692694902,0.013905683532357216
00965,small-vehicle,full,100,92,95,0,195,192,0.5128205128205128,0.5208333333333334,0.5167958656330749,10,1.2019709050655365,0.03150823712348938
00965,small-vehicle,scale_prior,103,94,92,0,195,197,0.5282051282051282,0.5228426395939086,0.5255102040816326,10,1.1007227003574371,0.033323267474770546
00965,small-vehicle,matched,103,94,92,0,195,197,0.5282051282051282,0.5228426395939086,0.5255102040816326,10,1.1007227003574371,0.03326260857284069
00965,small-vehicle,dense_1024,177,177,18,0,195,354,0.9076923076923077,0.5,0.644808743169399,24,3.0223936811089516,0.0694316029548645
00965,small-vehicle,dense_both,184,262,11,0,195,446,0.9435897435897436,0.4125560538116592,0.5741029641185648,115,14.474179103970528,0.10157111659646034
00965,swimming-pool,prompt,27,9,19,1,46,37,0.5869565217391305,0.75,0.6585365853658537,10,1.3962283451110125,0.006804751232266426
00965,swimming-pool,full,36,23,10,2,46,61,0.782608695652174,0.6101694915254238,0.6857142857142857,10,1.103259013965726,0.012106353417038918
00965,swimming-pool,scale_prior,34,23,12,2,46,59,0.7391304347826086,0.5964912280701754,0.6601941747572816,10,1.1031469758599997,0.011547476053237915
00965,swimming-pool,matched,34,23,12,2,46,59,0.7391304347826086,0.5964912280701754,0.6601941747572816,10,1.1031469758599997,0.011599916964769363
00965,swimming-pool,dense_1024,40,30,6,1,46,71,0.8695652173913043,0.5714285714285714,0.6896551724137931,24,3.0223936811089516,0.015634819865226746
00965,swimming-pool,dense_both,40,40,6,2,46,82,0.8695652173913043,0.5,0.6349206349206349,115,14.474179103970528,0.02263825200498104
00967,large-vehicle,prompt,1,193,3,0,4,194,0.25,0.005154639175257732,0.010101010101010102,10,1.256363758817315,0.026007676497101784
00967,large-vehicle,full,0,142,4,0,4,142,0.0,0.0,0.0,10,1.2947622146457434,0.019528519362211227
00967,large-vehicle,scale_prior,0,140,4,0,4,140,0.0,0.0,0.0,10,1.2854297868907452,0.019492395222187042
00967,large-vehicle,matched,0,134,4,0,4,134,0.0,0.0,0.0,10,1.2899820506572723,0.017432089895009995
00967,large-vehicle,dense_1024,3,140,1,0,4,143,0.75,0.02097902097902098,0.04081632653061224,24,2.9832336846739054,0.021429503336548805
00967,large-vehicle,dense_both,3,823,1,0,4,826,0.75,0.0036319612590799033,0.007228915662650603,128,15.063055701553822,0.14745299145579338
00967,small-vehicle,prompt,1272,43,2558,0,3830,1315,0.33211488250652743,0.9673003802281369,0.4944606413994169,10,1.473195718601346,0.35593635588884354
00967,small-vehicle,full,2310,30,1520,0,3830,2340,0.6031331592689295,0.9871794871794872,0.7487844408427877,10,1.403170619159937,0.706895750015974
00967,small-vehicle,scale_prior,1804,29,2026,0,3830,1833,0.4710182767624021,0.9841789416257501,0.6371181352639943,10,1.5057934615761042,0.5321434885263443
00967,small-vehicle,matched,1973,33,1857,0,3830,2006,0.5151436031331593,0.9835493519441675,0.6761480466072652,10,1.1904669757932425,0.5923982243984938
00967,small-vehicle,dense_1024,2692,47,1138,0,3830,2739,0.7028720626631854,0.9828404527199708,0.8196072461561882,24,2.9832336846739054,0.8495214059948921
00967,small-vehicle,dense_both,3734,100,96,0,3830,3834,0.974934725848564,0.9739175795513824,0.9744258872651357,128,15.063055701553822,1.5144964158535004
00975,large-vehicle,prompt,18,296,5,0,23,314,0.782608695652174,0.05732484076433121,0.10682492581602374,10,1.166537344455719,0.046500638127326965
00975,large-vehicle,full,18,387,5,0,23,405,0.782608695652174,0.044444444444444446,0.08411214953271028,10,1.207683751359582,0.06506535410881042
00975,large-vehicle,scale_prior,16,270,7,0,23,286,0.6956521739130435,0.055944055944055944,0.10355987055016182,10,1.1083045341074467,0.047623755410313606
00975,large-vehicle,matched,16,270,7,0,23,286,0.6956521739130435,0.055944055944055944,0.10355987055016182,10,1.1083045341074467,0.04766772873699665
00975,large-vehicle,dense_1024,17,490,6,0,23,507,0.7391304347826086,0.03353057199211045,0.06415094339622641,24,3.0718543957918882,0.08631817251443863
00975,large-vehicle,dense_both,22,1032,1,0,23,1054,0.9565217391304348,0.020872865275142316,0.04085422469823584,115,14.3553894944489,0.2538129463791847
00975,small-vehicle,prompt,1062,63,1442,0,2504,1125,0.4241214057507987,0.944,0.5852852025351336,10,1.1711889524012804,0.3148046676069498
00975,small-vehicle,full,911,60,1593,0,2504,971,0.36381789137380194,0.9382080329557158,0.5243165467625899,10,1.1966168470680714,0.3586700018495321
00975,small-vehicle,scale_prior,972,69,1532,0,2504,1041,0.38817891373801916,0.9337175792507204,0.5483779971791255,10,1.1041222494095564,0.3323055487126112
00975,small-vehicle,matched,935,72,1569,0,2504,1007,0.3734025559105431,0.9285004965243296,0.5326117915123897,10,1.0938034150749445,0.3123643472790718
00975,small-vehicle,dense_1024,1038,98,1466,0,2504,1136,0.4145367412140575,0.9137323943661971,0.5703296703296703,24,3.0718543957918882,0.3693292625248432
00975,small-vehicle,dense_both,1834,150,670,0,2504,1984,0.7324281150159745,0.9243951612903226,0.8172905525846702,115,14.3553894944489,0.736769674345851
00976,large-vehicle,prompt,1,146,5,0,6,147,0.16666666666666666,0.006802721088435374,0.013071895424836602,10,1.0602245535701513,0.023531971499323845
00976,large-vehicle,full,2,159,4,0,6,161,0.3333333333333333,0.012422360248447204,0.023952095808383235,10,1.1694744881242514,0.0341678149998188
00976,large-vehicle,scale_prior,2,176,4,0,6,178,0.3333333333333333,0.011235955056179775,0.021739130434782608,10,1.1674082409590483,0.034748947247862816
00976,large-vehicle,matched,2,159,4,0,6,161,0.3333333333333333,0.012422360248447204,0.023952095808383235,10,1.1694744881242514,0.0340181328356266
00976,large-vehicle,dense_1024,3,191,3,0,6,194,0.5,0.015463917525773196,0.03,24,2.8426503650844097,0.04499367997050285
00976,large-vehicle,dense_both,4,319,2,0,6,323,0.6666666666666666,0.01238390092879257,0.0243161094224924,115,13.740138346329331,0.08945324644446373
00976,small-vehicle,prompt,480,67,162,0,642,547,0.7476635514018691,0.8775137111517367,0.8074011774600505,10,1.0646178610622883,0.12460643984377384
00976,small-vehicle,full,435,82,207,0,642,517,0.677570093457944,0.8413926499032882,0.7506471095772217,10,1.175055630505085,0.13901203870773315
00976,small-vehicle,scale_prior,362,76,280,0,642,438,0.5638629283489096,0.8264840182648402,0.6703703703703704,10,1.170202462002635,0.11579944752156734
00976,small-vehicle,matched,225,70,417,0,642,295,0.35046728971962615,0.7627118644067796,0.48025613660619,10,1.0751094445586205,0.0781191922724247
00976,small-vehicle,dense_1024,621,122,21,0,642,743,0.9672897196261683,0.8358008075370121,0.8967509025270758,24,2.8426503650844097,0.19644926860928535
00976,small-vehicle,dense_both,634,177,8,0,642,811,0.9875389408099688,0.781750924784217,0.8726772195457674,115,13.740138346329331,0.29363741911947727
00988,airplane,prompt,10,3,7,0,17,13,0.5882352941176471,0.7692307692307693,0.6666666666666666,10,1.15397197753191,0.0021418165415525436
00988,airplane,full,8,2,9,0,17,10,0.47058823529411764,0.8,0.5925925925925926,10,1.373555764555931,0.0018120501190423965
00988,airplane,scale_prior,8,2,9,0,17,10,0.47058823529411764,0.8,0.5925925925925926,10,1.2782880906015635,0.0016279742121696472
00988,airplane,matched,6,2,11,0,17,8,0.35294117647058826,0.75,0.48,10,1.2797060143202543,0.0017929505556821823
00988,airplane,dense_1024,8,2,9,0,17,10,0.47058823529411764,0.8,0.5925925925925926,24,3.1033884938806295,0.0017045959830284119
00988,airplane,dense_both,12,8,5,0,17,20,0.7058823529411765,0.6,0.6486486486486487,115,14.626691315323114,0.004173964262008667
00988,helicopter,prompt,0,8,4,0,4,8,0.0,0.0,0.0,10,1.3580607492476702,0.0009916853159666061
00988,helicopter,full,1,2,3,0,4,3,0.25,0.3333333333333333,0.2857142857142857,10,1.2576354667544365,0.00040580518543720245
00988,helicopter,scale_prior,0,0,4,0,4,0,0.0,0.0,0.0,10,1.3083217050880194,3.93744558095932e-05
00988,helicopter,matched,0,0,4,0,4,0,0.0,0.0,0.0,10,1.3093406166881323,3.074482083320618e-05
00988,helicopter,dense_1024,1,6,3,0,4,7,0.25,0.14285714285714285,0.18181818181818182,24,3.1033884938806295,0.0009936932474374771
00988,helicopter,dense_both,1,9,3,0,4,10,0.25,0.1,0.14285714285714285,115,14.626691315323114,0.002072500064969063
00988,large-vehicle,prompt,1,11,5,0,6,12,0.16666666666666666,0.08333333333333333,0.1111111111111111,10,1.4561828598380089,0.001892969012260437
00988,large-vehicle,full,2,26,4,0,6,28,0.3333333333333333,0.07142857142857142,0.11764705882352941,10,1.3617521822452545,0.003387896344065666
00988,large-vehicle,scale_prior,2,29,4,0,6,31,0.3333333333333333,0.06451612903225806,0.10810810810810811,10,1.307625925168395,0.0039098504930734634
00988,large-vehicle,matched,2,24,4,0,6,26,0.3333333333333333,0.07692307692307693,0.125,10,1.311324842274189,0.003431914374232292
00988,large-vehicle,dense_1024,2,58,4,0,6,60,0.3333333333333333,0.03333333333333333,0.06060606060606061,24,3.1033884938806295,0.008618423715233803
00988,large-vehicle,dense_both,3,68,3,0,6,71,0.5,0.04225352112676056,0.07792207792207792,115,14.626691315323114,0.01148415170609951
00988,small-vehicle,prompt,271,316,937,0,1208,587,0.22433774834437087,0.4616695059625213,0.30194986072423396,10,1.4066495094448328,0.1346900798380375
00988,small-vehicle,full,290,464,918,0,1208,754,0.24006622516556292,0.38461538461538464,0.29561671763506625,10,1.4082321096211672,0.19239945895969868
00988,small-vehicle,scale_prior,229,391,979,0,1208,620,0.18956953642384106,0.36935483870967745,0.25054704595185995,10,1.3182880114763975,0.1621505357325077
00988,small-vehicle,matched,233,388,975,0,1208,621,0.19288079470198677,0.3752012882447665,0.2547840349917988,10,1.4154522884637117,0.15989951975643635
00988,small-vehicle,dense_1024,301,622,907,0,1208,923,0.24917218543046357,0.3261105092091008,0.28249648052557486,24,3.1033884938806295,0.25813257321715355
00988,small-vehicle,dense_both,971,1176,237,0,1208,2147,0.8038079470198676,0.45225896599906845,0.5788375558867362,115,14.626691315323114,0.6843091435730457
00988,storage-tank,prompt,2,0,0,0,2,2,1.0,1.0,1.0,10,1.1556799914687872,0.0007197875529527664
00988,storage-tank,full,2,0,0,0,2,2,1.0,1.0,1.0,10,1.5107604209333658,0.0005211513489484787
00988,storage-tank,scale_prior,2,0,0,0,2,2,1.0,1.0,1.0,10,1.5109778232872486,0.0005294010043144226
00988,storage-tank,matched,2,0,0,0,2,2,1.0,1.0,1.0,10,1.5109778232872486,0.0005105957388877869
00988,storage-tank,dense_1024,2,0,0,2,2,4,1.0,1.0,1.0,24,3.1033884938806295,0.001083608716726303
00988,storage-tank,dense_both,2,2,0,2,2,6,1.0,0.5,0.6666666666666666,115,14.626691315323114,0.0017933361232280731
00996,airplane,prompt,42,6,61,0,103,48,0.4077669902912621,0.875,0.5562913907284768,10,1.1103502176702023,0.011513493955135345
00996,airplane,full,39,9,64,0,103,48,0.3786407766990291,0.8125,0.5165562913907285,10,1.2565031740814447,0.01253359392285347
00996,airplane,scale_prior,39,8,64,0,103,47,0.3786407766990291,0.8297872340425532,0.52,10,1.2589925304055214,0.011603286489844322
00996,airplane,matched,39,8,64,0,103,47,0.3786407766990291,0.8297872340425532,0.52,10,1.2633493412286043,0.011443523690104485
00996,airplane,dense_1024,59,9,44,0,103,68,0.5728155339805825,0.8676470588235294,0.6900584795321637,24,3.1780045442283154,0.016203533858060837
00996,airplane,dense_both,72,16,31,0,103,88,0.6990291262135923,0.8181818181818182,0.7539267015706806,115,14.794485837221146,0.025109343230724335
00996,helicopter,prompt,0,0,4,0,4,0,0.0,0.0,0.0,10,1.3444727901369333,6.128288805484772e-05
00996,helicopter,full,0,3,4,0,4,3,0.0,0.0,0.0,10,1.2303522061556578,0.00042191334068775177
00996,helicopter,scale_prior,0,2,4,0,4,2,0.0,0.0,0.0,10,1.3223424181342125,0.00027587637305259705
00996,helicopter,matched,0,2,4,0,4,2,0.0,0.0,0.0,10,1.329150978475809,0.0002464819699525833
00996,helicopter,dense_1024,1,6,3,0,4,7,0.25,0.14285714285714285,0.18181818181818182,24,3.1780045442283154,0.001127336174249649
00996,helicopter,dense_both,4,14,0,0,4,18,1.0,0.2222222222222222,0.36363636363636365,115,14.794485837221146,0.0034038834273815155
00996,large-vehicle,prompt,3,33,10,0,13,36,0.23076923076923078,0.08333333333333333,0.12244897959183673,10,1.2589714583009481,0.004444088786840439
00996,large-vehicle,full,7,44,6,0,13,51,0.5384615384615384,0.13725490196078433,0.21875,10,1.3567801751196384,0.007450496777892113
00996,large-vehicle,scale_prior,7,44,6,0,13,51,0.5384615384615384,0.13725490196078433,0.21875,10,1.3460106700658798,0.007427524775266647
00996,large-vehicle,matched,7,44,6,0,13,51,0.5384615384615384,0.13725490196078433,0.21875,10,1.346886033192277,0.00706670805811882
00996,large-vehicle,dense_1024,7,44,6,0,13,51,0.5384615384615384,0.13725490196078433,0.21875,24,3.1780045442283154,0.007390264421701431
00996,large-vehicle,dense_both,10,55,3,0,13,65,0.7692307692307693,0.15384615384615385,0.2564102564102564,115,14.794485837221146,0.012953570112586021
00996,small-vehicle,prompt,45,35,193,13,238,93,0.18907563025210083,0.5625,0.2830188679245283,10,1.681815704330802,0.014512568712234497
00996,small-vehicle,full,55,101,183,18,238,174,0.23109243697478993,0.3525641025641026,0.27918781725888325,10,1.56729207187891,0.0340111143887043
00996,small-vehicle,scale_prior,63,98,175,18,238,179,0.2647058823529412,0.391304347826087,0.3157894736842105,10,1.6677512377500534,0.032399047166109085
00996,small-vehicle,matched,40,92,198,5,238,137,0.16806722689075632,0.30303030303030304,0.21621621621621623,10,1.5608793776482344,0.02869848906993866
00996,small-vehicle,dense_1024,31,125,207,5,238,161,0.13025210084033614,0.1987179487179487,0.15736040609137056,24,3.1780045442283154,0.034919463098049164
00996,small-vehicle,dense_both,205,219,33,24,238,448,0.8613445378151261,0.4834905660377358,0.6193353474320241,115,14.794485837221146,0.10057723708450794
00996,swimming-pool,prompt,0,0,2,0,2,0,0.0,0.0,0.0,10,1.327506521716714,5.243159830570221e-05
00996,swimming-pool,full,1,1,1,0,2,2,0.5,0.5,0.5,10,1.309026462957263,0.0003567170351743698
00996,swimming-pool,scale_prior,1,1,1,0,2,2,0.5,0.5,0.5,10,1.3094651140272617,0.0003294777125120163
00996,swimming-pool,matched,1,1,1,0,2,2,0.5,0.5,0.5,10,1.3119141142815351,0.00032137706875801086
00996,swimming-pool,dense_1024,2,3,0,0,2,5,1.0,0.4,0.5714285714285714,24,3.1780045442283154,0.0009648799896240234
00996,swimming-pool,dense_both,2,3,0,0,2,5,1.0,0.4,0.5714285714285714,115,14.794485837221146,0.0013012122362852097
00997,airplane,prompt,14,3,11,0,25,17,0.56,0.8235294117647058,0.6666666666666666,10,1.3333044555038214,0.0036826319992542267
00997,airplane,full,24,3,1,0,25,27,0.96,0.8888888888888888,0.9230769230769231,10,1.4313376434147358,0.005613001063466072
00997,airplane,scale_prior,24,3,1,0,25,27,0.96,0.8888888888888888,0.9230769230769231,10,1.535513648763299,0.005555825307965279
00997,airplane,matched,24,3,1,0,25,27,0.96,0.8888888888888888,0.9230769230769231,10,1.429903032258153,0.0060228705406188965
00997,airplane,dense_1024,24,4,1,0,25,28,0.96,0.8571428571428571,0.9056603773584906,24,3.1986143235117197,0.0058291517198085785
00997,airplane,dense_both,24,7,1,0,25,31,0.96,0.7741935483870968,0.8571428571428571,115,15.117892438545823,0.008390549570322037
00997,large-vehicle,prompt,17,27,11,0,28,44,0.6071428571428571,0.38636363636363635,0.4722222222222222,10,1.3437481708824635,0.007358092814683914
00997,large-vehicle,full,21,63,7,0,28,84,0.75,0.25,0.375,10,1.435462724417448,0.016369421035051346
00997,large-vehicle,scale_prior,21,75,7,0,28,96,0.75,0.21875,0.3387096774193548,10,1.3395203482359648,0.01708197221159935
00997,large-vehicle,matched,21,75,7,0,28,96,0.75,0.21875,0.3387096774193548,10,1.3395203482359648,0.017263753339648247
00997,large-vehicle,dense_1024,17,103,11,0,28,120,0.6071428571428571,0.14166666666666666,0.22972972972972974,24,3.1986143235117197,0.02150840312242508
00997,large-vehicle,dense_both,22,179,6,0,28,201,0.7857142857142857,0.10945273631840796,0.19213973799126638,115,15.117892438545823,0.039813291281461716
00997,small-vehicle,prompt,25,355,172,0,197,380,0.12690355329949238,0.06578947368421052,0.08665511265164645,10,1.4415144883096218,0.04447278007864952
00997,small-vehicle,full,32,139,165,0,197,171,0.16243654822335024,0.1871345029239766,0.17391304347826086,10,1.4396955873817205,0.023294847458600998
00997,small-vehicle,scale_prior,32,151,165,0,197,183,0.16243654822335024,0.17486338797814208,0.16842105263157894,10,1.4429503474384546,0.026123343035578728
00997,small-vehicle,matched,32,146,165,0,197,178,0.16243654822335024,0.1797752808988764,0.17066666666666666,10,1.442711427807808,0.02532845176756382
00997,small-vehicle,dense_1024,34,184,163,1,197,219,0.17258883248730963,0.1559633027522936,0.163855421686747,24,3.1986143235117197,0.041784945875406265
00997,small-vehicle,dense_both,190,1284,7,15,197,1489,0.9644670050761421,0.12890094979647218,0.22740873728306404,115,15.117892438545823,0.28930317983031273
01002,large-vehicle,prompt,0,7,2,0,2,7,0.0,0.0,0.0,10,1.5293731782585382,0.0010630730539560318
01002,large-vehicle,full,0,8,2,0,2,8,0.0,0.0,0.0,10,1.3295928835868835,0.000973723828792572
01002,large-vehicle,scale_prior,0,8,2,0,2,8,0.0,0.0,0.0,10,1.3248389046639204,0.0009618233889341354
01002,large-vehicle,matched,0,8,2,0,2,8,0.0,0.0,0.0,10,1.3248389046639204,0.0009477958083152771
01002,large-vehicle,dense_1024,0,19,2,0,2,19,0.0,0.0,0.0,24,3.0466812793165445,0.0026486199349164963
01002,large-vehicle,dense_both,0,30,2,0,2,30,0.0,0.0,0.0,115,14.402090780436993,0.004796510562300682
01002,small-vehicle,prompt,48,36,127,0,175,84,0.2742857142857143,0.5714285714285714,0.37065637065637064,10,1.3901461642235518,0.01263461820781231
01002,small-vehicle,full,52,48,123,0,175,100,0.29714285714285715,0.52,0.3781818181818182,10,1.3992297612130642,0.015123404562473297
01002,small-vehicle,scale_prior,44,46,131,0,175,90,0.25142857142857145,0.4888888888888889,0.3320754716981132,10,1.3082593977451324,0.014165200293064117
01002,small-vehicle,matched,44,46,131,0,175,90,0.25142857142857145,0.4888888888888889,0.3320754716981132,10,1.3082593977451324,0.01405494287610054
01002,small-vehicle,dense_1024,88,114,87,0,175,202,0.5028571428571429,0.43564356435643564,0.46684350132625996,24,3.0466812793165445,0.035194071009755135
01002,small-vehicle,dense_both,152,365,23,0,175,517,0.8685714285714285,0.2940038684719536,0.4393063583815029,115,14.402090780436993,0.09714255854487419
01002,swimming-pool,prompt,33,29,223,1,256,63,0.12890625,0.532258064516129,0.20754716981132076,10,1.2272529993206263,0.009505925700068474
01002,swimming-pool,full,78,24,178,1,256,103,0.3046875,0.7647058823529411,0.43575418994413406,10,1.226822879165411,0.017657611519098282
01002,swimming-pool,scale_prior,48,33,208,1,256,82,0.1875,0.5925925925925926,0.28486646884273,10,1.2277749422937632,0.013605974614620209
01002,swimming-pool,matched,93,29,163,1,256,123,0.36328125,0.7622950819672131,0.49206349206349204,10,1.1257190722972155,0.020267749205231667
01002,swimming-pool,dense_1024,188,47,68,1,256,236,0.734375,0.8,0.7657841140529531,24,3.0466812793165445,0.047229889780282974
01002,swimming-pool,dense_both,218,165,38,1,256,384,0.8515625,0.5691906005221932,0.6823161189358372,115,14.402090780436993,0.09158648923039436
01004,large-vehicle,prompt,3,15,9,0,12,18,0.25,0.16666666666666666,0.2,10,1.2919558715075254,0.0028322357684373856
01004,large-vehicle,full,5,26,7,1,12,32,0.4166666666666667,0.16129032258064516,0.23255813953488372,10,1.4865500181913376,0.003975339233875275
01004,large-vehicle,scale_prior,5,23,7,1,12,29,0.4166666666666667,0.17857142857142858,0.25,10,1.385886762291193,0.003786357119679451
01004,large-vehicle,matched,5,23,7,1,12,29,0.4166666666666667,0.17857142857142858,0.25,10,1.385886762291193,0.0037850365042686462
01004,large-vehicle,dense_1024,7,32,5,1,12,40,0.5833333333333334,0.1794871794871795,0.27450980392156865,24,2.986898697912693,0.00662081316113472
01004,large-vehicle,dense_both,11,51,1,6,12,68,0.9166666666666666,0.1774193548387097,0.2972972972972973,115,14.252478506416082,0.014308284968137741
01004,small-vehicle,prompt,83,17,177,13,260,113,0.3192307692307692,0.83,0.46111111111111114,10,0.9775431584566832,0.0206428375095129
01004,small-vehicle,full,131,39,129,19,260,189,0.5038461538461538,0.7705882352941177,0.6093023255813953,10,1.2950511816889048,0.03319312445819378
01004,small-vehicle,scale_prior,112,58,148,19,260,189,0.4307692307692308,0.6588235294117647,0.5209302325581395,10,1.29009828902781,0.03453788161277771
01004,small-vehicle,matched,112,58,148,19,260,189,0.4307692307692308,0.6588235294117647,0.5209302325581395,10,1.29009828902781,0.03452995978295803
01004,small-vehicle,dense_1024,206,96,54,26,260,328,0.7923076923076923,0.6821192052980133,0.7330960854092526,24,2.986898697912693,0.06769602745771408
01004,small-vehicle,dense_both,227,174,33,34,260,435,0.8730769230769231,0.5660847880299252,0.686838124054463,115,14.252478506416082,0.11137616820633411
01009,airplane,prompt,3,5,37,0,40,8,0.075,0.375,0.125,10,1.1149485651403666,0.0018303636461496353
01009,airplane,full,1,10,39,0,40,11,0.025,0.09090909090909091,0.0392156862745098,10,1.2186880074441433,0.00286007858812809
01009,airplane,scale_prior,0,12,40,0,40,12,0.0,0.0,0.0,10,1.324435481801629,0.0032135527580976486
01009,airplane,matched,1,10,39,0,40,11,0.025,0.09090909090909091,0.0392156862745098,10,1.1202233396470547,0.002803327515721321
01009,airplane,dense_1024,2,19,38,0,40,21,0.05,0.09523809523809523,0.06557377049180328,24,3.1541067212820053,0.005537586286664009
01009,airplane,dense_both,8,28,32,0,40,36,0.2,0.2222222222222222,0.21052631578947367,115,15.0237029902637,0.009254055097699165
01009,helicopter,prompt,0,3,2,0,2,3,0.0,0.0,0.0,10,1.4123346414417028,0.00047422759234905243
01009,helicopter,full,0,0,2,0,2,0,0.0,0.0,0.0,10,1.2283361908048391,3.248825669288635e-05
01009,helicopter,scale_prior,0,3,2,0,2,3,0.0,0.0,0.0,10,1.2296225056052208,0.0004264712333679199
01009,helicopter,matched,0,3,2,0,2,3,0.0,0.0,0.0,10,1.2272092532366514,0.00041494518518447876
01009,helicopter,dense_1024,0,7,2,0,2,7,0.0,0.0,0.0,24,3.1541067212820053,0.001722598448395729
01009,helicopter,dense_both,0,26,2,0,2,26,0.0,0.0,0.0,115,15.0237029902637,0.0044857654720544815
01009,large-vehicle,prompt,0,18,15,0,15,18,0.0,0.0,0.0,10,1.7170958276838064,0.002051783725619316
01009,large-vehicle,full,0,37,15,0,15,37,0.0,0.0,0.0,10,1.4590884428471327,0.004783717915415764
01009,large-vehicle,scale_prior,0,30,15,0,15,30,0.0,0.0,0.0,10,1.5155681148171425,0.00382818840444088
01009,large-vehicle,matched,0,31,15,0,15,31,0.0,0.0,0.0,10,1.4193230625241995,0.0038766302168369293
01009,large-vehicle,dense_1024,4,53,11,0,15,57,0.26666666666666666,0.07017543859649122,0.1111111111111111,24,3.1541067212820053,0.010426338762044907
01009,large-vehicle,dense_both,14,92,1,0,15,106,0.9333333333333333,0.1320754716981132,0.23140495867768596,115,15.0237029902637,0.022084148600697517
01009,storage-tank,prompt,2,1,0,0,2,3,1.0,0.6666666666666666,0.8,10,1.255627240985632,0.0007255598902702332
01009,storage-tank,full,2,1,0,0,2,3,1.0,0.6666666666666666,0.8,10,1.4590115938335657,0.000586366280913353
01009,storage-tank,scale_prior,2,1,0,0,2,3,1.0,0.6666666666666666,0.8,10,1.4043507501482964,0.0007136091589927673
01009,storage-tank,matched,2,1,0,0,2,3,1.0,0.6666666666666666,0.8,10,1.5169525053352118,0.0006841029971837997
01009,storage-tank,dense_1024,2,3,0,0,2,5,1.0,0.4,0.5714285714285714,24,3.1541067212820053,0.000766487792134285
01009,storage-tank,dense_both,2,5,0,0,2,7,1.0,0.2857142857142857,0.4444444444444444,115,15.0237029902637,0.0011492371559143066
01028,large-vehicle,prompt,2,11,0,0,2,13,1.0,0.15384615384615385,0.26666666666666666,10,0.9968294221907854,0.001968076452612877
01028,large-vehicle,full,2,17,0,0,2,19,1.0,0.10526315789473684,0.19047619047619047,10,1.1072975974529982,0.0028963107615709305
01028,large-vehicle,scale_prior,2,14,0,0,2,16,1.0,0.125,0.2222222222222222,10,1.0985800419002771,0.0025203675031661987
01028,large-vehicle,matched,2,15,0,0,2,17,1.0,0.11764705882352941,0.21052631578947367,10,1.0978507716208696,0.0021094009280204773
01028,large-vehicle,dense_1024,2,24,0,0,2,26,1.0,0.07692307692307693,0.14285714285714285,24,2.9650734066963196,0.003909748047590256
01028,large-vehicle,dense_both,2,48,0,0,2,50,1.0,0.04,0.07692307692307693,128,16.150367049500346,0.007772151380777359
01028,ship,prompt,697,107,272,0,969,804,0.7192982456140351,0.8669154228855721,0.7862380146644106,10,1.0835179388523102,0.1890509147197008
01028,ship,full,704,114,265,0,969,818,0.7265221878224974,0.8606356968215159,0.7879127028539452,10,1.1805156767368317,0.2072864044457674
01028,ship,scale_prior,640,116,329,0,969,756,0.6604747162022704,0.8465608465608465,0.7420289855072464,10,1.1877020299434662,0.1864894274622202
01028,ship,matched,707,111,262,0,969,818,0.7296181630546955,0.8643031784841075,0.7912702853945159,10,1.1797636039555073,0.2056106962263584
01028,ship,dense_1024,717,151,252,0,969,868,0.739938080495356,0.826036866359447,0.7806205770277627,24,2.9650734066963196,0.23201444745063782
01028,ship,dense_both,909,271,60,0,969,1180,0.9380804953560371,0.7703389830508475,0.845974872033504,128,16.150367049500346,0.4073729123920202
01028,small-vehicle,prompt,61,53,376,0,437,114,0.13958810068649885,0.5350877192982456,0.22141560798548093,10,1.0126056727021933,0.023150382563471794
01028,small-vehicle,full,49,33,388,0,437,82,0.11212814645308924,0.5975609756097561,0.18882466281310212,10,1.1078891586512327,0.0175600778311491
01028,small-vehicle,scale_prior,51,33,386,0,437,84,0.11670480549199085,0.6071428571428571,0.19577735124760076,10,1.1065988764166832,0.014581115916371346
01028,small-vehicle,matched,51,33,386,0,437,84,0.11670480549199085,0.6071428571428571,0.19577735124760076,10,1.1065988764166832,0.014521434903144836
01028,small-vehicle,dense_1024,21,30,416,0,437,51,0.04805491990846682,0.4117647058823529,0.0860655737704918,24,2.9650734066963196,0.009764518588781357
01028,small-vehicle,dense_both,367,294,70,0,437,661,0.8398169336384439,0.5552193645990923,0.668488160291439,128,16.150367049500346,0.16275885701179504
01037,airplane,prompt,7,2,5,0,12,9,0.5833333333333334,0.7777777777777778,0.6666666666666666,10,1.2354186065495014,0.0014948192983865738
01037,airplane,full,7,3,5,0,12,10,0.5833333333333334,0.7,0.6363636363636364,10,1.2290036901831627,0.0017289333045482635
01037,airplane,scale_prior,7,3,5,0,12,10,0.5833333333333334,0.7,0.6363636363636364,10,1.2319201342761517,0.0017200838774442673
01037,airplane,matched,7,3,5,0,12,10,0.5833333333333334,0.7,0.6363636363636364,10,1.2319201342761517,0.001738026738166809
01037,airplane,dense_1024,6,3,6,0,12,9,0.5,0.6666666666666666,0.5714285714285714,24,3.0912758745253086,0.0014143045991659164
01037,airplane,dense_both,9,2,3,0,12,11,0.75,0.8181818181818182,0.782608695652174,115,15.033554624766111,0.002520311623811722
01037,large-vehicle,prompt,2,6,0,0,2,8,1.0,0.25,0.4,10,1.1434461027383804,0.0012142565101385117
01037,large-vehicle,full,2,6,0,0,2,8,1.0,0.25,0.4,10,1.235894026234746,0.001248801127076149
01037,large-vehicle,scale_prior,2,7,0,0,2,9,1.0,0.2222222222222222,0.36363636363636365,10,1.033885147422552,0.001163966953754425
01037,large-vehicle,matched,2,6,0,0,2,8,1.0,0.25,0.4,10,1.0342408027499914,0.001103447750210762
01037,large-vehicle,dense_1024,2,9,0,0,2,11,1.0,0.18181818181818182,0.3076923076923077,24,3.0912758745253086,0.0015041287988424301
01037,large-vehicle,dense_both,2,17,0,0,2,19,1.0,0.10526315789473684,0.19047619047619047,115,15.033554624766111,0.0027513429522514343
01037,small-vehicle,prompt,11,13,69,0,80,24,0.1375,0.4583333333333333,0.21153846153846154,10,1.343597749248147,0.003544999286532402
01037,small-vehicle,full,10,11,70,0,80,21,0.125,0.47619047619047616,0.19801980198019803,10,1.142901137471199,0.0032283086329698563
01037,small-vehicle,scale_prior,10,19,70,0,80,29,0.125,0.3448275862068966,0.1834862385321101,10,1.1380082834511995,0.004636311903595924
01037,small-vehicle,matched,11,20,69,0,80,31,0.1375,0.3548387096774194,0.1981981981981982,10,1.1433523520827293,0.005129694938659668
01037,small-vehicle,dense_1024,11,57,69,0,80,68,0.1375,0.16176470588235295,0.14864864864864866,24,3.0912758745253086,0.011887338012456894
01037,small-vehicle,dense_both,56,94,24,0,80,150,0.7,0.37333333333333335,0.48695652173913045,115,15.033554624766111,0.026327572762966156
01044,large-vehicle,prompt,0,1,1,0,1,1,0.0,0.0,0.0,10,1.3489677049219608,0.00025389716029167175
01044,large-vehicle,full,0,8,1,0,1,8,0.0,0.0,0.0,10,1.2419275380671024,0.0008835922926664352
01044,large-vehicle,scale_prior,0,22,1,0,1,22,0.0,0.0,0.0,10,1.1126034948974848,0.0024556927382946014
01044,large-vehicle,matched,0,16,1,0,1,16,0.0,0.0,0.0,10,1.139868000522256,0.0016645323485136032
01044,large-vehicle,dense_1024,0,44,1,0,1,44,0.0,0.0,0.0,24,2.933405216783285,0.0060531944036483765
01044,large-vehicle,dense_both,0,55,1,0,1,55,0.0,0.0,0.0,115,14.152300903573632,0.008971665054559708
01044,ship,prompt,0,6,1,0,1,6,0.0,0.0,0.0,10,1.1046039387583733,0.000776270404458046
01044,ship,full,0,27,1,0,1,27,0.0,0.0,0.0,10,1.1155496388673782,0.0033578388392925262
01044,ship,scale_prior,0,30,1,0,1,30,0.0,0.0,0.0,10,1.1158975251019,0.0037406887859106064
01044,ship,matched,0,30,1,0,1,30,0.0,0.0,0.0,10,1.1158975251019,0.0037645474076271057
01044,ship,dense_1024,1,69,0,0,1,70,1.0,0.014285714285714285,0.028169014084507043,24,2.933405216783285,0.010772746056318283
01044,ship,dense_both,1,85,0,0,1,86,1.0,0.011627906976744186,0.022988505747126436,115,14.152300903573632,0.013519613072276115
01044,small-vehicle,prompt,0,2,392,0,392,2,0.0,0.0,0.0,10,1.3478653747588396,0.0010261330753564835
01044,small-vehicle,full,167,72,225,0,392,239,0.4260204081632653,0.698744769874477,0.5293185419968305,10,1.013357825577259,0.03867630288004875
01044,small-vehicle,scale_prior,250,90,142,0,392,340,0.6377551020408163,0.7352941176470589,0.6830601092896175,10,1.235485091805458,0.05481770075857639
01044,small-vehicle,matched,288,101,104,0,392,389,0.7346938775510204,0.7403598971722365,0.737516005121639,10,1.1134462673217058,0.06288200430572033
01044,small-vehicle,dense_1024,356,174,36,0,392,530,0.9081632653061225,0.6716981132075471,0.7722342733188721,24,2.933405216783285,0.11201985739171505
01044,small-vehicle,dense_both,371,298,21,0,392,669,0.9464285714285714,0.554559043348281,0.6993402450518379,115,14.152300903573632,0.167996009811759
01044,swimming-pool,prompt,21,5,29,0,50,26,0.42,0.8076923076923077,0.5526315789473685,10,1.3798386417329311,0.004661129787564278
01044,swimming-pool,full,33,12,17,0,50,45,0.66,0.7333333333333333,0.6947368421052632,10,1.290395125746727,0.007981587201356888
01044,swimming-pool,scale_prior,34,9,16,0,50,43,0.68,0.7906976744186046,0.7311827956989247,10,1.19948036596179,0.007923183962702751
01044,swimming-pool,matched,33,8,17,0,50,41,0.66,0.8048780487804879,0.7252747252747253,10,1.290738295763731,0.008077703416347504
01044,swimming-pool,dense_1024,42,16,8,0,50,58,0.84,0.7241379310344828,0.7777777777777778,24,2.933405216783285,0.0127467792481184
01044,swimming-pool,dense_both,43,32,7,0,50,75,0.86,0.5733333333333334,0.688,115,14.152300903573632,0.020774895325303078
01065,airplane,prompt,6,1,0,0,6,7,1.0,0.8571428571428571,0.9230769230769231,10,1.336951233446598,0.0012813955545425415
01065,airplane,full,5,1,1,0,6,6,0.8333333333333334,0.8333333333333334,0.8333333333333334,10,1.237099127843976,0.0009964946657419205
01065,airplane,scale_prior,5,0,1,0,6,5,0.8333333333333334,1.0,0.9090909090909091,10,1.2414436470717192,0.0008662920445203781
01065,airplane,matched,5,1,1,0,6,6,0.8333333333333334,0.8333333333333334,0.8333333333333334,10,1.23907190002501,0.0009998958557844162
01065,airplane,dense_1024,6,1,0,0,6,7,1.0,0.8571428571428571,0.9230769230769231,24,3.0925191938877106,0.0012692436575889587
01065,airplane,dense_both,6,2,0,0,6,8,1.0,0.75,0.8571428571428571,115,15.035376971587539,0.001770060509443283
01065,large-vehicle,prompt,3,9,9,0,12,12,0.25,0.25,0.25,10,1.3356093987822533,0.001659739762544632
01065,large-vehicle,full,2,9,10,0,12,11,0.16666666666666666,0.18181818181818182,0.17391304347826086,10,1.3365001287311316,0.0019424166530370712
01065,large-vehicle,scale_prior,2,10,10,0,12,12,0.16666666666666666,0.16666666666666666,0.16666666666666666,10,1.233947392553091,0.0019430145621299744
01065,large-vehicle,matched,2,10,10,0,12,12,0.16666666666666666,0.16666666666666666,0.16666666666666666,10,1.233947392553091,0.001953616738319397
01065,large-vehicle,dense_1024,2,18,10,0,12,20,0.16666666666666666,0.1,0.125,24,3.0925191938877106,0.0034963898360729218
01065,large-vehicle,dense_both,4,27,8,0,12,31,0.3333333333333333,0.12903225806451613,0.18604651162790697,115,15.035376971587539,0.005943872034549713
01065,small-vehicle,prompt,4,24,12,0,16,28,0.25,0.14285714285714285,0.18181818181818182,10,1.4439219124615192,0.004494059830904007
01065,small-vehicle,full,3,42,13,0,16,45,0.1875,0.06666666666666667,0.09836065573770492,10,1.2319910675287247,0.005849907174706459
01065,small-vehicle,scale_prior,3,38,13,0,16,41,0.1875,0.07317073170731707,0.10526315789473684,10,1.4391502235084772,0.0060891155153512955
01065,small-vehicle,matched,3,40,13,0,16,43,0.1875,0.06976744186046512,0.1016949152542373,10,1.3341203778982162,0.006356744095683098
01065,small-vehicle,dense_1024,5,88,11,0,16,93,0.3125,0.053763440860215055,0.09174311926605505,24,3.0925191938877106,0.014859460294246674
01065,small-vehicle,dense_both,9,131,7,0,16,140,0.5625,0.06428571428571428,0.11538461538461539,115,15.035376971587539,0.027384892106056213
01099,ship,prompt,234,250,714,0,948,484,0.2468354430379747,0.4834710743801653,0.3268156424581006,10,1.1867326498031616,0.09131818264722824
01099,ship,full,454,343,494,0,948,797,0.47890295358649787,0.5696361355081556,0.5203438395415473,10,1.2038795929402113,0.1581475157290697
01099,ship,scale_prior,357,349,591,0,948,706,0.37658227848101267,0.5056657223796034,0.4316807738814994,10,1.1049593202769756,0.14529040083289146
01099,ship,matched,357,349,591,0,948,706,0.37658227848101267,0.5056657223796034,0.4316807738814994,10,1.1049593202769756,0.14498945325613022
01099,ship,dense_1024,601,508,347,0,948,1109,0.6339662447257384,0.5419296663660956,0.5843461351482742,24,3.0343598816543818,0.2690074034035206
01099,ship,dense_both,837,908,111,0,948,1745,0.8829113924050633,0.4796561604584527,0.6216115855922763,115,13.891956074163318,0.5171015523374081
01099,small-vehicle,prompt,242,119,1286,0,1528,361,0.15837696335078533,0.6703601108033241,0.25622022233986236,10,1.1214559711515903,0.087370615452528
01099,small-vehicle,full,56,38,1472,0,1528,94,0.03664921465968586,0.5957446808510638,0.0690505548705302,10,1.1180894058197737,0.017297714948654175
01099,small-vehicle,scale_prior,45,27,1483,0,1528,72,0.029450261780104712,0.625,0.05625,10,1.2182287629693747,0.014316685497760773
01099,small-vehicle,matched,189,61,1339,0,1528,250,0.12369109947643979,0.756,0.2125984251968504,10,1.2152656354010105,0.05670822411775589
01099,small-vehicle,dense_1024,65,49,1463,0,1528,114,0.04253926701570681,0.5701754385964912,0.07917174177831912,24,3.0343598816543818,0.023253096267580986
01099,small-vehicle,dense_both,906,921,622,0,1528,1827,0.5929319371727748,0.49589490968801314,0.5400894187779434,115,13.891956074163318,0.3962198179215193
01099,swimming-pool,prompt,21,7,214,0,235,28,0.08936170212765958,0.75,0.1596958174904943,10,1.293226219713688,0.004833480343222618
01099,swimming-pool,full,76,19,159,0,235,95,0.32340425531914896,0.8,0.46060606060606063,10,1.1086149830371141,0.016400957480072975
01099,swimming-pool,scale_prior,80,21,155,0,235,101,0.3404255319148936,0.7920792079207921,0.47619047619047616,10,1.1108210906386375,0.017410092055797577
01099,swimming-pool,matched,80,21,155,0,235,101,0.3404255319148936,0.7920792079207921,0.47619047619047616,10,1.1108210906386375,0.01732882298529148
01099,swimming-pool,dense_1024,123,32,112,0,235,155,0.5234042553191489,0.7935483870967742,0.6307692307692307,24,3.0343598816543818,0.030374795198440552
01099,swimming-pool,dense_both,192,100,43,0,235,292,0.8170212765957446,0.6575342465753424,0.7286527514231499,115,13.891956074163318,0.06839792057871819
01139,large-vehicle,prompt,0,23,4,0,4,23,0.0,0.0,0.0,10,1.3357947282493114,0.003933209925889969
01139,large-vehicle,full,0,27,4,0,4,27,0.0,0.0,0.0,10,1.2480769734829664,0.004082713276147842
01139,large-vehicle,scale_prior,0,27,4,0,4,27,0.0,0.0,0.0,10,1.2480769734829664,0.00406690314412117
01139,large-vehicle,matched,0,27,4,0,4,27,0.0,0.0,0.0,10,1.2480769734829664,0.004056716337800026
01139,large-vehicle,dense_1024,1,49,3,0,4,50,0.25,0.02,0.037037037037037035,24,3.2051720209419727,0.00801018625497818
01139,large-vehicle,dense_both,1,81,3,0,4,82,0.25,0.012195121951219513,0.023255813953488372,115,15.180017774924636,0.015368742868304253
01139,small-vehicle,prompt,72,75,191,0,263,147,0.2737642585551331,0.4897959183673469,0.35121951219512193,10,1.1399624925106764,0.022633885964751244
01139,small-vehicle,full,121,137,142,0,263,258,0.4600760456273764,0.4689922480620155,0.46449136276391556,10,1.23504638671875,0.04137847758829594
01139,small-vehicle,scale_prior,163,138,100,0,263,301,0.6197718631178707,0.5415282392026578,0.5780141843971631,10,1.2476681992411613,0.05088097229599953
01139,small-vehicle,matched,161,132,102,0,263,293,0.6121673003802282,0.5494880546075085,0.579136690647482,10,1.2385938540101051,0.04955745488405228
01139,small-vehicle,dense_1024,256,257,7,0,263,513,0.973384030418251,0.49902534113060426,0.6597938144329897,24,3.2051720209419727,0.09942039661109447
01139,small-vehicle,dense_both,260,385,3,0,263,645,0.9885931558935361,0.40310077519379844,0.5726872246696035,115,15.180017774924636,0.15354130789637566
01139,swimming-pool,prompt,38,8,56,0,94,46,0.40425531914893614,0.8260869565217391,0.5428571428571428,10,1.429296689108014,0.008838178589940071
01139,swimming-pool,full,64,14,30,3,94,81,0.6808510638297872,0.8205128205128205,0.7441860465116279,10,1.4418696258217096,0.016243355348706245
01139,swimming-pool,scale_prior,68,16,26,3,94,87,0.723404255319149,0.8095238095238095,0.7640449438202247,10,1.441401556134224,0.01703641004860401
01139,swimming-pool,matched,68,16,26,3,94,87,0.723404255319149,0.8095238095238095,0.7640449438202247,10,1.3393113445490599,0.01694602333009243
01139,swimming-pool,dense_1024,92,27,2,5,94,124,0.9787234042553191,0.773109243697479,0.863849765258216,24,3.2051720209419727,0.027366643771529198
01139,swimming-pool,dense_both,93,35,1,7,94,135,0.9893617021276596,0.7265625,0.8378378378378378,115,15.180017774924636,0.04761509783565998
01145,airplane,prompt,28,2,7,1,35,31,0.8,0.9333333333333333,0.8615384615384616,10,1.2235333174467087,0.005429297685623169
01145,airplane,full,31,2,4,1,35,34,0.8857142857142857,0.9393939393939394,0.9117647058823529,10,1.2218102868646383,0.006732594221830368
01145,airplane,scale_prior,31,2,4,1,35,34,0.8857142857142857,0.9393939393939394,0.9117647058823529,10,1.2268353179097176,0.006045760586857796
01145,airplane,matched,31,2,4,1,35,34,0.8857142857142857,0.9393939393939394,0.9117647058823529,10,1.2218102868646383,0.006548220291733742
01145,airplane,dense_1024,33,2,2,1,35,36,0.9428571428571428,0.9428571428571428,0.9428571428571428,24,3.185944339260459,0.00739901140332222
01145,airplane,dense_both,34,6,1,1,35,41,0.9714285714285714,0.85,0.9066666666666666,128,16.97341727465391,0.010314757004380226
01145,helicopter,prompt,0,2,2,0,2,2,0.0,0.0,0.0,10,1.5380120109766722,0.0002660118043422699
01145,helicopter,full,1,1,1,0,2,2,0.5,0.5,0.5,10,1.3271203357726336,0.0003292057663202286
01145,helicopter,scale_prior,0,1,2,0,2,1,0.0,0.0,0.0,10,1.1365321278572083,0.00015064887702465057
01145,helicopter,matched,0,1,2,0,2,1,0.0,0.0,0.0,10,1.1365321278572083,0.0001429188996553421
01145,helicopter,dense_1024,1,1,1,0,2,2,0.5,0.5,0.5,24,3.185944339260459,0.00032258592545986176
01145,helicopter,dense_both,2,3,0,0,2,5,1.0,0.4,0.5714285714285714,128,16.97341727465391,0.0006849691271781921
01145,large-vehicle,prompt,0,1,6,0,6,1,0.0,0.0,0.0,10,1.5261930767446756,0.0001691225916147232
01145,large-vehicle,full,0,10,6,0,6,10,0.0,0.0,0.0,10,1.322242820635438,0.0011277440935373306
01145,large-vehicle,scale_prior,0,7,6,0,6,7,0.0,0.0,0.0,10,1.226634880527854,0.0006968211382627487
01145,large-vehicle,matched,0,4,6,0,6,4,0.0,0.0,0.0,10,1.227555176243186,0.00042199715971946716
01145,large-vehicle,dense_1024,3,27,3,0,6,30,0.5,0.1,0.16666666666666666,24,3.185944339260459,0.003613978624343872
01145,large-vehicle,dense_both,6,31,0,0,6,37,1.0,0.16216216216216217,0.27906976744186046,128,16.97341727465391,0.005741540342569351
01145,small-vehicle,prompt,28,15,231,0,259,43,0.10810810810810811,0.6511627906976745,0.18543046357615894,10,1.633802406489849,0.007299797609448433
01145,small-vehicle,full,16,10,243,0,259,26,0.06177606177606178,0.6153846153846154,0.11228070175438597,10,1.3353887759149075,0.00596766360104084
01145,small-vehicle,scale_prior,18,8,241,0,259,26,0.0694980694980695,0.6923076923076923,0.12631578947368421,10,1.3314029462635517,0.004957931116223335
01145,small-vehicle,matched,23,23,236,0,259,46,0.0888030888030888,0.5,0.15081967213114755,10,1.4309825990349054,0.00938301533460617
01145,small-vehicle,dense_1024,36,78,223,0,259,114,0.138996138996139,0.3157894736842105,0.19302949061662197,24,3.185944339260459,0.024264220148324966
01145,small-vehicle,dense_both,228,187,31,0,259,415,0.8803088803088803,0.5493975903614458,0.6765578635014837,128,16.97341727465391,0.09186891280114651
01147,airplane,prompt,8,0,0,0,8,8,1.0,1.0,1.0,10,1.4253926929086447,0.0014522857964038849
01147,airplane,full,8,0,0,0,8,8,1.0,1.0,1.0,10,1.3239159099757671,0.0014298763126134872
01147,airplane,scale_prior,8,0,0,0,8,8,1.0,1.0,1.0,10,1.2218077089637518,0.0013413596898317337
01147,airplane,matched,8,0,0,0,8,8,1.0,1.0,1.0,10,1.3246353026479483,0.0013719387352466583
01147,airplane,dense_1024,8,0,0,0,8,8,1.0,1.0,1.0,24,3.055806143209338,0.0012490693479776382
01147,airplane,dense_both,8,0,0,0,8,8,1.0,1.0,1.0,115,14.760037338361144,0.0018265936523675919
01147,large-vehicle,prompt,0,2,8,0,8,2,0.0,0.0,0.0,10,1.2144448906183243,0.0002704150974750519
01147,large-vehicle,full,3,8,5,0,8,11,0.375,0.2727272727272727,0.3157894736842105,10,1.4161183442920446,0.0014150068163871765
01147,large-vehicle,scale_prior,0,5,8,0,8,5,0.0,0.0,0.0,10,1.315403001382947,0.0006460715085268021
01147,large-vehicle,matched,0,5,8,0,8,5,0.0,0.0,0.0,10,1.315403001382947,0.0006710551679134369
01147,large-vehicle,dense_1024,3,9,5,0,8,12,0.375,0.25,0.3,24,3.055806143209338,0.0016710087656974792
01147,large-vehicle,dense_both,4,14,4,0,8,18,0.5,0.2222222222222222,0.3076923076923077,115,14.760037338361144,0.0026502180844545364
01147,small-vehicle,prompt,20,11,85,0,105,31,0.19047619047619047,0.6451612903225806,0.29411764705882354,10,1.2208632715046406,0.0061811525374650955
01147,small-vehicle,full,8,22,97,0,105,30,0.0761904761904762,0.26666666666666666,0.11851851851851852,10,1.3225653059780598,0.004593318328261375
01147,small-vehicle,scale_prior,5,10,100,0,105,15,0.047619047619047616,0.3333333333333333,0.08333333333333333,10,1.4337856881320477,0.00236375629901886
01147,small-vehicle,matched,1,6,104,0,105,7,0.009523809523809525,0.14285714285714285,0.017857142857142856,10,1.3245113585144281,0.001148546114563942
01147,small-vehicle,dense_1024,56,69,49,0,105,125,0.5333333333333333,0.448,0.48695652173913045,24,3.055806143209338,0.028181767091155052
01147,small-vehicle,dense_both,98,128,7,0,105,226,0.9333333333333333,0.4336283185840708,0.5921450151057401,115,14.760037338361144,0.05712145194411278
01147,swimming-pool,prompt,6,1,1,0,7,7,0.8571428571428571,0.8571428571428571,0.8571428571428571,10,1.194660848006606,0.0016120877116918564
01147,swimming-pool,full,4,1,3,0,7,5,0.5714285714285714,0.8,0.6666666666666666,10,1.3021445516496897,0.0012890547513961792
01147,swimming-pool,scale_prior,5,0,2,0,7,5,0.7142857142857143,1.0,0.8333333333333334,10,1.2170851081609726,0.0012072660028934479
01147,swimming-pool,matched,5,1,2,0,7,6,0.7142857142857143,0.8333333333333334,0.7692307692307693,10,1.199891697615385,0.0014521870762109756
01147,swimming-pool,dense_1024,6,0,1,0,7,6,0.8571428571428571,1.0,0.9230769230769231,24,3.055806143209338,0.0013505946844816208
01147,swimming-pool,dense_both,7,3,0,0,7,10,1.0,0.7,0.8235294117647058,115,14.760037338361144,0.0025314800441265106
01152,airplane,prompt,3,7,1,1,4,11,0.75,0.3,0.42857142857142855,10,1.2539122123271227,0.002584606409072876
01152,airplane,full,2,0,2,1,4,3,0.5,1.0,0.6666666666666666,10,1.2595287188887596,0.0007871240377426147
01152,airplane,scale_prior,1,0,3,1,4,2,0.25,1.0,0.4,10,1.2606868986040354,0.0005631949752569199
01152,airplane,matched,1,0,3,1,4,2,0.25,1.0,0.4,10,1.2606868986040354,0.0005741100758314133
01152,airplane,dense_1024,2,0,2,1,4,3,0.5,1.0,0.6666666666666666,24,3.1586578600108624,0.0007662195712327957
01152,airplane,dense_both,4,7,0,1,4,12,1.0,0.36363636363636365,0.5333333333333333,115,15.0062615852803,0.0030782073736190796
01152,large-vehicle,prompt,3,14,1,0,4,17,0.75,0.17647058823529413,0.2857142857142857,10,1.352358128875494,0.0019819866865873337
01152,large-vehicle,full,1,22,3,0,4,23,0.25,0.043478260869565216,0.07407407407407407,10,1.363457065075636,0.003606978803873062
01152,large-vehicle,scale_prior,1,22,3,0,4,23,0.25,0.043478260869565216,0.07407407407407407,10,1.363457065075636,0.003573872148990631
01152,large-vehicle,matched,1,22,3,0,4,23,0.25,0.043478260869565216,0.07407407407407407,10,1.363457065075636,0.003596862778067589
01152,large-vehicle,dense_1024,2,30,2,0,4,32,0.5,0.0625,0.1111111111111111,24,3.1586578600108624,0.005273511633276939
01152,large-vehicle,dense_both,4,38,0,0,4,42,1.0,0.09523809523809523,0.17391304347826086,115,15.0062615852803,0.00729740597307682
01152,small-vehicle,prompt,4,18,88,5,92,27,0.043478260869565216,0.18181818181818182,0.07017543859649122,10,1.5861102491617203,0.004320463165640831
01152,small-vehicle,full,10,50,82,0,92,60,0.10869565217391304,0.16666666666666666,0.13157894736842105,10,1.2588684763759375,0.010476917028427124
01152,small-vehicle,scale_prior,8,39,84,1,92,48,0.08695652173913043,0.1702127659574468,0.11510791366906475,10,1.2607365883886814,0.008607298135757446
01152,small-vehicle,matched,8,39,84,1,92,48,0.08695652173913043,0.1702127659574468,0.11510791366906475,10,1.2565447837114334,0.008517932146787643
01152,small-vehicle,dense_1024,14,84,78,7,92,105,0.15217391304347827,0.14285714285714285,0.14736842105263157,24,3.1586578600108624,0.021342020481824875
01152,small-vehicle,dense_both,67,126,25,16,92,209,0.7282608695652174,0.3471502590673575,0.47017543859649125,115,15.0062615852803,0.041501693427562714
01152,storage-tank,prompt,0,0,3,0,3,0,0.0,0.0,0.0,10,1.2387000005692244,5.70099800825119e-05
01152,storage-tank,full,3,5,0,0,3,8,1.0,0.375,0.5454545454545454,10,1.3702627699822187,0.0017253607511520386
01152,storage-tank,scale_prior,3,5,0,0,3,8,1.0,0.375,0.5454545454545454,10,1.3669020179659128,0.0020909924060106277
01152,storage-tank,matched,3,5,0,0,3,8,1.0,0.375,0.5454545454545454,10,1.3669020179659128,0.0020432360470294952
01152,storage-tank,dense_1024,3,5,0,0,3,8,1.0,0.375,0.5454545454545454,24,3.1586578600108624,0.0023371875286102295
01152,storage-tank,dense_both,3,6,0,0,3,9,1.0,0.3333333333333333,0.5,115,15.0062615852803,0.00339304655790329
01152,swimming-pool,prompt,1,1,0,0,1,2,1.0,0.5,0.6666666666666666,10,1.346907777711749,0.0003441106528043747
01152,swimming-pool,full,1,1,0,0,1,2,1.0,0.5,0.6666666666666666,10,1.362551560625434,0.0003404896706342697
01152,swimming-pool,scale_prior,1,0,0,0,1,1,1.0,1.0,1.0,10,1.260409813374281,0.00023736804723739624
01152,swimming-pool,matched,1,0,0,0,1,1,1.0,1.0,1.0,10,1.36559983715415,0.00023274309933185577
01152,swimming-pool,dense_1024,1,2,0,0,1,3,1.0,0.3333333333333333,0.5,24,3.1586578600108624,0.0006836354732513428
01152,swimming-pool,dense_both,1,8,0,0,1,9,1.0,0.1111111111111111,0.2,115,15.0062615852803,0.0018855743110179901
01160,helicopter,prompt,1,1,35,0,36,2,0.027777777777777776,0.5,0.05263157894736842,10,1.15496214479208,0.0006007533520460129
01160,helicopter,full,0,0,36,0,36,0,0.0,0.0,0.0,10,1.4240435231477022,9.988807141780853e-05
01160,helicopter,scale_prior,0,0,36,0,36,0,0.0,0.0,0.0,10,1.4243563245981932,7.843412458896637e-05
01160,helicopter,matched,0,0,36,0,36,0,0.0,0.0,0.0,10,1.3221025206148624,7.482245564460754e-05
01160,helicopter,dense_1024,25,0,11,0,36,25,0.6944444444444444,1.0,0.819672131147541,24,3.1102042235434055,0.0067367348819971085
01160,helicopter,dense_both,36,0,0,0,36,36,1.0,1.0,1.0,115,14.745945986360312,0.010901480913162231
01160,small-vehicle,prompt,227,64,317,0,544,291,0.4172794117647059,0.7800687285223368,0.5437125748502994,10,1.108947940170765,0.0489681139588356
01160,small-vehicle,full,69,61,475,0,544,130,0.12683823529411764,0.5307692307692308,0.20474777448071216,10,1.4245954118669033,0.024693243205547333
01160,small-vehicle,scale_prior,0,59,544,0,544,59,0.0,0.0,0.0,10,1.4215647652745247,0.014364996924996376
01160,small-vehicle,matched,0,59,544,0,544,59,0.0,0.0,0.0,10,1.4215647652745247,0.014410227537155151
01160,small-vehicle,dense_1024,2,72,542,0,544,74,0.003676470588235294,0.02702702702702703,0.006472491909385114,24,3.1102042235434055,0.017061296850442886
01160,small-vehicle,dense_both,426,177,118,13,544,616,0.7830882352941176,0.7064676616915423,0.7428073234524848,115,14.745945986360312,0.12985968217253685
01160,storage-tank,prompt,0,0,2,0,2,0,0.0,0.0,0.0,10,1.16723551787436,5.629099905490875e-05
01160,storage-tank,full,1,1,1,0,2,2,0.5,0.5,0.5,10,1.4246908612549305,0.00039079971611499786
01160,storage-tank,scale_prior,1,1,1,0,2,2,0.5,0.5,0.5,10,1.4232742600142956,0.0003817956894636154
01160,storage-tank,matched,1,1,1,0,2,2,0.5,0.5,0.5,10,1.4232742600142956,0.00036321207880973816
01160,storage-tank,dense_1024,2,1,0,0,2,3,1.0,0.6666666666666666,0.8,24,3.1102042235434055,0.0006208326667547226
01160,storage-tank,dense_both,2,1,0,0,2,3,1.0,0.6666666666666666,0.8,115,14.745945986360312,0.000683290883898735
01190,large-vehicle,prompt,20,98,2,0,22,118,0.9090909090909091,0.1694915254237288,0.2857142857142857,10,1.064279181882739,0.021260008215904236
01190,large-vehicle,full,11,66,11,0,22,77,0.5,0.14285714285714285,0.2222222222222222,10,1.1877480708062649,0.01370827853679657
01190,large-vehicle,scale_prior,11,65,11,0,22,76,0.5,0.14473684210526316,0.22448979591836735,10,1.337990790605545,0.013670423999428749
01190,large-vehicle,matched,11,65,11,0,22,76,0.5,0.14473684210526316,0.22448979591836735,10,1.337990790605545,0.01358460821211338
01190,large-vehicle,dense_1024,15,71,7,0,22,86,0.6818181818181818,0.1744186046511628,0.2777777777777778,24,3.081005172803998,0.016312578693032265
01190,large-vehicle,dense_both,21,143,1,0,22,164,0.9545454545454546,0.12804878048780488,0.22580645161290322,128,15.799199322238564,0.05004685930907726
01190,small-vehicle,prompt,47,23,194,0,241,70,0.1950207468879668,0.6714285714285714,0.3022508038585209,10,1.3061866238713264,0.011613231152296066
01190,small-vehicle,full,199,92,42,0,241,291,0.8257261410788381,0.6838487972508591,0.7481203007518797,10,1.188415689393878,0.056326333433389664
01190,small-vehicle,scale_prior,72,71,169,0,241,143,0.2987551867219917,0.5034965034965035,0.375,10,1.440411251038313,0.023441582918167114
01190,small-vehicle,matched,73,69,168,0,241,142,0.3029045643153527,0.5140845070422535,0.381201044386423,10,1.4408116694539785,0.022952590137720108
01190,small-vehicle,dense_1024,226,144,15,0,241,370,0.9377593360995851,0.6108108108108108,0.7397708674304418,24,3.081005172803998,0.08657439425587654
01190,small-vehicle,dense_both,238,182,3,0,241,420,0.9875518672199171,0.5666666666666667,0.7201210287443268,128,15.799199322238564,0.1503994408994913
01190,swimming-pool,prompt,0,2,3,0,3,2,0.0,0.0,0.0,10,1.3293660040944815,0.0005597807466983795
01190,swimming-pool,full,1,3,2,0,3,4,0.3333333333333333,0.25,0.2857142857142857,10,1.5885884668678045,0.0008493661880493164
01190,swimming-pool,scale_prior,1,3,2,0,3,4,0.3333333333333333,0.25,0.2857142857142857,10,1.5885884668678045,0.0008566118776798248
01190,swimming-pool,matched,1,3,2,0,3,4,0.3333333333333333,0.25,0.2857142857142857,10,1.5885884668678045,0.0008798558264970779
01190,swimming-pool,dense_1024,1,3,2,0,3,4,0.3333333333333333,0.25,0.2857142857142857,24,3.081005172803998,0.0008728299289941788
01190,swimming-pool,dense_both,1,11,2,0,3,12,0.3333333333333333,0.08333333333333333,0.13333333333333333,128,15.799199322238564,0.002198934555053711
01210,large-vehicle,prompt,11,21,12,0,23,32,0.4782608695652174,0.34375,0.4,10,1.340709587559104,0.004637666046619415
01210,large-vehicle,full,13,32,10,0,23,45,0.5652173913043478,0.28888888888888886,0.38235294117647056,10,1.12437286041677,0.006322888657450676
01210,large-vehicle,scale_prior,13,21,10,0,23,34,0.5652173913043478,0.38235294117647056,0.45614035087719296,10,1.2282024212181568,0.004849584773182869
01210,large-vehicle,matched,13,21,10,0,23,34,0.5652173913043478,0.38235294117647056,0.45614035087719296,10,1.2282024212181568,0.0048452336341142654
01210,large-vehicle,dense_1024,20,65,3,0,23,85,0.8695652173913043,0.23529411764705882,0.37037037037037035,24,3.0751477666199207,0.012985721230506897
01210,large-vehicle,dense_both,21,84,2,0,23,105,0.9130434782608695,0.2,0.328125,115,15.16337014362216,0.020414328202605247
01210,small-vehicle,prompt,17,21,141,0,158,38,0.10759493670886076,0.4473684210526316,0.17346938775510204,10,1.2383302357047796,0.005540324375033379
01210,small-vehicle,full,23,37,135,0,158,60,0.14556962025316456,0.38333333333333336,0.21100917431192662,10,1.1296662334352732,0.009704787284135818
01210,small-vehicle,scale_prior,38,35,120,0,158,73,0.24050632911392406,0.5205479452054794,0.329004329004329,10,1.1290593389421701,0.010855408385396004
01210,small-vehicle,matched,24,38,134,0,158,62,0.1518987341772152,0.3870967741935484,0.21818181818181817,10,1.2328015808016062,0.009782439097762108
01210,small-vehicle,dense_1024,151,48,7,0,158,199,0.9556962025316456,0.7587939698492462,0.84593837535014,24,3.0751477666199207,0.035067157819867134
01210,small-vehicle,dense_both,154,84,4,0,158,238,0.9746835443037974,0.6470588235294118,0.7777777777777778,115,15.16337014362216,0.05563536286354065
01210,swimming-pool,prompt,1,0,0,0,1,1,1.0,1.0,1.0,10,1.0917641166597605,0.0003961082547903061
01210,swimming-pool,full,1,0,0,0,1,1,1.0,1.0,1.0,10,1.1107565760612488,0.00040968507528305054
01210,swimming-pool,scale_prior,1,0,0,0,1,1,1.0,1.0,1.0,10,1.2231139950454235,0.00029054656624794006
01210,swimming-pool,matched,1,0,0,0,1,1,1.0,1.0,1.0,10,1.1070663183927536,0.00040254928171634674
01210,swimming-pool,dense_1024,1,0,0,0,1,1,1.0,1.0,1.0,24,3.0751477666199207,0.0002888161689043045
01210,swimming-pool,dense_both,1,0,0,0,1,1,1.0,1.0,1.0,115,15.16337014362216,0.00040587037801742554
01211,large-vehicle,prompt,0,52,10,0,10,52,0.0,0.0,0.0,10,1.1015634331852198,0.006912689656019211
01211,large-vehicle,full,1,37,9,0,10,38,0.1,0.02631578947368421,0.041666666666666664,10,1.218637591227889,0.005474641919136047
01211,large-vehicle,scale_prior,4,22,6,0,10,26,0.4,0.15384615384615385,0.2222222222222222,10,1.2197808884084225,0.00382164865732193
01211,large-vehicle,matched,4,39,6,0,10,43,0.4,0.09302325581395349,0.1509433962264151,10,1.2131996843963861,0.005727939307689667
01211,large-vehicle,dense_1024,5,40,5,0,10,45,0.5,0.1111111111111111,0.18181818181818182,24,3.0993133448064327,0.006675992161035538
01211,large-vehicle,dense_both,6,188,4,0,10,194,0.6,0.030927835051546393,0.058823529411764705,115,14.64633996784687,0.03265919350087643
01211,small-vehicle,prompt,229,57,96,0,325,286,0.7046153846153846,0.8006993006993007,0.7495908346972177,10,1.1100875195115805,0.0561775304377079
01211,small-vehicle,full,170,72,155,0,325,242,0.5230769230769231,0.7024793388429752,0.599647266313933,10,1.1331417243927717,0.059754541143774986
01211,small-vehicle,scale_prior,204,85,121,0,325,289,0.6276923076923077,0.7058823529411765,0.6644951140065146,10,1.2197808884084225,0.06357909925282001
01211,small-vehicle,matched,172,86,153,0,325,258,0.5292307692307693,0.6666666666666666,0.5900514579759862,10,1.2277717143297195,0.0527531523257494
01211,small-vehicle,dense_1024,236,121,89,0,325,357,0.7261538461538461,0.6610644257703081,0.6920821114369502,24,3.0993133448064327,0.09653769433498383
01211,small-vehicle,dense_both,296,183,29,0,325,479,0.9107692307692308,0.6179540709812108,0.736318407960199,115,14.64633996784687,0.15243788808584213
01215,airplane,prompt,7,0,1,0,8,7,0.875,1.0,0.9333333333333333,10,1.5634390898048878,0.0016348734498023987
01215,airplane,full,8,0,0,0,8,8,1.0,1.0,1.0,10,1.6133517548441887,0.0023739393800497055
01215,airplane,scale_prior,8,0,0,0,8,8,1.0,1.0,1.0,10,1.6578628700226545,0.0023720134049654007
01215,airplane,matched,8,0,0,0,8,8,1.0,1.0,1.0,10,1.6117894761264324,0.002378920093178749
01215,airplane,dense_1024,7,5,1,0,8,12,0.875,0.5833333333333334,0.7,24,3.1287060528993607,0.0024476759135723114
01215,airplane,dense_both,8,20,0,0,8,28,1.0,0.2857142857142857,0.4444444444444444,115,15.003815706819296,0.006367146968841553
01215,large-vehicle,prompt,2,44,3,0,5,46,0.4,0.043478260869565216,0.0784313725490196,10,1.5590411350131035,0.007139841094613075
01215,large-vehicle,full,2,80,3,0,5,82,0.4,0.024390243902439025,0.04597701149425287,10,1.3645980451256037,0.015705185011029243
01215,large-vehicle,scale_prior,2,87,3,0,5,89,0.4,0.02247191011235955,0.0425531914893617,10,1.2635151576250792,0.0182187557220459
01215,large-vehicle,matched,2,75,3,0,5,77,0.4,0.025974025974025976,0.04878048780487805,10,1.2644912917166948,0.01346297562122345
01215,large-vehicle,dense_1024,2,98,3,0,5,100,0.4,0.02,0.0380952380952381,24,3.1287060528993607,0.019018026068806648
01215,large-vehicle,dense_both,2,112,3,0,5,114,0.4,0.017543859649122806,0.03361344537815126,115,15.003815706819296,0.025527967140078545
01215,storage-tank,prompt,1,0,0,0,1,1,1.0,1.0,1.0,10,1.4193883333355188,0.00021197088062763214
01215,storage-tank,full,0,0,1,0,1,0,0.0,0.0,0.0,10,1.118564723059535,2.8755515813827515e-05
01215,storage-tank,scale_prior,0,0,1,0,1,0,0.0,0.0,0.0,10,1.1198162548244,2.2044405341148376e-05
01215,storage-tank,matched,0,0,1,0,1,0,0.0,0.0,0.0,10,1.215560119599104,2.029910683631897e-05
01215,storage-tank,dense_1024,1,1,0,0,1,2,1.0,0.5,0.6666666666666666,24,3.1287060528993607,0.00031084753572940826
01215,storage-tank,dense_both,1,2,0,0,1,3,1.0,0.3333333333333333,0.5,115,15.003815706819296,0.0006809309124946594
01235,airplane,prompt,10,2,1,1,11,13,0.9090909090909091,0.8333333333333334,0.8695652173913043,10,1.3278247937560081,0.002559289336204529
01235,airplane,full,10,2,1,1,11,13,0.9090909090909091,0.8333333333333334,0.8695652173913043,10,1.3277445286512375,0.002589164301753044
01235,airplane,scale_prior,10,2,1,1,11,13,0.9090909090909091,0.8333333333333334,0.8695652173913043,10,1.4296951983124018,0.0029729176312685013
01235,airplane,matched,10,2,1,1,11,13,0.9090909090909091,0.8333333333333334,0.8695652173913043,10,1.4296951983124018,0.002919180318713188
01235,airplane,dense_1024,11,3,0,1,11,15,1.0,0.7857142857142857,0.88,24,3.1027522068470716,0.004112420603632927
01235,airplane,dense_both,11,6,0,2,11,19,1.0,0.6470588235294118,0.7857142857142857,115,15.007701301947236,0.005824048072099686
01235,small-vehicle,prompt,0,3,2,166,2,169,0.0,0.0,0.0,10,1.4496852718293667,0.0315446462482214
01235,small-vehicle,full,0,3,2,97,2,100,0.0,0.0,0.0,10,1.329064043238759,0.017501939088106155
01235,small-vehicle,scale_prior,0,2,2,74,2,76,0.0,0.0,0.0,10,1.2623348589986563,0.013880640268325806
01235,small-vehicle,matched,0,2,2,159,2,161,0.0,0.0,0.0,10,1.363321827724576,0.029900169000029564
01235,small-vehicle,dense_1024,0,5,2,26,2,31,0.0,0.0,0.0,24,3.1027522068470716,0.005067165940999985
01235,small-vehicle,dense_both,1,43,1,302,2,346,0.5,0.022727272727272728,0.043478260869565216,115,15.007701301947236,0.06754872016608715
01235,storage-tank,prompt,2,1,1,0,3,3,0.6666666666666666,0.6666666666666666,0.6666666666666666,10,1.3334060087800026,0.0005546435713768005
01235,storage-tank,full,2,1,1,0,3,3,0.6666666666666666,0.6666666666666666,0.6666666666666666,10,1.234924029558897,0.0004838723689317703
01235,storage-tank,scale_prior,2,1,1,0,3,3,0.6666666666666666,0.6666666666666666,0.6666666666666666,10,1.229982366785407,0.0004883036017417908
01235,storage-tank,matched,2,1,1,0,3,3,0.6666666666666666,0.6666666666666666,0.6666666666666666,10,1.1323553062975407,0.0004570763558149338
01235,storage-tank,dense_1024,3,2,0,0,3,5,1.0,0.6,0.75,24,3.1027522068470716,0.0009412933140993118
01235,storage-tank,dense_both,3,2,0,0,3,5,1.0,0.6,0.75,115,15.007701301947236,0.001187015324831009
01241,storage-tank,prompt,47,22,1,0,48,69,0.9791666666666666,0.6811594202898551,0.8034188034188035,10,1.1019366066902876,0.014575283974409103
01241,storage-tank,full,47,25,1,0,48,72,0.9791666666666666,0.6527777777777778,0.7833333333333333,10,1.0919321961700916,0.015759268775582314
01241,storage-tank,scale_prior,47,12,1,0,48,59,0.9791666666666666,0.7966101694915254,0.8785046728971962,10,1.202635632827878,0.013417495414614677
01241,storage-tank,matched,47,12,1,0,48,59,0.9791666666666666,0.7966101694915254,0.8785046728971962,10,1.202635632827878,0.014823401346802711
01241,storage-tank,dense_1024,47,30,1,0,48,77,0.9791666666666666,0.6103896103896104,0.752,24,3.05033322237432,0.016808930784463882
01241,storage-tank,dense_both,48,35,0,0,48,83,1.0,0.5783132530120482,0.732824427480916,108,13.973144490271807,0.022606324404478073
01242,airplane,prompt,11,1,12,0,23,12,0.4782608695652174,0.9166666666666666,0.6285714285714286,10,1.119237830862403,0.0024824608117341995
01242,airplane,full,3,1,20,0,23,4,0.13043478260869565,0.75,0.2222222222222222,10,1.216664008796215,0.0009236354380846024
01242,airplane,scale_prior,3,1,20,0,23,4,0.13043478260869565,0.75,0.2222222222222222,10,1.2213741336017847,0.0008578039705753326
01242,airplane,matched,3,1,20,0,23,4,0.13043478260869565,0.75,0.2222222222222222,10,1.2213741336017847,0.0008465051651000977
01242,airplane,dense_1024,3,1,20,0,23,4,0.13043478260869565,0.75,0.2222222222222222,24,2.9357199613004923,0.0009210165590047836
01242,airplane,dense_both,11,2,12,0,23,13,0.4782608695652174,0.8461538461538461,0.6111111111111112,115,14.663128439337015,0.002698967233300209
01242,small-vehicle,prompt,15,2,18,0,33,17,0.45454545454545453,0.8823529411764706,0.6,10,1.2267839796841145,0.0033104177564382553
01242,small-vehicle,full,20,4,13,0,33,24,0.6060606060606061,0.8333333333333334,0.7017543859649122,10,1.2160122748464346,0.006635533645749092
01242,small-vehicle,scale_prior,20,4,13,0,33,24,0.6060606060606061,0.8333333333333334,0.7017543859649122,10,1.2167565748095512,0.006528900936245918
01242,small-vehicle,matched,20,4,13,0,33,24,0.6060606060606061,0.8333333333333334,0.7017543859649122,10,1.2167565748095512,0.006499253213405609
01242,small-vehicle,dense_1024,18,6,15,0,33,24,0.5454545454545454,0.75,0.631578947368421,24,2.9357199613004923,0.00885000079870224
01242,small-vehicle,dense_both,27,5,6,0,33,32,0.8181818181818182,0.84375,0.8307692307692308,115,14.663128439337015,0.011487187817692757
01243,airplane,prompt,14,4,9,0,23,18,0.6086956521739131,0.7777777777777778,0.6829268292682927,10,1.326954584568739,0.004570113494992256
01243,airplane,full,23,5,0,0,23,28,1.0,0.8214285714285714,0.9019607843137255,10,1.2265595123171806,0.005223440006375313
01243,airplane,scale_prior,23,4,0,0,23,27,1.0,0.8518518518518519,0.92,10,1.2245379853993654,0.005083460360765457
01243,airplane,matched,23,5,0,0,23,28,1.0,0.8214285714285714,0.9019607843137255,10,1.224018670618534,0.00520676001906395
01243,airplane,dense_1024,23,4,0,0,23,27,1.0,0.8518518518518519,0.92,24,3.091445166617632,0.005282733589410782
01243,airplane,dense_both,23,3,0,0,23,26,1.0,0.8846153846153846,0.9387755102040817,115,15.144446583464742,0.007813764736056328
01243,helicopter,prompt,0,2,1,0,1,2,0.0,0.0,0.0,10,1.336362175643444,0.0002898499369621277
01243,helicopter,full,0,1,1,0,1,1,0.0,0.0,0.0,10,1.3320271503180265,0.00015792623162269592
01243,helicopter,scale_prior,0,0,1,0,1,0,0.0,0.0,0.0,10,1.3327538762241602,2.7351081371307373e-05
01243,helicopter,matched,0,1,1,0,1,1,0.0,0.0,0.0,10,1.234446931630373,0.00015697814524173737
01243,helicopter,dense_1024,0,0,1,0,1,0,0.0,0.0,0.0,24,3.091445166617632,2.54213809967041e-05
01243,helicopter,dense_both,1,2,0,0,1,3,1.0,0.3333333333333333,0.5,115,15.144446583464742,0.000517452135682106
01243,small-vehicle,prompt,0,2,38,0,38,2,0.0,0.0,0.0,10,1.2356162518262863,0.000460747629404068
01243,small-vehicle,full,1,18,37,0,38,19,0.02631578947368421,0.05263157894736842,0.03508771929824561,10,1.435223750770092,0.004500528797507286
01243,small-vehicle,scale_prior,2,16,36,0,38,18,0.05263157894736842,0.1111111111111111,0.07142857142857142,10,1.3400524035096169,0.0037549957633018494
01243,small-vehicle,matched,2,15,36,0,38,17,0.05263157894736842,0.11764705882352941,0.07272727272727272,10,1.2380962781608105,0.0035904422402381897
01243,small-vehicle,dense_1024,13,32,25,0,38,45,0.34210526315789475,0.28888888888888886,0.3132530120481928,24,3.091445166617632,0.010155776515603065
01243,small-vehicle,dense_both,38,32,0,0,38,70,1.0,0.5428571428571428,0.7037037037037037,115,15.144446583464742,0.016003992408514023
01249,airplane,prompt,25,12,14,3,39,40,0.6410256410256411,0.6756756756756757,0.6578947368421053,10,1.2899908479303122,0.011524466797709465
01249,airplane,full,31,16,8,3,39,50,0.7948717948717948,0.6595744680851063,0.7209302325581395,10,1.4887686520814896,0.013142947107553482
01249,airplane,scale_prior,31,16,8,3,39,50,0.7948717948717948,0.6595744680851063,0.7209302325581395,10,1.49306464754045,0.013396324589848518
01249,airplane,matched,34,17,5,3,39,54,0.8717948717948718,0.6666666666666666,0.7555555555555555,10,1.4855129960924387,0.014030445367097855
01249,airplane,dense_1024,36,17,3,5,39,58,0.9230769230769231,0.6792452830188679,0.782608695652174,24,3.0413045026361942,0.013454427942633629
01249,airplane,dense_both,35,21,4,5,39,61,0.8974358974358975,0.625,0.7368421052631579,115,15.126016698777676,0.019335974007844925
01249,swimming-pool,prompt,0,19,2,0,2,19,0.0,0.0,0.0,10,1.4028181061148643,0.002379288896918297
01249,swimming-pool,full,0,5,2,0,2,5,0.0,0.0,0.0,10,1.2114339526742697,0.0005152057856321335
01249,swimming-pool,scale_prior,0,4,2,0,2,4,0.0,0.0,0.0,10,1.111592672765255,0.0004195459187030792
01249,swimming-pool,matched,0,10,2,0,2,10,0.0,0.0,0.0,10,1.2149389386177063,0.000931059941649437
01249,swimming-pool,dense_1024,0,4,2,0,2,4,0.0,0.0,0.0,24,3.0413045026361942,0.0005600564181804657
01249,swimming-pool,dense_both,0,48,2,0,2,48,0.0,0.0,0.0,115,15.126016698777676,0.00790746882557869
01250,storage-tank,prompt,34,23,32,0,66,57,0.5151515151515151,0.5964912280701754,0.5528455284552846,10,1.2739832159131765,0.0116804838180542
01250,storage-tank,full,28,17,38,0,66,45,0.42424242424242425,0.6222222222222222,0.5045045045045045,10,1.320863388478756,0.008899839594960213
01250,storage-tank,scale_prior,28,17,38,0,66,45,0.42424242424242425,0.6222222222222222,0.5045045045045045,10,1.3184347972273827,0.008580213412642479
01250,storage-tank,matched,28,17,38,0,66,45,0.42424242424242425,0.6222222222222222,0.5045045045045045,10,1.3214571233838797,0.008549755439162254
01250,storage-tank,dense_1024,31,20,35,1,66,52,0.4696969696969697,0.6078431372549019,0.5299145299145299,24,3.1524458713829517,0.008538702502846718
01250,storage-tank,dense_both,39,40,27,1,66,80,0.5909090909090909,0.4936708860759494,0.5379310344827586,115,14.940048402175307,0.016902364790439606
01251,large-vehicle,prompt,5,33,24,8,29,46,0.1724137931034483,0.13157894736842105,0.14925373134328357,10,1.3741621654480696,0.008329669013619423
01251,large-vehicle,full,16,29,13,9,29,54,0.5517241379310345,0.35555555555555557,0.43243243243243246,10,1.39927077293396,0.010163463652133942
01251,large-vehicle,scale_prior,15,25,14,11,29,51,0.5172413793103449,0.375,0.43478260869565216,10,1.2909198049455881,0.010217973962426186
01251,large-vehicle,matched,15,26,14,10,29,51,0.5172413793103449,0.36585365853658536,0.42857142857142855,10,1.397847443819046,0.01003364846110344
01251,large-vehicle,dense_1024,17,34,12,20,29,71,0.5862068965517241,0.3333333333333333,0.425,20,2.355100529268384,0.01514178141951561
01251,large-vehicle,dense_both,27,97,2,26,29,150,0.9310344827586207,0.21774193548387097,0.35294117647058826,100,11.563280196860433,0.032100530341267586
01251,ship,prompt,621,70,704,54,1325,745,0.46867924528301885,0.8986975397973951,0.6160714285714286,10,1.1378316525369883,0.21975566819310188
01251,ship,full,846,71,479,107,1325,1024,0.6384905660377358,0.9225736095965104,0.7546833184656556,10,1.3651404026895761,0.31611042842268944
01251,ship,scale_prior,846,71,479,107,1325,1024,0.6384905660377358,0.9225736095965104,0.7546833184656556,10,1.3651404026895761,0.31743467040359974
01251,ship,matched,846,71,479,107,1325,1024,0.6384905660377358,0.9225736095965104,0.7546833184656556,10,1.3651404026895761,0.3164673503488302
01251,ship,dense_1024,1143,88,182,125,1325,1356,0.8626415094339622,0.9285134037367994,0.8943661971830986,20,2.355100529268384,0.4490906484425068
01251,ship,dense_both,1307,238,18,154,1325,1699,0.9864150943396226,0.8459546925566344,0.910801393728223,100,11.563280196860433,0.72893619351089
01251,small-vehicle,prompt,465,60,935,19,1400,544,0.33214285714285713,0.8857142857142857,0.4831168831168831,10,1.3700082339346409,0.1220400519669056
01251,small-vehicle,full,583,139,817,23,1400,745,0.4164285714285714,0.8074792243767313,0.5494816211121584,10,1.2971368804574013,0.17591680400073528
01251,small-vehicle,scale_prior,580,128,820,18,1400,726,0.4142857142857143,0.8192090395480226,0.5502846299810247,10,1.295197932049632,0.17223206162452698
01251,small-vehicle,matched,580,128,820,18,1400,726,0.4142857142857143,0.8192090395480226,0.5502846299810247,10,1.295197932049632,0.1718434114009142
01251,small-vehicle,dense_1024,667,163,733,31,1400,861,0.4764285714285714,0.8036144578313253,0.5982062780269058,20,2.355100529268384,0.21527814492583275
01251,small-vehicle,dense_both,1174,271,226,77,1400,1522,0.8385714285714285,0.8124567474048443,0.8253075571177504,100,11.563280196860433,0.47341642528772354
01252,large-vehicle,prompt,2,8,1,0,3,10,0.6666666666666666,0.2,0.3076923076923077,10,1.200764523819089,0.0014129243791103363
01252,large-vehicle,full,2,10,1,0,3,12,0.6666666666666666,0.16666666666666666,0.26666666666666666,10,1.228733031079173,0.0017147231847047806
01252,large-vehicle,scale_prior,2,10,1,0,3,12,0.6666666666666666,0.16666666666666666,0.26666666666666666,10,1.228733031079173,0.001652490347623825
01252,large-vehicle,matched,2,10,1,0,3,12,0.6666666666666666,0.16666666666666666,0.26666666666666666,10,1.228733031079173,0.0016724560409784317
01252,large-vehicle,dense_1024,2,12,1,0,3,14,0.6666666666666666,0.14285714285714285,0.23529411764705882,24,3.0853165108710527,0.002243991941213608
01252,large-vehicle,dense_both,2,21,1,0,3,23,0.6666666666666666,0.08695652173913043,0.15384615384615385,115,14.451686408370733,0.003976309671998024
01252,small-vehicle,prompt,89,83,260,0,349,172,0.25501432664756446,0.5174418604651163,0.3416506717850288,10,1.2152451314032078,0.027546092867851257
01252,small-vehicle,full,167,59,182,0,349,226,0.4785100286532951,0.7389380530973452,0.5808695652173913,10,1.3383998908102512,0.041562777012586594
01252,small-vehicle,scale_prior,164,61,185,1,349,226,0.4699140401146132,0.7288888888888889,0.5714285714285714,10,1.336468180641532,0.0410347655415535
01252,small-vehicle,matched,164,61,185,1,349,226,0.4699140401146132,0.7288888888888889,0.5714285714285714,10,1.336468180641532,0.041094159707427025
01252,small-vehicle,dense_1024,212,90,137,1,349,303,0.6074498567335244,0.7019867549668874,0.6513056835637481,24,3.0853165108710527,0.05822550877928734
01252,small-vehicle,dense_both,314,302,35,5,349,621,0.8997134670487106,0.5097402597402597,0.6507772020725389,115,14.451686408370733,0.12791891023516655
01252,swimming-pool,prompt,9,35,44,12,53,56,0.16981132075471697,0.20454545454545456,0.18556701030927836,10,1.1037327013909817,0.00864424742758274
01252,swimming-pool,full,16,31,37,18,53,65,0.3018867924528302,0.3404255319148936,0.32,10,1.3362570703029633,0.012925330549478531
01252,swimming-pool,scale_prior,16,31,37,19,53,66,0.3018867924528302,0.3404255319148936,0.32,10,1.3346336781978607,0.01265505887567997
01252,swimming-pool,matched,16,31,37,19,53,66,0.3018867924528302,0.3404255319148936,0.32,10,1.3346336781978607,0.012658515945076942
01252,swimming-pool,dense_1024,23,32,30,20,53,75,0.4339622641509434,0.41818181818181815,0.42592592592592593,24,3.0853165108710527,0.015111805871129036
01252,swimming-pool,dense_both,24,88,29,19,53,131,0.4528301886792453,0.21428571428571427,0.2909090909090909,115,14.451686408370733,0.029616275802254677
01254,ship,prompt,422,46,39,9,461,477,0.9154013015184381,0.9017094017094017,0.9085037674919269,10,1.3803089056164026,0.11240925081074238
01254,ship,full,418,41,43,10,461,469,0.9067245119305857,0.9106753812636166,0.908695652173913,10,1.2858613152056932,0.11528742872178555
01254,ship,scale_prior,420,40,41,10,461,470,0.911062906724512,0.9130434782608695,0.9120521172638436,10,1.2963159400969744,0.11090634018182755
01254,ship,matched,419,46,42,10,461,475,0.9088937093275488,0.9010752688172043,0.9049676025917927,10,1.2814154922962189,0.11448577977716923
01254,ship,dense_1024,429,51,32,9,461,489,0.93058568329718,0.89375,0.9117959617428267,24,3.0331682935357094,0.11650652810931206
01254,ship,dense_both,454,88,7,11,461,553,0.9848156182212582,0.8376383763837638,0.905284147557328,108,13.873794835060835,0.18064326979219913
01254,small-vehicle,prompt,54,27,128,0,182,81,0.2967032967032967,0.6666666666666666,0.41064638783269963,10,1.3273343574255705,0.017209907993674278
01254,small-vehicle,full,80,31,102,0,182,111,0.43956043956043955,0.7207207207207207,0.5460750853242321,10,1.2022870741784573,0.026940464973449707
01254,small-vehicle,scale_prior,79,27,103,0,182,106,0.4340659340659341,0.7452830188679245,0.5486111111111112,10,1.31004086881876,0.024365294724702835
01254,small-vehicle,matched,59,29,123,0,182,88,0.3241758241758242,0.6704545454545454,0.43703703703703706,10,1.3121739905327559,0.019754666835069656
01254,small-vehicle,dense_1024,110,41,72,0,182,151,0.6043956043956044,0.7284768211920529,0.6606606606606606,24,3.0331682935357094,0.03484334982931614
01254,small-vehicle,dense_both,166,68,16,0,182,234,0.9120879120879121,0.7094017094017094,0.7980769230769231,108,13.873794835060835,0.06534496136009693
01254,swimming-pool,prompt,4,2,0,0,4,6,1.0,0.6666666666666666,0.8,10,1.2253598980605602,0.001339903101325035
01254,swimming-pool,full,4,1,0,0,4,5,1.0,0.8,0.8888888888888888,10,1.315993670374155,0.0012092012912034988
01254,swimming-pool,scale_prior,4,1,0,0,4,5,1.0,0.8,0.8888888888888888,10,1.4140080232173204,0.0011167917400598526
01254,swimming-pool,matched,4,1,0,0,4,5,1.0,0.8,0.8888888888888888,10,1.3140705525875092,0.001212308183312416
01254,swimming-pool,dense_1024,3,4,1,0,4,7,0.75,0.42857142857142855,0.5454545454545454,24,3.0331682935357094,0.0010967683047056198
01254,swimming-pool,dense_both,4,6,0,0,4,10,1.0,0.4,0.5714285714285714,108,13.873794835060835,0.001752736046910286
01257,airplane,prompt,40,45,64,1,104,86,0.38461538461538464,0.47058823529411764,0.42328042328042326,10,1.2607001401484013,0.022290265187621117
01257,airplane,full,34,38,70,1,104,73,0.3269230769230769,0.4722222222222222,0.38636363636363635,10,1.2619395833462477,0.021792344748973846
01257,airplane,scale_prior,35,30,69,1,104,66,0.33653846153846156,0.5384615384615384,0.41420118343195267,10,1.2727144677191973,0.017679225653409958
01257,airplane,matched,35,45,69,1,104,81,0.33653846153846156,0.4375,0.3804347826086957,10,1.3595501724630594,0.02278413251042366
01257,airplane,dense_1024,40,31,64,2,104,73,0.38461538461538464,0.5633802816901409,0.45714285714285713,24,2.979462267830968,0.02003202773630619
01257,airplane,dense_both,49,49,55,4,104,102,0.47115384615384615,0.5,0.48514851485148514,108,13.382500275969505,0.030716940760612488
01257,large-vehicle,prompt,0,31,5,14,5,45,0.0,0.0,0.0,10,1.1191579941660166,0.007788218557834625
01257,large-vehicle,full,0,56,5,18,5,74,0.0,0.0,0.0,10,1.3057195283472538,0.014349943026900291
01257,large-vehicle,scale_prior,0,57,5,17,5,74,0.0,0.0,0.0,10,1.303586971014738,0.014210084453225136
01257,large-vehicle,matched,0,57,5,17,5,74,0.0,0.0,0.0,10,1.2042320370674133,0.014252005144953728
01257,large-vehicle,dense_1024,1,72,4,17,5,90,0.2,0.0136986301369863,0.02564102564102564,24,2.979462267830968,0.0166680496186018
01257,large-vehicle,dense_both,1,123,4,22,5,146,0.2,0.008064516129032258,0.015503875968992248,108,13.382500275969505,0.026214540004730225
01257,ship,prompt,4,41,11,3,15,48,0.26666666666666666,0.08888888888888889,0.13333333333333333,10,1.2151925899088383,0.008704740554094315
01257,ship,full,5,37,10,2,15,44,0.3333333333333333,0.11904761904761904,0.17543859649122806,10,1.2989786732941866,0.008977564051747322
01257,ship,scale_prior,4,36,11,2,15,42,0.26666666666666666,0.1,0.14545454545454545,10,1.1863130629062653,0.009191134944558144
01257,ship,matched,4,36,11,2,15,42,0.26666666666666666,0.1,0.14545454545454545,10,1.2025805711746216,0.008405735716223717
01257,ship,dense_1024,4,36,11,2,15,42,0.26666666666666666,0.1,0.14545454545454545,24,2.979462267830968,0.00919397734105587
01257,ship,dense_both,6,65,9,19,15,90,0.4,0.08450704225352113,0.13953488372093023,108,13.382500275969505,0.017405787482857704
01257,storage-tank,prompt,1,2,1,0,2,3,0.5,0.3333333333333333,0.4,10,1.323148125782609,0.00045519135892391205
01257,storage-tank,full,2,3,0,1,2,6,1.0,0.4,0.5714285714285714,10,1.2986232452094555,0.0008225347846746445
01257,storage-tank,scale_prior,2,3,0,1,2,6,1.0,0.4,0.5714285714285714,10,1.2975281570106745,0.0008154455572366714
01257,storage-tank,matched,2,3,0,1,2,6,1.0,0.4,0.5714285714285714,10,1.2975281570106745,0.0008080136030912399
01257,storage-tank,dense_1024,2,6,0,1,2,9,1.0,0.25,0.4,24,2.979462267830968,0.0015394054353237152
01257,storage-tank,dense_both,2,9,0,1,2,12,1.0,0.18181818181818182,0.3076923076923077,108,13.382500275969505,0.0024486463516950607
01259,storage-tank,prompt,16,4,2,0,18,20,0.8888888888888888,0.8,0.8421052631578947,10,1.105081856250763,0.005429590120911598
01259,storage-tank,full,17,3,1,0,18,20,0.9444444444444444,0.85,0.8947368421052632,10,1.4172381479293108,0.005886804312467575
01259,storage-tank,scale_prior,17,3,1,0,18,20,0.9444444444444444,0.85,0.8947368421052632,10,1.4176036044955254,0.005965150892734528
01259,storage-tank,matched,17,3,1,0,18,20,0.9444444444444444,0.85,0.8947368421052632,10,1.4176036044955254,0.00600428506731987
01259,storage-tank,dense_1024,17,2,1,0,18,19,0.9444444444444444,0.8947368421052632,0.918918918918919,24,3.303111284971237,0.005008984357118607
01259,storage-tank,dense_both,17,4,1,0,18,21,0.9444444444444444,0.8095238095238095,0.8717948717948718,115,14.930694546550512,0.007486505433917046
01260,ship,prompt,2,92,2,2,4,96,0.5,0.02127659574468085,0.04081632653061224,10,1.4246974233537912,0.018758265301585197
01260,ship,full,2,64,2,3,4,69,0.5,0.030303030303030304,0.05714285714285714,10,1.1729912739247084,0.015561215579509735
01260,ship,scale_prior,2,71,2,3,4,76,0.5,0.0273972602739726,0.05194805194805195,10,1.1740461699664593,0.016788631677627563
01260,ship,matched,2,71,2,3,4,76,0.5,0.0273972602739726,0.05194805194805195,10,1.1740461699664593,0.016769984737038612
01260,ship,dense_1024,4,67,0,3,4,74,1.0,0.056338028169014086,0.10666666666666667,24,2.991719188168645,0.01671384833753109
01260,ship,dense_both,4,196,0,3,4,203,1.0,0.02,0.0392156862745098,108,13.487691052258015,0.04434261657297611
01260,storage-tank,prompt,68,22,38,2,106,92,0.6415094339622641,0.7555555555555555,0.6938775510204082,10,1.3890097979456186,0.015010667964816093
01260,storage-tank,full,87,23,19,2,106,112,0.8207547169811321,0.7909090909090909,0.8055555555555556,10,1.1802024971693754,0.02616632543504238
01260,storage-tank,scale_prior,86,21,20,2,106,109,0.8113207547169812,0.8037383177570093,0.8075117370892019,10,1.277628354728222,0.023520542308688164
01260,storage-tank,matched,86,21,20,2,106,109,0.8113207547169812,0.8037383177570093,0.8075117370892019,10,1.277628354728222,0.023505190387368202
01260,storage-tank,dense_1024,88,25,18,2,106,115,0.8301886792452831,0.7787610619469026,0.8036529680365296,24,2.991719188168645,0.02714233659207821
01260,storage-tank,dense_both,101,47,5,2,106,150,0.9528301886792453,0.6824324324324325,0.7952755905511811,108,13.487691052258015,0.04157540574669838
01261,airplane,prompt,25,1,1,0,26,26,0.9615384615384616,0.9615384615384616,0.9615384615384616,10,1.450889516621828,0.0078191626816988
01261,airplane,full,24,1,2,0,26,25,0.9230769230769231,0.96,0.9411764705882353,10,1.243692385032773,0.0075218454003334045
01261,airplane,scale_prior,24,1,2,0,26,25,0.9230769230769231,0.96,0.9411764705882353,10,1.2409978341311216,0.007497780025005341
01261,airplane,matched,24,1,2,0,26,25,0.9230769230769231,0.96,0.9411764705882353,10,1.2409978341311216,0.007457524538040161
01261,airplane,dense_1024,24,1,2,0,26,25,0.9230769230769231,0.96,0.9411764705882353,24,3.103413885459304,0.007479231804609299
01261,airplane,dense_both,26,2,0,0,26,28,1.0,0.9285714285714286,0.9629629629629629,115,15.120445972308517,0.009579703211784363
01261,large-vehicle,prompt,0,4,1,0,1,4,0.0,0.0,0.0,10,1.2284041866660118,0.0004473477602005005
01261,large-vehicle,full,0,2,1,0,1,2,0.0,0.0,0.0,10,1.2342351637780666,0.00023809634149074554
01261,large-vehicle,scale_prior,0,5,1,0,1,5,0.0,0.0,0.0,10,1.532460505142808,0.0004938133060932159
01261,large-vehicle,matched,0,1,1,0,1,1,0.0,0.0,0.0,10,1.532805360853672,0.00013996288180351257
01261,large-vehicle,dense_1024,0,2,1,0,1,2,0.0,0.0,0.0,24,3.103413885459304,0.000389760360121727
01261,large-vehicle,dense_both,0,8,1,0,1,8,0.0,0.0,0.0,115,15.120445972308517,0.0011107362806797028
01261,small-vehicle,prompt,42,29,53,0,95,71,0.4421052631578947,0.5915492957746479,0.5060240963855421,10,1.2318125143647194,0.013381078839302063
01261,small-vehicle,full,9,22,86,0,95,31,0.09473684210526316,0.2903225806451613,0.14285714285714285,10,1.332431746646762,0.004664963111281395
01261,small-vehicle,scale_prior,9,22,86,0,95,31,0.09473684210526316,0.2903225806451613,0.14285714285714285,10,1.4314838368445635,0.0047490764409303665
01261,small-vehicle,matched,9,22,86,0,95,31,0.09473684210526316,0.2903225806451613,0.14285714285714285,10,1.4314838368445635,0.0046817101538181305
01261,small-vehicle,dense_1024,0,35,95,0,95,35,0.0,0.0,0.0,24,3.103413885459304,0.005546169355511665
01261,small-vehicle,dense_both,87,113,8,0,95,200,0.9157894736842105,0.435,0.5898305084745763,115,15.120445972308517,0.03732307441532612
01261,storage-tank,prompt,0,1,1,0,1,1,0.0,0.0,0.0,10,1.4347093403339386,0.0003325697034597397
01261,storage-tank,full,0,1,1,0,1,1,0.0,0.0,0.0,10,1.2332486044615507,0.00022680871188640594
01261,storage-tank,scale_prior,0,1,1,0,1,1,0.0,0.0,0.0,10,1.236829238012433,0.0002932995557785034
01261,storage-tank,matched,0,1,1,0,1,1,0.0,0.0,0.0,10,1.3345680106431246,0.0002207830548286438
01261,storage-tank,dense_1024,0,1,1,0,1,1,0.0,0.0,0.0,24,3.103413885459304,0.0002685338258743286
01261,storage-tank,dense_both,0,4,1,0,1,4,0.0,0.0,0.0,115,15.120445972308517,0.0007961448282003403
01261,swimming-pool,prompt,2,2,2,0,4,4,0.5,0.5,0.5,10,1.435212954878807,0.001043081283569336
01261,swimming-pool,full,2,3,2,0,4,5,0.5,0.4,0.4444444444444444,10,1.234681798145175,0.001148642972111702
01261,swimming-pool,scale_prior,2,3,2,0,4,5,0.5,0.4,0.4444444444444444,10,1.24088803678751,0.001094890758395195
01261,swimming-pool,matched,2,3,2,0,4,5,0.5,0.4,0.4444444444444444,10,1.24088803678751,0.0011080540716648102
01261,swimming-pool,dense_1024,2,3,2,0,4,5,0.5,0.4,0.4444444444444444,24,3.103413885459304,0.0007336139678955078
01261,swimming-pool,dense_both,2,4,2,0,4,6,0.5,0.3333333333333333,0.4,115,15.120445972308517,0.0014636609703302383
01262,storage-tank,prompt,10,3,4,0,14,13,0.7142857142857143,0.7692307692307693,0.7407407407407407,10,1.1836756747215986,0.0026644766330718994
01262,storage-tank,full,14,6,0,0,14,20,1.0,0.7,0.8235294117647058,10,1.1065631601959467,0.0029540210962295532
01262,storage-tank,scale_prior,14,7,0,0,14,21,1.0,0.6666666666666666,0.8,10,1.110676757991314,0.0031606387346982956
01262,storage-tank,matched,14,6,0,0,14,20,1.0,0.7,0.8235294117647058,10,1.1071652714163065,0.0029750149697065353
01262,storage-tank,dense_1024,14,16,0,0,14,30,1.0,0.4666666666666667,0.6363636363636364,24,2.983772285282612,0.004908015951514244
01262,storage-tank,dense_both,14,42,0,0,14,56,1.0,0.25,0.4,115,14.533621288836002,0.011045185849070549
01268,airplane,prompt,111,4,10,0,121,115,0.9173553719008265,0.9652173913043478,0.940677966101695,10,1.3845284041017294,0.022332703694701195
01268,airplane,full,111,5,10,0,121,116,0.9173553719008265,0.9568965517241379,0.9367088607594937,10,1.2890448439866304,0.022939972579479218
01268,airplane,scale_prior,84,4,37,0,121,88,0.6942148760330579,0.9545454545454546,0.8038277511961722,10,1.2912612184882164,0.015338333323597908
01268,airplane,matched,84,4,37,0,121,88,0.6942148760330579,0.9545454545454546,0.8038277511961722,10,1.2912612184882164,0.0153651162981987
01268,airplane,dense_1024,112,6,9,0,121,118,0.9256198347107438,0.9491525423728814,0.9372384937238494,24,2.8951561115682125,0.02512059360742569
01268,airplane,dense_both,120,9,1,0,121,129,0.9917355371900827,0.9302325581395349,0.96,115,14.265633724629879,0.036909572780132294
01268,large-vehicle,prompt,0,5,3,0,3,5,0.0,0.0,0.0,10,1.3086954914033413,0.0005304012447595596
01268,large-vehicle,full,0,11,3,0,3,11,0.0,0.0,0.0,10,1.2017349041998386,0.001220598816871643
01268,large-vehicle,scale_prior,0,15,3,0,3,15,0.0,0.0,0.0,10,1.2983451373875141,0.0016483291983604431
01268,large-vehicle,matched,0,13,3,0,3,13,0.0,0.0,0.0,10,1.3019689954817295,0.0013893023133277893
01268,large-vehicle,dense_1024,1,35,2,0,3,36,0.3333333333333333,0.027777777777777776,0.05128205128205128,24,2.8951561115682125,0.004185505211353302
01268,large-vehicle,dense_both,1,62,2,1,3,64,0.3333333333333333,0.015873015873015872,0.030303030303030304,115,14.265633724629879,0.00866813026368618
01268,ship,prompt,0,29,9,0,9,29,0.0,0.0,0.0,10,1.3207786325365305,0.00343339703977108
01268,ship,full,0,41,9,0,9,41,0.0,0.0,0.0,10,1.199423674494028,0.005319839343428612
01268,ship,scale_prior,0,46,9,0,9,46,0.0,0.0,0.0,10,1.3053495176136494,0.005719434469938278
01268,ship,matched,0,48,9,0,9,48,0.0,0.0,0.0,10,1.3058585226535797,0.005829932168126106
01268,ship,dense_1024,3,57,6,0,9,60,0.3333333333333333,0.05,0.08695652173913043,24,2.8951561115682125,0.008240431547164917
01268,ship,dense_both,9,117,0,0,9,126,1.0,0.07142857142857142,0.13333333333333333,115,14.265633724629879,0.01999100111424923
01268,small-vehicle,prompt,31,23,271,0,302,54,0.10264900662251655,0.5740740740740741,0.17415730337078653,10,1.5136281717568636,0.009212655946612358
01268,small-vehicle,full,4,49,298,0,302,53,0.013245033112582781,0.07547169811320754,0.022535211267605635,10,1.3077843468636274,0.007988840341567993
01268,small-vehicle,scale_prior,5,68,297,2,302,75,0.016556291390728478,0.0684931506849315,0.02666666666666667,10,1.306002926081419,0.011732634156942368
01268,small-vehicle,matched,4,44,298,2,302,50,0.013245033112582781,0.08333333333333333,0.022857142857142857,10,1.4093922413885593,0.007195333018898964
01268,small-vehicle,dense_1024,9,145,293,3,302,157,0.029801324503311258,0.05844155844155844,0.039473684210526314,24,2.8951561115682125,0.02544761635363102
01268,small-vehicle,dense_both,164,342,138,12,302,518,0.543046357615894,0.3241106719367589,0.40594059405940597,115,14.265633724629879,0.10299146361649036
01268,swimming-pool,prompt,4,12,6,0,10,16,0.4,0.25,0.3076923076923077,10,1.1081881169229746,0.0024532880634069443
01268,swimming-pool,full,8,17,2,0,10,25,0.8,0.32,0.45714285714285713,10,1.1999729629606009,0.004024248570203781
01268,swimming-pool,scale_prior,6,22,4,0,10,28,0.6,0.21428571428571427,0.3157894736842105,10,1.2976551707834005,0.0037729069590568542
01268,swimming-pool,matched,6,23,4,0,10,29,0.6,0.20689655172413793,0.3076923076923077,10,1.30168791487813,0.003977879881858826
01268,swimming-pool,dense_1024,8,28,2,0,10,36,0.8,0.2222222222222222,0.34782608695652173,24,2.8951561115682125,0.00548834353685379
01268,swimming-pool,dense_both,8,46,2,0,10,54,0.8,0.14814814814814814,0.25,115,14.265633724629879,0.01012437790632248
01269,airplane,prompt,4,0,0,0,4,4,1.0,1.0,1.0,10,1.0016785860061646,0.0011399704962968826
01269,airplane,full,4,0,0,0,4,4,1.0,1.0,1.0,10,0.9975341744720936,0.0013110805302858353
01269,airplane,scale_prior,4,0,0,0,4,4,1.0,1.0,1.0,10,1.2687337454408407,0.0010058712214231491
01269,airplane,matched,4,0,0,0,4,4,1.0,1.0,1.0,10,1.0016785860061646,0.0010666381567716599
01269,airplane,dense_1024,4,0,0,0,4,4,1.0,1.0,1.0,24,3.0938189420849085,0.0009853951632976532
01269,airplane,dense_both,4,1,0,0,4,5,1.0,0.8,0.8888888888888888,115,14.895036090165377,0.0025512520223855972
01269,large-vehicle,prompt,0,2,1,0,1,2,0.0,0.0,0.0,10,1.1933115012943745,0.0005333442240953445
01269,large-vehicle,full,0,3,1,0,1,3,0.0,0.0,0.0,10,1.2044960521161556,0.0004487317055463791
01269,large-vehicle,scale_prior,0,4,1,0,1,4,0.0,0.0,0.0,10,1.3122768308967352,0.0006322376430034637
01269,large-vehicle,matched,0,4,1,0,1,4,0.0,0.0,0.0,10,1.3074516355991364,0.0006348602473735809
01269,large-vehicle,dense_1024,0,10,1,0,1,10,0.0,0.0,0.0,24,3.0938189420849085,0.0013643000274896622
01269,large-vehicle,dense_both,0,18,1,0,1,18,0.0,0.0,0.0,115,14.895036090165377,0.0027295928448438644
01269,small-vehicle,prompt,1,7,107,0,108,8,0.009259259259259259,0.125,0.017241379310344827,10,1.3212789222598076,0.001335974782705307
01269,small-vehicle,full,4,8,104,0,108,12,0.037037037037037035,0.3333333333333333,0.06666666666666667,10,1.2138705160468817,0.0022869836539030075
01269,small-vehicle,scale_prior,6,39,102,0,108,45,0.05555555555555555,0.13333333333333333,0.0784313725490196,10,1.3202156461775303,0.008273007348179817
01269,small-vehicle,matched,6,39,102,0,108,45,0.05555555555555555,0.13333333333333333,0.0784313725490196,10,1.3202156461775303,0.008298298344016075
01269,small-vehicle,dense_1024,57,115,51,0,108,172,0.5277777777777778,0.3313953488372093,0.40714285714285714,24,3.0938189420849085,0.038495615124702454
01269,small-vehicle,dense_both,97,196,11,0,108,293,0.8981481481481481,0.3310580204778157,0.4837905236907731,115,14.895036090165377,0.07366696745157242
01269,storage-tank,prompt,1,1,0,0,1,2,1.0,0.5,0.6666666666666666,10,1.5088712088763714,0.0005462914705276489
01269,storage-tank,full,1,1,0,0,1,2,1.0,0.5,0.6666666666666666,10,1.4072504807263613,0.000528508797287941
01269,storage-tank,scale_prior,1,1,0,0,1,2,1.0,0.5,0.6666666666666666,10,1.4108647275716066,0.0005218479782342911
01269,storage-tank,matched,1,1,0,0,1,2,1.0,0.5,0.6666666666666666,10,1.505923641845584,0.0005280282348394394
01269,storage-tank,dense_1024,1,1,0,0,1,2,1.0,0.5,0.6666666666666666,24,3.0938189420849085,0.0005387198179960251
01269,storage-tank,dense_both,1,2,0,0,1,3,1.0,0.3333333333333333,0.5,115,14.895036090165377,0.0008608624339103699
01272,airplane,prompt,59,11,112,0,171,70,0.34502923976608185,0.8428571428571429,0.4896265560165975,10,1.2239367831498384,0.01202550157904625
01272,airplane,full,116,25,55,0,171,141,0.6783625730994152,0.8226950354609929,0.7435897435897436,10,1.1092863325029612,0.028692500665783882
01272,airplane,scale_prior,116,24,55,0,171,140,0.6783625730994152,0.8285714285714286,0.7459807073954984,10,1.1134738437831402,0.027191361412405968
01272,airplane,matched,116,24,55,0,171,140,0.6783625730994152,0.8285714285714286,0.7459807073954984,10,1.1134738437831402,0.027125267311930656
01272,airplane,dense_1024,133,29,38,0,171,162,0.7777777777777778,0.8209876543209876,0.7987987987987988,24,3.0517095252871513,0.037690119817852974
01272,airplane,dense_both,152,39,19,0,171,191,0.8888888888888888,0.7958115183246073,0.8397790055248618,115,14.801068391650915,0.058550480753183365
01272,storage-tank,prompt,19,12,3,0,22,31,0.8636363636363636,0.6129032258064516,0.7169811320754716,10,1.2425161264836788,0.004485616460442543
01272,storage-tank,full,20,23,2,0,22,43,0.9090909090909091,0.46511627906976744,0.6153846153846154,10,1.1327322330325842,0.005950151011347771
01272,storage-tank,scale_prior,20,20,2,0,22,40,0.9090909090909091,0.5,0.6451612903225806,10,1.1320141218602657,0.005630463361740112
01272,storage-tank,matched,20,20,2,0,22,40,0.9090909090909091,0.5,0.6451612903225806,10,1.1320141218602657,0.005688479170203209
01272,storage-tank,dense_1024,19,46,3,0,22,65,0.8636363636363636,0.2923076923076923,0.4367816091954023,24,3.0517095252871513,0.012683982029557228
01272,storage-tank,dense_both,22,67,0,0,22,89,1.0,0.24719101123595505,0.3963963963963964,115,14.801068391650915,0.0215029027312994
01273,airplane,prompt,1,4,1,1,2,6,0.5,0.2,0.2857142857142857,10,1.201791049912572,0.0012034885585308075
01273,airplane,full,0,3,2,1,2,4,0.0,0.0,0.0,10,1.200633481144905,0.0008910447359085083
01273,airplane,scale_prior,0,2,2,1,2,3,0.0,0.0,0.0,10,1.1988942846655846,0.000797634944319725
01273,airplane,matched,0,3,2,1,2,4,0.0,0.0,0.0,10,1.2012610826641321,0.0008799359202384949
01273,airplane,dense_1024,0,2,2,1,2,3,0.0,0.0,0.0,24,3.121147010475397,0.0008024685084819794
01273,airplane,dense_both,1,5,1,1,2,7,0.5,0.16666666666666666,0.25,115,14.262727035209537,0.0018297228962182999
01273,helicopter,prompt,3,2,0,1,3,6,1.0,0.6,0.75,10,1.2886381670832634,0.0010546091943979263
01273,helicopter,full,3,3,0,0,3,6,1.0,0.5,0.6666666666666666,10,1.206084944307804,0.0014231577515602112
01273,helicopter,scale_prior,3,3,0,0,3,6,1.0,0.5,0.6666666666666666,10,1.292983477935195,0.001209985464811325
01273,helicopter,matched,3,3,0,0,3,6,1.0,0.5,0.6666666666666666,10,1.292983477935195,0.0011892002075910568
01273,helicopter,dense_1024,3,3,0,0,3,6,1.0,0.5,0.6666666666666666,24,3.121147010475397,0.0014430545270442963
01273,helicopter,dense_both,3,4,0,1,3,8,1.0,0.42857142857142855,0.6,115,14.262727035209537,0.002005629241466522
01273,large-vehicle,prompt,0,5,5,0,5,5,0.0,0.0,0.0,10,1.1916311513632536,0.0007445234805345535
01273,large-vehicle,full,3,9,2,0,5,12,0.6,0.25,0.35294117647058826,10,1.1900251749902964,0.0017758607864379883
01273,large-vehicle,scale_prior,5,7,0,0,5,12,1.0,0.4166666666666667,0.5882352941176471,10,1.2900566682219505,0.0019109901040792465
01273,large-vehicle,matched,5,7,0,0,5,12,1.0,0.4166666666666667,0.5882352941176471,10,1.2900566682219505,0.0019111372530460358
01273,large-vehicle,dense_1024,5,17,0,0,5,22,1.0,0.22727272727272727,0.37037037037037035,24,3.121147010475397,0.003102952614426613
01273,large-vehicle,dense_both,5,55,0,0,5,60,1.0,0.08333333333333333,0.15384615384615385,115,14.262727035209537,0.009658727794885635
01273,small-vehicle,prompt,5,6,34,0,39,11,0.1282051282051282,0.45454545454545453,0.2,10,1.1001478359103203,0.0019867345690727234
01273,small-vehicle,full,16,20,23,0,39,36,0.41025641025641024,0.4444444444444444,0.4266666666666667,10,1.1886675078421831,0.0065800826996564865
01273,small-vehicle,scale_prior,5,20,34,0,39,25,0.1282051282051282,0.2,0.15625,10,1.4017620459198952,0.0030783358961343765
01273,small-vehicle,matched,5,19,34,0,39,24,0.1282051282051282,0.20833333333333334,0.15873015873015872,10,1.2962774317711592,0.0032795723527669907
01273,small-vehicle,dense_1024,37,48,2,0,39,85,0.9487179487179487,0.43529411764705883,0.5967741935483871,24,3.121147010475397,0.014832157641649246
01273,small-vehicle,dense_both,36,74,3,0,39,110,0.9230769230769231,0.32727272727272727,0.48322147651006714,115,14.262727035209537,0.023631256073713303
01278,airplane,prompt,49,7,62,3,111,59,0.44144144144144143,0.875,0.5868263473053892,10,1.3264249004423618,0.009847944602370262
01278,airplane,full,70,11,41,2,111,83,0.6306306306306306,0.8641975308641975,0.7291666666666666,10,1.103136632591486,0.01636749692261219
01278,airplane,scale_prior,75,11,36,2,111,88,0.6756756756756757,0.872093023255814,0.7614213197969543,10,1.1052404325455427,0.01709611527621746
01278,airplane,matched,72,12,39,3,111,87,0.6486486486486487,0.8571428571428571,0.7384615384615385,10,1.10459740832448,0.0165361650288105
01278,airplane,dense_1024,96,20,15,3,111,119,0.8648648648648649,0.8275862068965517,0.8458149779735683,24,2.9065785370767117,0.03072107769548893
01278,airplane,dense_both,108,32,3,3,111,143,0.972972972972973,0.7714285714285715,0.8605577689243028,115,14.905878886580467,0.03993156738579273
01278,storage-tank,prompt,0,3,7,0,7,3,0.0,0.0,0.0,10,1.151914270594716,0.0003597848117351532
01278,storage-tank,full,0,9,7,0,7,9,0.0,0.0,0.0,10,1.097036825492978,0.0010617412626743317
01278,storage-tank,scale_prior,0,8,7,0,7,8,0.0,0.0,0.0,10,1.097850726917386,0.0009664278477430344
01278,storage-tank,matched,0,9,7,0,7,9,0.0,0.0,0.0,10,1.097036825492978,0.0010817721486091614
01278,storage-tank,dense_1024,5,13,2,0,7,18,0.7142857142857143,0.2777777777777778,0.4,24,2.9065785370767117,0.003000447526574135
01278,storage-tank,dense_both,5,16,2,0,7,21,0.7142857142857143,0.23809523809523808,0.35714285714285715,115,14.905878886580467,0.0037925168871879578
01281,airplane,prompt,42,3,38,0,80,45,0.525,0.9333333333333333,0.672,10,1.2076214905828238,0.00873732939362526
01281,airplane,full,34,7,46,0,80,41,0.425,0.8292682926829268,0.5619834710743802,10,1.2148389145731926,0.010145144537091255
01281,airplane,scale_prior,37,7,43,0,80,44,0.4625,0.8409090909090909,0.5967741935483871,10,1.2173766661435366,0.010438978672027588
01281,airplane,matched,37,7,43,0,80,44,0.4625,0.8409090909090909,0.5967741935483871,10,1.1121601648628712,0.010382317006587982
01281,airplane,dense_1024,43,12,37,0,80,55,0.5375,0.7818181818181819,0.6370370370370371,24,3.064156409353018,0.012981783598661423
01281,airplane,dense_both,65,9,15,0,80,74,0.8125,0.8783783783783784,0.8441558441558441,115,14.837063925340772,0.019015900790691376
01281,storage-tank,prompt,0,4,15,0,15,4,0.0,0.0,0.0,10,1.3046321887522936,0.0006188303232192993
01281,storage-tank,full,0,4,15,0,15,4,0.0,0.0,0.0,10,1.3144171461462975,0.0005682427436113358
01281,storage-tank,scale_prior,1,6,14,0,15,7,0.06666666666666667,0.14285714285714285,0.09090909090909091,10,1.3134446367621422,0.0013092290610074997
01281,storage-tank,matched,1,6,14,0,15,7,0.06666666666666667,0.14285714285714285,0.09090909090909091,10,1.2043203618377447,0.0011496972292661667
01281,storage-tank,dense_1024,1,9,14,0,15,10,0.06666666666666667,0.1,0.08,24,3.064156409353018,0.0021307598799467087
01281,storage-tank,dense_both,6,15,9,0,15,21,0.4,0.2857142857142857,0.3333333333333333,115,14.837063925340772,0.004582732915878296
01284,small-vehicle,prompt,85,70,139,0,224,155,0.3794642857142857,0.5483870967741935,0.44854881266490765,10,0.9822385367006063,0.023591047152876854
01284,small-vehicle,full,144,82,80,0,224,226,0.6428571428571429,0.6371681415929203,0.64,10,1.0747635439038277,0.04044022969901562
01284,small-vehicle,scale_prior,119,78,105,0,224,197,0.53125,0.6040609137055838,0.5653206650831354,10,1.0694329384714365,0.035402124747633934
01284,small-vehicle,matched,131,82,93,0,224,213,0.5848214285714286,0.6150234741784038,0.5995423340961098,10,1.1690285708755255,0.037722695618867874
01284,small-vehicle,dense_1024,210,177,14,0,224,387,0.9375,0.5426356589147286,0.6873977086743044,24,2.84020540677011,0.07237761467695236
01284,small-vehicle,dense_both,214,305,10,0,224,519,0.9553571428571429,0.4123314065510597,0.576043068640646,115,13.86464248597622,0.11698479950428009
01284,swimming-pool,prompt,52,26,146,1,198,79,0.26262626262626265,0.6666666666666666,0.37681159420289856,10,1.0798004902899265,0.012525180354714394
01284,swimming-pool,full,110,58,88,2,198,170,0.5555555555555556,0.6547619047619048,0.6010928961748634,10,1.2776513323187828,0.026138991117477417
01284,swimming-pool,scale_prior,84,50,114,2,198,136,0.42424242424242425,0.6268656716417911,0.5060240963855421,10,1.1788957957178354,0.021648088470101357
01284,swimming-pool,matched,93,55,105,1,198,149,0.4696969696969697,0.6283783783783784,0.5375722543352601,10,1.2800400890409946,0.024617843329906464
01284,swimming-pool,dense_1024,172,109,26,3,198,284,0.8686868686868687,0.6120996441281139,0.7181628392484343,24,2.84020540677011,0.05659911222755909
01284,swimming-pool,dense_both,180,139,18,4,198,323,0.9090909090909091,0.5642633228840125,0.6963249516441006,115,13.86464248597622,0.0866626501083374
01287,airplane,prompt,11,4,3,0,14,15,0.7857142857142857,0.7333333333333333,0.7586206896551724,10,1.138996271416545,0.002869991585612297
01287,airplane,full,11,4,3,0,14,15,0.7857142857142857,0.7333333333333333,0.7586206896551724,10,1.233492650091648,0.0029352083802223206
01287,airplane,scale_prior,12,2,2,0,14,14,0.8571428571428571,0.8571428571428571,0.8571428571428571,10,1.130977638065815,0.0030991192907094955
01287,airplane,matched,12,2,2,0,14,14,0.8571428571428571,0.8571428571428571,0.8571428571428571,10,1.130977638065815,0.0030985530465841293
01287,airplane,dense_1024,12,2,2,0,14,14,0.8571428571428571,0.8571428571428571,0.8571428571428571,24,3.088950188830495,0.0033384710550308228
01287,airplane,dense_both,13,4,1,0,14,17,0.9285714285714286,0.7647058823529411,0.8387096774193549,115,14.928255539387465,0.005113879218697548
01287,small-vehicle,prompt,59,36,298,0,357,95,0.16526610644257703,0.6210526315789474,0.2610619469026549,10,1.437319727614522,0.01559603214263916
01287,small-vehicle,full,119,179,238,0,357,298,0.3333333333333333,0.39932885906040266,0.36335877862595417,10,1.341490462422371,0.04869414120912552
01287,small-vehicle,scale_prior,44,98,313,0,357,142,0.12324929971988796,0.30985915492957744,0.17635270541082165,10,1.2430712785571814,0.02334759198129177
01287,small-vehicle,matched,42,83,315,0,357,125,0.11764705882352941,0.336,0.17427385892116182,10,1.238755613565445,0.02050056867301464
01287,small-vehicle,dense_1024,155,259,202,0,357,414,0.4341736694677871,0.3743961352657005,0.40207522697795073,24,3.088950188830495,0.07410467974841595
01287,small-vehicle,dense_both,258,256,99,0,357,514,0.7226890756302521,0.5019455252918288,0.5924225028702641,115,14.928255539387465,0.11628406681120396
01287,swimming-pool,prompt,0,6,1,0,1,6,0.0,0.0,0.0,10,1.4289858918637037,0.000868355855345726
01287,swimming-pool,full,1,4,0,0,1,5,1.0,0.2,0.3333333333333333,10,1.4382601398974657,0.000707646831870079
01287,swimming-pool,scale_prior,1,2,0,0,1,3,1.0,0.3333333333333333,0.5,10,1.2401294894516468,0.0005188882350921631
01287,swimming-pool,matched,1,2,0,0,1,3,1.0,0.3333333333333333,0.5,10,1.2401294894516468,0.0005060583353042603
01287,swimming-pool,dense_1024,1,4,0,0,1,5,1.0,0.2,0.3333333333333333,24,3.088950188830495,0.0007171891629695892
01287,swimming-pool,dense_both,1,5,0,0,1,6,1.0,0.16666666666666666,0.2857142857142857,115,14.928255539387465,0.0013545956462621689
01289,storage-tank,prompt,3,0,1,0,4,3,0.75,1.0,0.8571428571428571,10,1.143211791291833,0.0007696356624364853
01289,storage-tank,full,3,0,1,0,4,3,0.75,1.0,0.8571428571428571,10,1.3478536680340767,0.0007597841322422028
01289,storage-tank,scale_prior,3,0,1,0,4,3,0.75,1.0,0.8571428571428571,10,1.4520471785217524,0.0007577687501907349
01289,storage-tank,matched,3,0,1,0,4,3,0.75,1.0,0.8571428571428571,10,1.4535204265266657,0.000651555135846138
01289,storage-tank,dense_1024,4,0,0,0,4,4,1.0,1.0,1.0,24,3.211002526804805,0.0009287707507610321
01289,storage-tank,dense_both,4,0,0,0,4,4,1.0,1.0,1.0,115,15.560442565008998,0.0014610998332500458
01290,airplane,prompt,32,9,71,1,103,42,0.3106796116504854,0.7804878048780488,0.4444444444444444,10,1.030710868537426,0.01012558862566948
01290,airplane,full,35,11,68,1,103,47,0.33980582524271846,0.7608695652173914,0.4697986577181208,10,1.2242602854967117,0.014502163976430893
01290,airplane,scale_prior,35,11,68,1,103,47,0.33980582524271846,0.7608695652173914,0.4697986577181208,10,1.2295805588364601,0.014253957197070122
01290,airplane,matched,34,10,69,1,103,45,0.3300970873786408,0.7727272727272727,0.46258503401360546,10,1.22743896022439,0.013456515967845917
01290,airplane,dense_1024,35,12,68,1,103,48,0.33980582524271846,0.7446808510638298,0.4666666666666667,24,3.108721997588873,0.015287395566701889
01290,airplane,dense_both,39,20,64,1,103,60,0.3786407766990291,0.6610169491525424,0.48148148148148145,115,15.179133590310812,0.02320038713514805
01291,airplane,prompt,12,4,2,0,14,16,0.8571428571428571,0.75,0.8,10,1.2450037747621536,0.004241598770022392
01291,airplane,full,10,7,4,0,14,17,0.7142857142857143,0.5882352941176471,0.6451612903225806,10,1.238190546631813,0.0038553159683942795
01291,airplane,scale_prior,10,7,4,0,14,17,0.7142857142857143,0.5882352941176471,0.6451612903225806,10,1.2406499814242125,0.0038522686809301376
01291,airplane,matched,10,7,4,0,14,17,0.7142857142857143,0.5882352941176471,0.6451612903225806,10,1.2406499814242125,0.003871595486998558
01291,airplane,dense_1024,10,13,4,0,14,23,0.7142857142857143,0.43478260869565216,0.5405405405405406,24,3.2680919617414474,0.004792891442775726
01291,airplane,dense_both,13,11,1,0,14,24,0.9285714285714286,0.5416666666666666,0.6842105263157895,115,15.389246258884668,0.005701936781406403
01291,small-vehicle,prompt,0,4,22,0,22,4,0.0,0.0,0.0,10,1.1371839344501495,0.00060996413230896
01291,small-vehicle,full,0,12,22,0,22,12,0.0,0.0,0.0,10,1.236674664542079,0.001772616058588028
01291,small-vehicle,scale_prior,0,12,22,0,22,12,0.0,0.0,0.0,10,1.3392421193420887,0.0017706193029880524
01291,small-vehicle,matched,0,12,22,0,22,12,0.0,0.0,0.0,10,1.3392421193420887,0.0017882678657770157
01291,small-vehicle,dense_1024,0,18,22,0,22,18,0.0,0.0,0.0,24,3.2680919617414474,0.0032675210386514664
01291,small-vehicle,dense_both,5,60,17,0,22,65,0.22727272727272727,0.07692307692307693,0.11494252873563218,115,15.389246258884668,0.011827996000647545
01292,storage-tank,prompt,2,5,0,0,2,7,1.0,0.2857142857142857,0.4444444444444444,10,1.345290770754218,0.0013805907219648361
01292,storage-tank,full,2,5,0,0,2,7,1.0,0.2857142857142857,0.4444444444444444,10,1.3457679767161608,0.0014003347605466843
01292,storage-tank,scale_prior,2,5,0,0,2,7,1.0,0.2857142857142857,0.4444444444444444,10,1.3493349980562925,0.0012223348021507263
01292,storage-tank,matched,2,5,0,0,2,7,1.0,0.2857142857142857,0.4444444444444444,10,1.3418809100985527,0.0012857448309659958
01292,storage-tank,dense_1024,2,5,0,0,2,7,1.0,0.2857142857142857,0.4444444444444444,24,3.1369391959160566,0.001375596970319748
01292,storage-tank,dense_both,2,7,0,0,2,9,1.0,0.2222222222222222,0.36363636363636365,115,15.479788046330214,0.0018026567995548248
01293,airplane,prompt,6,0,0,0,6,6,1.0,1.0,1.0,10,1.5562039278447628,0.001535024493932724
01293,airplane,full,6,1,0,0,6,7,1.0,0.8571428571428571,0.9230769230769231,10,1.5479548443108797,0.0017635896801948547
01293,airplane,scale_prior,6,1,0,0,6,7,1.0,0.8571428571428571,0.9230769230769231,10,1.4478503614664078,0.00141090527176857
01293,airplane,matched,6,0,0,0,6,6,1.0,1.0,1.0,10,1.5562039278447628,0.0014544576406478882
01293,airplane,dense_1024,6,1,0,0,6,7,1.0,0.8571428571428571,0.9230769230769231,24,3.2143081966787577,0.001585736870765686
01293,airplane,dense_both,6,3,0,0,6,9,1.0,0.6666666666666666,0.8,115,15.401062710210681,0.002399895340204239
01293,small-vehicle,prompt,3,19,22,0,25,22,0.12,0.13636363636363635,0.1276595744680851,10,1.1443477608263493,0.003129158169031143
01293,small-vehicle,full,3,17,22,0,25,20,0.12,0.15,0.13333333333333333,10,1.3477677218616009,0.0030829738825559616
01293,small-vehicle,scale_prior,3,20,22,0,25,23,0.12,0.13043478260869565,0.125,10,1.439861735329032,0.0036239828914403915
01293,small-vehicle,matched,3,21,22,0,25,24,0.12,0.125,0.12244897959183673,10,1.34387462772429,0.003614388406276703
01293,small-vehicle,dense_1024,7,31,18,0,25,38,0.28,0.18421052631578946,0.2222222222222222,24,3.2143081966787577,0.005910057574510574
01293,small-vehicle,dense_both,17,86,8,0,25,103,0.68,0.1650485436893204,0.265625,115,15.401062710210681,0.017871813848614693
01293,swimming-pool,prompt,2,8,0,0,2,10,1.0,0.2,0.3333333333333333,10,1.4352730978280306,0.0015361830592155457
01293,swimming-pool,full,2,9,0,0,2,11,1.0,0.18181818181818182,0.3076923076923077,10,1.432825056836009,0.0017098095268011093
01293,swimming-pool,scale_prior,2,6,0,0,2,8,1.0,0.25,0.4,10,1.4366706255823374,0.0011848267167806625
01293,swimming-pool,matched,2,8,0,0,2,10,1.0,0.2,0.3333333333333333,10,1.4352730978280306,0.0015211552381515503
01293,swimming-pool,dense_1024,2,6,0,0,2,8,1.0,0.25,0.4,24,3.2143081966787577,0.0011906735599040985
01293,swimming-pool,dense_both,2,22,0,0,2,24,1.0,0.08333333333333333,0.15384615384615385,115,15.401062710210681,0.0035189352929592133
01295,small-vehicle,prompt,46,75,219,0,265,121,0.17358490566037735,0.38016528925619836,0.23834196891191708,10,1.3342437595129013,0.01600746624171734
01295,small-vehicle,full,52,68,213,0,265,120,0.19622641509433963,0.43333333333333335,0.2701298701298701,10,1.2296318989247084,0.017320280894637108
01295,small-vehicle,scale_prior,62,92,203,0,265,154,0.2339622641509434,0.4025974025974026,0.29594272076372313,10,1.4447939340025187,0.019875667989253998
01295,small-vehicle,matched,65,93,200,0,265,158,0.24528301886792453,0.41139240506329117,0.3073286052009456,10,1.544144393876195,0.019998345524072647
01295,small-vehicle,dense_1024,128,160,137,0,265,288,0.4830188679245283,0.4444444444444444,0.4629294755877034,24,3.0865588430315256,0.04674229025840759
01295,small-vehicle,dense_both,216,561,49,0,265,777,0.8150943396226416,0.277992277992278,0.4145873320537428,128,16.51139235496521,0.14732683636248112
01295,swimming-pool,prompt,58,23,256,1,314,82,0.18471337579617833,0.7160493827160493,0.2936708860759494,10,1.110495762899518,0.014396565034985542
01295,swimming-pool,full,101,13,213,2,314,116,0.321656050955414,0.8859649122807017,0.4719626168224299,10,1.1277262456715107,0.021035687997937202
01295,swimming-pool,scale_prior,116,18,198,2,314,136,0.36942675159235666,0.8656716417910447,0.5178571428571429,10,1.2230023331940174,0.022483613342046738
01295,swimming-pool,matched,118,17,196,2,314,137,0.37579617834394907,0.8740740740740741,0.5256124721603563,10,1.2248532138764858,0.02499428577721119
01295,swimming-pool,dense_1024,266,13,48,1,314,280,0.8471337579617835,0.953405017921147,0.897133220910624,24,3.0865588430315256,0.05454873666167259
01295,swimming-pool,dense_both,286,140,28,2,314,428,0.910828025477707,0.6713615023474179,0.772972972972973,128,16.51139235496521,0.10402766801416874
01303,airplane,prompt,59,11,31,0,90,70,0.6555555555555556,0.8428571428571429,0.7375,10,1.2061476241797209,0.01563361845910549
01303,airplane,full,82,17,8,2,90,101,0.9111111111111111,0.8282828282828283,0.8677248677248677,10,1.2008867375552654,0.02558918297290802
01303,airplane,scale_prior,82,15,8,2,90,99,0.9111111111111111,0.845360824742268,0.8770053475935828,10,1.2103899978101254,0.023752843961119652
01303,airplane,matched,82,17,8,2,90,101,0.9111111111111111,0.8282828282828283,0.8677248677248677,10,1.303093669936061,0.026841165497899055
01303,airplane,dense_1024,87,17,3,2,90,106,0.9666666666666667,0.8365384615384616,0.8969072164948454,24,3.045321410521865,0.02760731615126133
01303,airplane,dense_both,88,23,2,2,90,113,0.9777777777777777,0.7927927927927928,0.8756218905472637,115,14.649786803871393,0.0370271522551775
01303,storage-tank,prompt,10,3,3,0,13,13,0.7692307692307693,0.7692307692307693,0.7692307692307693,10,1.4379333686083555,0.0016855821013450623
01303,storage-tank,full,7,7,6,0,13,14,0.5384615384615384,0.5,0.5185185185185185,10,1.3320745043456554,0.002110721543431282
01303,storage-tank,scale_prior,7,7,6,0,13,14,0.5384615384615384,0.5,0.5185185185185185,10,1.3296447899192572,0.0020603016018867493
01303,storage-tank,matched,7,7,6,0,13,14,0.5384615384615384,0.5,0.5185185185185185,10,1.3296447899192572,0.0020967740565538406
01303,storage-tank,dense_1024,7,13,6,0,13,20,0.5384615384615384,0.35,0.42424242424242425,24,3.045321410521865,0.004124939441680908
01303,storage-tank,dense_both,13,13,0,0,13,26,1.0,0.5,0.6666666666666666,115,14.649786803871393,0.00656554102897644
01305,small-vehicle,prompt,42,24,28,0,70,66,0.6,0.6363636363636364,0.6176470588235294,10,1.3469903226941824,0.014715444296598434
01305,small-vehicle,full,44,31,26,0,70,75,0.6285714285714286,0.5866666666666667,0.6068965517241379,10,1.2577862311154604,0.014217054471373558
01305,small-vehicle,scale_prior,44,31,26,0,70,75,0.6285714285714286,0.5866666666666667,0.6068965517241379,10,1.2593187112361193,0.013314669951796532
01305,small-vehicle,matched,34,25,36,0,70,59,0.4857142857142857,0.576271186440678,0.5271317829457365,10,1.2584765441715717,0.010811731219291687
01305,small-vehicle,dense_1024,70,103,0,0,70,173,1.0,0.4046242774566474,0.5761316872427984,24,3.112855339422822,0.031935228034853935
01305,small-vehicle,dense_both,70,218,0,0,70,288,1.0,0.24305555555555555,0.39106145251396646,115,15.312305754050612,0.059816742315888405
01306,airplane,prompt,12,2,5,0,17,14,0.7058823529411765,0.8571428571428571,0.7741935483870968,10,1.5191291626542807,0.0024795960634946823
01306,airplane,full,13,1,4,0,17,14,0.7647058823529411,0.9285714285714286,0.8387096774193549,10,1.3305808417499065,0.003252727910876274
01306,airplane,scale_prior,16,1,1,0,17,17,0.9411764705882353,0.9411764705882353,0.9411764705882353,10,1.3151032254099846,0.004633771255612373
01306,airplane,matched,13,1,4,0,17,14,0.7647058823529411,0.9285714285714286,0.8387096774193549,10,1.422064445912838,0.003214653581380844
01306,airplane,dense_1024,16,2,1,0,17,18,0.9411764705882353,0.8888888888888888,0.9142857142857143,24,3.0336540024727583,0.004633257165551186
01306,airplane,dense_both,17,2,0,0,17,19,1.0,0.8947368421052632,0.9444444444444444,115,14.992853669449687,0.007445890456438065
01306,storage-tank,prompt,0,0,9,0,9,0,0.0,0.0,0.0,10,1.1566310673952103,6.0535967350006104e-05
01306,storage-tank,full,0,1,9,0,9,1,0.0,0.0,0.0,10,1.1076694261282682,0.00016778148710727692
01306,storage-tank,scale_prior,0,1,9,0,9,1,0.0,0.0,0.0,10,1.2130465414375067,0.00030281394720077515
01306,storage-tank,matched,0,1,9,0,9,1,0.0,0.0,0.0,10,1.2544543743133545,0.00018103793263435364
01306,storage-tank,dense_1024,3,11,6,0,9,14,0.3333333333333333,0.21428571428571427,0.2608695652173913,24,3.0336540024727583,0.002615107223391533
01306,storage-tank,dense_both,7,15,2,0,9,22,0.7777777777777778,0.3181818181818182,0.45161290322580644,115,14.992853669449687,0.0039755795150995255
01307,airplane,prompt,95,16,54,0,149,111,0.6375838926174496,0.8558558558558559,0.7307692307692307,10,1.1993174478411674,0.02081124484539032
01307,airplane,full,131,16,18,0,149,147,0.8791946308724832,0.891156462585034,0.8851351351351351,10,1.09614197909832,0.03476444259285927
01307,airplane,scale_prior,130,13,19,0,149,143,0.87248322147651,0.9090909090909091,0.8904109589041096,10,1.032093521207571,0.027970468625426292
01307,airplane,matched,101,13,48,0,149,114,0.6778523489932886,0.8859649122807017,0.7680608365019012,10,1.209364602342248,0.024218227714300156
01307,airplane,dense_1024,142,23,7,0,149,165,0.9530201342281879,0.8606060606060606,0.9044585987261147,24,3.101609682664275,0.03676326014101505
01307,airplane,dense_both,149,39,0,0,149,188,1.0,0.7925531914893617,0.884272997032641,115,15.022914847359061,0.05353761650621891
01310,storage-tank,prompt,67,20,123,10,190,97,0.3526315789473684,0.7701149425287356,0.48375451263537905,10,1.1958282496780157,0.01737203262746334
01310,storage-tank,full,91,36,99,10,190,137,0.4789473684210526,0.7165354330708661,0.5741324921135647,10,1.20666928216815,0.02317143604159355
01310,storage-tank,scale_prior,65,32,125,10,190,107,0.34210526315789475,0.6701030927835051,0.4529616724738676,10,1.228239543735981,0.01774073764681816
01310,storage-tank,matched,54,26,136,10,190,90,0.28421052631578947,0.675,0.4,10,1.2158506270498037,0.015076877549290657
01310,storage-tank,dense_1024,105,56,85,11,190,172,0.5526315789473685,0.6521739130434783,0.5982905982905983,24,3.1149374935775995,0.03057965822517872
01310,storage-tank,dense_both,131,73,59,11,190,215,0.6894736842105263,0.6421568627450981,0.6649746192893401,115,15.161952307447791,0.046765511855483055
01312,airplane,prompt,8,12,4,0,12,20,0.6666666666666666,0.4,0.5,10,1.3107700385153294,0.004271415993571281
01312,airplane,full,9,7,3,0,12,16,0.75,0.5625,0.6428571428571429,10,1.1054048705846071,0.00401555560529232
01312,airplane,scale_prior,9,7,3,0,12,16,0.75,0.5625,0.6428571428571429,10,1.209898505359888,0.003950236365199089
01312,airplane,matched,8,6,4,0,12,14,0.6666666666666666,0.5714285714285714,0.6153846153846154,10,1.162740146741271,0.0036203116178512573
01312,airplane,dense_1024,9,19,3,0,12,28,0.75,0.32142857142857145,0.45,24,3.023279333487153,0.0058327484875917435
01312,airplane,dense_both,9,27,3,0,12,36,0.75,0.25,0.375,115,14.846503902226686,0.008514095097780228
01312,storage-tank,prompt,14,3,4,0,18,17,0.7777777777777778,0.8235294117647058,0.8,10,1.0992815773934126,0.0032117702066898346
01312,storage-tank,full,16,10,2,0,18,26,0.8888888888888888,0.6153846153846154,0.7272727272727273,10,1.210968006402254,0.005126597359776497
01312,storage-tank,scale_prior,16,10,2,0,18,26,0.8888888888888888,0.6153846153846154,0.7272727272727273,10,1.3095174189656973,0.005209922790527344
01312,storage-tank,matched,16,10,2,0,18,26,0.8888888888888888,0.6153846153846154,0.7272727272727273,10,1.3121626693755388,0.005209915339946747
01312,storage-tank,dense_1024,16,26,2,0,18,42,0.8888888888888888,0.38095238095238093,0.5333333333333333,24,3.023279333487153,0.007884448394179344
01312,storage-tank,dense_both,16,41,2,0,18,57,0.8888888888888888,0.2807017543859649,0.4266666666666667,115,14.846503902226686,0.011521153151988983
01312,swimming-pool,prompt,1,2,1,0,2,3,0.5,0.3333333333333333,0.4,10,1.2144211642444134,0.0006235521286725998
01312,swimming-pool,full,0,2,2,0,2,2,0.0,0.0,0.0,10,1.2169733177870512,0.0003509111702442169
01312,swimming-pool,scale_prior,0,1,2,0,2,1,0.0,0.0,0.0,10,1.2150146719068289,0.00016339868307113647
01312,swimming-pool,matched,0,2,2,0,2,2,0.0,0.0,0.0,10,1.122737543657422,0.0003267396241426468
01312,swimming-pool,dense_1024,1,3,1,0,2,4,0.5,0.25,0.3333333333333333,24,3.023279333487153,0.0006262660026550293
01312,swimming-pool,dense_both,2,6,0,0,2,8,1.0,0.25,0.4,115,14.846503902226686,0.0017265882343053818
01313,airplane,prompt,2,1,8,0,10,3,0.2,0.6666666666666666,0.3076923076923077,10,1.2133210133761168,0.0009003486484289169
01313,airplane,full,2,1,8,0,10,3,0.2,0.6666666666666666,0.3076923076923077,10,1.2124807368963957,0.0008018538355827332
01313,airplane,scale_prior,2,0,8,0,10,2,0.2,1.0,0.3333333333333333,10,1.3132416419684887,0.0003953371196985245
01313,airplane,matched,2,1,8,0,10,3,0.2,0.6666666666666666,0.3076923076923077,10,1.2133210133761168,0.0007828138768672943
01313,airplane,dense_1024,4,3,6,0,10,7,0.4,0.5714285714285714,0.47058823529411764,24,3.064822105690837,0.0012829620391130447
01313,airplane,dense_both,8,12,2,0,10,20,0.8,0.4,0.5333333333333333,115,14.521532298997045,0.004215836524963379
01313,storage-tank,prompt,0,23,5,0,5,23,0.0,0.0,0.0,10,1.316714908927679,0.0038700681179761887
01313,storage-tank,full,1,17,4,0,5,18,0.2,0.05555555555555555,0.08695652173913043,10,1.3337190505117178,0.00315873883664608
01313,storage-tank,scale_prior,0,18,5,0,5,18,0.0,0.0,0.0,10,1.3074730224907398,0.002684943377971649
01313,storage-tank,matched,0,18,5,0,5,18,0.0,0.0,0.0,10,1.3074730224907398,0.0026514213532209396
01313,storage-tank,dense_1024,4,22,1,0,5,26,0.8,0.15384615384615385,0.25806451612903225,24,3.064822105690837,0.004282195121049881
01313,storage-tank,dense_both,5,38,0,0,5,43,1.0,0.11627906976744186,0.20833333333333334,115,14.521532298997045,0.009248437359929085
01316,storage-tank,prompt,137,42,126,0,263,179,0.5209125475285171,0.7653631284916201,0.6199095022624435,10,1.2892724089324474,0.0391528345644474
01316,storage-tank,full,127,56,136,0,263,183,0.4828897338403042,0.6939890710382514,0.5695067264573991,10,1.2994557730853558,0.041413770988583565
01316,storage-tank,scale_prior,116,45,147,0,263,161,0.44106463878326996,0.7204968944099379,0.5471698113207547,10,1.1020270884037018,0.03578758426010609
01316,storage-tank,matched,127,47,136,0,263,174,0.4828897338403042,0.7298850574712644,0.5812356979405034,10,1.097680501639843,0.03933230973780155
01316,storage-tank,dense_1024,118,60,145,0,263,178,0.44866920152091255,0.6629213483146067,0.5351473922902494,24,3.0362419225275517,0.03781397454440594
01316,storage-tank,dense_both,167,100,96,0,263,267,0.6349809885931559,0.6254681647940075,0.630188679245283,115,14.62879665568471,0.06931322254240513
01319,small-vehicle,prompt,48,69,75,0,123,117,0.3902439024390244,0.41025641025641024,0.4,10,1.076654240489006,0.018418246880173683
01319,small-vehicle,full,73,130,50,0,123,203,0.5934959349593496,0.35960591133004927,0.44785276073619634,10,1.079170472919941,0.0290890671312809
01319,small-vehicle,scale_prior,89,156,34,0,123,245,0.7235772357723578,0.363265306122449,0.483695652173913,10,1.0868961606174707,0.034182108938694
01319,small-vehicle,matched,75,131,48,0,123,206,0.6097560975609756,0.3640776699029126,0.45592705167173253,10,1.0830681696534157,0.029443716630339622
01319,small-vehicle,dense_1024,118,276,5,0,123,394,0.959349593495935,0.29949238578680204,0.4564796905222437,24,3.062964379787445,0.0647211130708456
01319,small-vehicle,dense_both,120,383,3,0,123,503,0.975609756097561,0.23856858846918488,0.38338658146964855,115,14.180531963706017,0.10546507686376572
01319,swimming-pool,prompt,38,15,88,0,126,53,0.30158730158730157,0.7169811320754716,0.4245810055865922,10,1.1743900626897812,0.008695079013705254
01319,swimming-pool,full,78,37,48,0,126,115,0.6190476190476191,0.6782608695652174,0.6473029045643154,10,1.4031466823071241,0.019111238420009613
01319,swimming-pool,scale_prior,66,31,60,0,126,97,0.5238095238095238,0.6804123711340206,0.5919282511210763,10,1.2918161638081074,0.016843298450112343
01319,swimming-pool,matched,76,39,50,0,126,115,0.6031746031746031,0.6608695652173913,0.6307053941908713,10,1.2900557462126017,0.01950800232589245
01319,swimming-pool,dense_1024,118,62,8,0,126,180,0.9365079365079365,0.6555555555555556,0.7712418300653595,24,3.062964379787445,0.032241636887192726
01319,swimming-pool,dense_both,121,67,5,0,126,188,0.9603174603174603,0.6436170212765957,0.7707006369426752,115,14.180531963706017,0.04757884703576565
01320,storage-tank,prompt,1,1,1,0,2,2,0.5,0.5,0.5,10,1.1686178352683783,0.0004916936159133911
01320,storage-tank,full,1,3,1,0,2,4,0.5,0.25,0.3333333333333333,10,1.361156303435564,0.0007854830473661423
01320,storage-tank,scale_prior,2,3,0,0,2,5,1.0,0.4,0.5714285714285714,10,1.4598662909120321,0.0009228531271219254
01320,storage-tank,matched,2,3,0,0,2,5,1.0,0.4,0.5714285714285714,10,1.4598662909120321,0.0009153634309768677
01320,storage-tank,dense_1024,2,7,0,0,2,9,1.0,0.2222222222222222,0.36363636363636365,24,3.1907818149775267,0.001391647383570671
01320,storage-tank,dense_both,2,11,0,0,2,13,1.0,0.15384615384615385,0.26666666666666666,128,17.267716901376843,0.002116972580552101
01320,swimming-pool,prompt,0,5,1,0,1,5,0.0,0.0,0.0,10,1.3701231218874454,0.0006576161831617355
01320,swimming-pool,full,0,8,1,0,1,8,0.0,0.0,0.0,10,1.2087877877056599,0.0013577919453382492
01320,swimming-pool,scale_prior,0,10,1,0,1,10,0.0,0.0,0.0,10,1.2107345405966043,0.0015216153115034103
01320,swimming-pool,matched,0,8,1,0,1,8,0.0,0.0,0.0,10,1.1072469670325518,0.0011586248874664307
01320,swimming-pool,dense_1024,0,13,1,0,1,13,0.0,0.0,0.0,24,3.1907818149775267,0.002321528270840645
01320,swimming-pool,dense_both,0,20,1,0,1,20,0.0,0.0,0.0,128,17.267716901376843,0.004362247884273529
01325,airplane,prompt,20,0,4,0,24,20,0.8333333333333334,1.0,0.9090909090909091,10,1.4627676364034414,0.004190156236290932
01325,airplane,full,24,1,0,0,24,25,1.0,0.96,0.9795918367346939,10,1.3610364682972431,0.005961872637271881
01325,airplane,scale_prior,24,1,0,0,24,25,1.0,0.96,0.9795918367346939,10,1.2654079254716635,0.005396069958806038
01325,airplane,matched,20,0,4,0,24,20,0.8333333333333334,1.0,0.9090909090909091,10,1.366409683600068,0.003789696842432022
01325,airplane,dense_1024,24,1,0,0,24,25,1.0,0.96,0.9795918367346939,24,3.1469143740832806,0.0058778151869773865
01325,airplane,dense_both,24,2,0,0,24,26,1.0,0.9230769230769231,0.96,115,15.288839045912027,0.007760694250464439
01325,small-vehicle,prompt,0,387,16,0,16,387,0.0,0.0,0.0,10,1.1409811358898878,0.053573643788695335
01325,small-vehicle,full,0,0,16,0,16,0,0.0,0.0,0.0,10,1.2768924068659544,6.682425737380981e-05
01325,small-vehicle,scale_prior,0,226,16,0,16,226,0.0,0.0,0.0,10,1.2796236537396908,0.026566244661808014
01325,small-vehicle,matched,0,226,16,0,16,226,0.0,0.0,0.0,10,1.2796236537396908,0.026712261140346527
01325,small-vehicle,dense_1024,0,30,16,15,16,45,0.0,0.0,0.0,24,3.1469143740832806,0.008104829117655754
01325,small-vehicle,dense_both,9,631,7,134,16,774,0.5625,0.0140625,0.027439024390243903,115,15.288839045912027,0.14666489884257317
01325,storage-tank,prompt,0,1,2,0,2,1,0.0,0.0,0.0,10,1.1197339873760939,0.0003254953771829605
01325,storage-tank,full,0,1,2,0,2,1,0.0,0.0,0.0,10,1.459674270823598,0.0002550743520259857
01325,storage-tank,scale_prior,0,1,2,0,2,1,0.0,0.0,0.0,10,1.458662400022149,0.0002481769770383835
01325,storage-tank,matched,0,1,2,0,2,1,0.0,0.0,0.0,10,1.458662400022149,0.00024587102234363556
01325,storage-tank,dense_1024,2,1,0,0,2,3,1.0,0.6666666666666666,0.8,24,3.1469143740832806,0.0005819406360387802
01325,storage-tank,dense_both,2,1,0,0,2,3,1.0,0.6666666666666666,0.8,115,15.288839045912027,0.0008160360157489777
01328,ship,prompt,1,13,0,3,1,17,1.0,0.07142857142857142,0.13333333333333333,10,1.161647705361247,0.0029928945004940033
01328,ship,full,1,16,0,3,1,20,1.0,0.058823529411764705,0.1111111111111111,10,1.2972829788923264,0.004320094361901283
01328,ship,scale_prior,1,16,0,3,1,20,1.0,0.058823529411764705,0.1111111111111111,10,1.419007234275341,0.004204142838716507
01328,ship,matched,1,16,0,3,1,20,1.0,0.058823529411764705,0.1111111111111111,10,1.419007234275341,0.004160812124609947
01328,ship,dense_1024,1,17,0,3,1,21,1.0,0.05555555555555555,0.10526315789473684,24,3.179679239168763,0.004581870511174202
01328,ship,dense_both,1,44,0,3,1,48,1.0,0.022222222222222223,0.043478260869565216,115,15.067682126536965,0.00946083851158619
01328,storage-tank,prompt,22,15,3,0,25,37,0.88,0.5945945945945946,0.7096774193548387,10,1.3063865397125483,0.008786801248788834
01328,storage-tank,full,25,30,0,0,25,55,1.0,0.45454545454545453,0.625,10,1.1364507377147675,0.010550938546657562
01328,storage-tank,scale_prior,25,21,0,0,25,46,1.0,0.5434782608695652,0.704225352112676,10,1.0138571057468653,0.009101778268814087
01328,storage-tank,matched,25,21,0,0,25,46,1.0,0.5434782608695652,0.704225352112676,10,1.0138571057468653,0.009077133610844612
01328,storage-tank,dense_1024,25,32,0,0,25,57,1.0,0.43859649122807015,0.6097560975609756,24,3.179679239168763,0.009785514324903488
01328,storage-tank,dense_both,25,38,0,0,25,63,1.0,0.3968253968253968,0.5681818181818182,115,15.067682126536965,0.01358717493712902
01329,airplane,prompt,18,4,16,2,34,24,0.5294117647058824,0.8181818181818182,0.6428571428571429,10,1.2594392616301775,0.00532967783510685
01329,airplane,full,22,4,12,2,34,28,0.6470588235294118,0.8461538461538461,0.7333333333333333,10,1.2173199485987425,0.006052348762750626
01329,airplane,scale_prior,19,4,15,2,34,25,0.5588235294117647,0.8260869565217391,0.6666666666666666,10,1.4162170607596636,0.005492419004440308
01329,airplane,matched,19,5,15,2,34,26,0.5588235294117647,0.7916666666666666,0.6551724137931034,10,1.3174109794199467,0.0057820845395326614
01329,airplane,dense_1024,34,8,0,2,34,44,1.0,0.8095238095238095,0.8947368421052632,24,3.4292248617857695,0.010447295382618904
01329,airplane,dense_both,34,13,0,2,34,49,1.0,0.723404255319149,0.8395061728395061,115,15.11272605881095,0.014568250626325607
01329,large-vehicle,prompt,1,16,3,0,4,17,0.25,0.058823529411764705,0.09523809523809523,10,1.2232090681791306,0.0016789082437753677
01329,large-vehicle,full,1,25,3,0,4,26,0.25,0.038461538461538464,0.06666666666666667,10,1.4852321967482567,0.0029907599091529846
01329,large-vehicle,scale_prior,1,22,3,0,4,23,0.25,0.043478260869565216,0.07407407407407407,10,1.429712450131774,0.0029606129974126816
01329,large-vehicle,matched,1,22,3,0,4,23,0.25,0.043478260869565216,0.07407407407407407,10,1.429712450131774,0.0029733721166849136
01329,large-vehicle,dense_1024,1,33,3,0,4,34,0.25,0.029411764705882353,0.05263157894736842,24,3.4292248617857695,0.004855774343013763
01329,large-vehicle,dense_both,2,58,2,0,4,60,0.5,0.03333333333333333,0.0625,115,15.11272605881095,0.009234432131052017
01329,small-vehicle,prompt,0,4,814,0,814,4,0.0,0.0,0.0,10,1.4195012152194977,0.0019474849104881287
01329,small-vehicle,full,0,4,814,0,814,4,0.0,0.0,0.0,10,1.5968334339559078,0.0018202345818281174
01329,small-vehicle,scale_prior,1,22,813,0,814,23,0.0012285012285012285,0.043478260869565216,0.0023894862604540022,10,1.5396879613399506,0.00745965912938118
01329,small-vehicle,matched,1,22,813,0,814,23,0.0012285012285012285,0.043478260869565216,0.0023894862604540022,10,1.5396879613399506,0.0074798595160245895
01329,small-vehicle,dense_1024,6,38,808,0,814,44,0.007371007371007371,0.13636363636363635,0.013986013986013986,24,3.4292248617857695,0.011429155245423317
01329,small-vehicle,dense_both,505,295,309,0,814,800,0.6203931203931204,0.63125,0.6257744733581165,115,15.11272605881095,0.18717996031045914
01331,ship,prompt,290,36,213,8,503,334,0.5765407554671969,0.8895705521472392,0.6996381182147166,10,1.1714620292186737,0.09915444627404213
01331,ship,full,283,35,220,0,503,318,0.562624254473161,0.889937106918239,0.6894031668696712,10,1.2908770851790905,0.09893371164798737
01331,ship,scale_prior,304,31,199,5,503,340,0.6043737574552683,0.9074626865671642,0.7255369928400954,10,1.1952460631728172,0.09105494990944862
01331,ship,matched,302,37,201,5,503,344,0.6003976143141153,0.8908554572271387,0.7173396674584323,10,1.2888156492263079,0.10420622490346432
01331,ship,dense_1024,453,49,50,6,503,508,0.9005964214711729,0.9023904382470119,0.9014925373134328,24,3.0760286431759596,0.1414794884622097
01331,ship,dense_both,499,156,4,8,503,663,0.9920477137176938,0.7618320610687023,0.8618307426597582,115,14.316232554614544,0.24716332368552685
01331,small-vehicle,prompt,203,114,423,0,626,317,0.3242811501597444,0.6403785488958991,0.4305408271474019,10,1.4237344413995743,0.051707953214645386
01331,small-vehicle,full,167,87,459,0,626,254,0.26677316293929715,0.65748031496063,0.3795454545454545,10,1.327023297548294,0.04674292169511318
01331,small-vehicle,scale_prior,180,89,446,0,626,269,0.28753993610223644,0.6691449814126395,0.4022346368715084,10,1.3294587880373,0.047288088127970695
01331,small-vehicle,matched,180,89,446,0,626,269,0.28753993610223644,0.6691449814126395,0.4022346368715084,10,1.3331448081880808,0.0472926814109087
01331,small-vehicle,dense_1024,215,159,411,0,626,374,0.34345047923322686,0.5748663101604278,0.43,24,3.0760286431759596,0.07287348061800003
01331,small-vehicle,dense_both,527,409,99,0,626,936,0.84185303514377,0.563034188034188,0.674775928297055,115,14.316232554614544,0.20716487802565098
01332,airplane,prompt,13,3,6,1,19,17,0.6842105263157895,0.8125,0.7428571428571429,10,1.3126300908625126,0.003628196194767952
01332,airplane,full,12,6,7,1,19,19,0.631578947368421,0.6666666666666666,0.6486486486486487,10,1.216380838304758,0.0038062315434217453
01332,airplane,scale_prior,15,5,4,1,19,21,0.7894736842105263,0.75,0.7692307692307693,10,1.4285960905253887,0.005050724372267723
01332,airplane,matched,16,3,3,1,19,20,0.8421052631578947,0.8421052631578947,0.8421052631578947,10,1.3116606213152409,0.004477791488170624
01332,airplane,dense_1024,14,7,5,2,19,23,0.7368421052631579,0.6666666666666666,0.7,24,3.094940824434161,0.004697322845458984
01332,airplane,dense_both,16,13,3,3,19,32,0.8421052631578947,0.5517241379310345,0.6666666666666666,128,17.251748465001583,0.007464759051799774
01332,storage-tank,prompt,0,1,2,0,2,1,0.0,0.0,0.0,10,1.3837743196636438,0.00019809789955615997
01332,storage-tank,full,1,5,1,0,2,6,0.5,0.16666666666666666,0.25,10,1.145841583609581,0.0009806565940380096
01332,storage-tank,scale_prior,2,5,0,0,2,7,1.0,0.2857142857142857,0.4444444444444444,10,1.337996968999505,0.0012204572558403015
01332,storage-tank,matched,2,5,0,0,2,7,1.0,0.2857142857142857,0.4444444444444444,10,1.3461128436028957,0.001179717481136322
01332,storage-tank,dense_1024,2,9,0,0,2,11,1.0,0.18181818181818182,0.3076923076923077,24,3.094940824434161,0.0018748883157968521
01332,storage-tank,dense_both,2,12,0,0,2,14,1.0,0.14285714285714285,0.25,128,17.251748465001583,0.0029451698064804077
01334,storage-tank,prompt,44,18,40,0,84,62,0.5238095238095238,0.7096774193548387,0.6027397260273972,10,1.621679523959756,0.012741860002279282
01334,storage-tank,full,38,19,46,0,84,57,0.4523809523809524,0.6666666666666666,0.5390070921985816,10,1.2515340261161327,0.013382725417613983
01334,storage-tank,scale_prior,39,16,45,0,84,55,0.4642857142857143,0.7090909090909091,0.5611510791366906,10,1.2569802608340979,0.012468535453081131
01334,storage-tank,matched,39,18,45,0,84,57,0.4642857142857143,0.6842105263157895,0.5531914893617021,10,1.2579837162047625,0.01215563528239727
01334,storage-tank,dense_1024,30,12,54,0,84,42,0.35714285714285715,0.7142857142857143,0.47619047619047616,24,3.1043218318372965,0.009212581440806389
01334,storage-tank,dense_both,50,28,34,0,84,78,0.5952380952380952,0.6410256410256411,0.6172839506172839,115,14.902605332434177,0.018353762105107307
01334,swimming-pool,prompt,0,14,3,0,3,14,0.0,0.0,0.0,10,1.4789835419505835,0.0015535689890384674
01334,swimming-pool,full,1,12,2,0,3,13,0.3333333333333333,0.07692307692307693,0.125,10,1.450921691954136,0.0020257141441106796
01334,swimming-pool,scale_prior,1,14,2,0,3,15,0.3333333333333333,0.06666666666666667,0.1111111111111111,10,1.4437940139323473,0.0022243186831474304
01334,swimming-pool,matched,1,15,2,0,3,16,0.3333333333333333,0.0625,0.10526315789473684,10,1.3262801449745893,0.002208273857831955
01334,swimming-pool,dense_1024,2,19,1,0,3,21,0.6666666666666666,0.09523809523809523,0.16666666666666666,24,3.1043218318372965,0.003604903817176819
01334,swimming-pool,dense_both,2,141,1,0,3,143,0.6666666666666666,0.013986013986013986,0.0273972602739726,115,14.902605332434177,0.02120964042842388
01338,storage-tank,prompt,64,44,16,0,80,108,0.8,0.5925925925925926,0.6808510638297872,10,1.5747779160737991,0.018521180376410484
01338,storage-tank,full,71,20,9,0,80,91,0.8875,0.7802197802197802,0.8304093567251462,10,1.2748312670737505,0.017154844477772713
01338,storage-tank,scale_prior,70,13,10,0,80,83,0.875,0.8433734939759037,0.8588957055214724,10,1.2873355392366648,0.017086872830986977
01338,storage-tank,matched,70,14,10,0,80,84,0.875,0.8333333333333334,0.8536585365853658,10,1.3778772428631783,0.016834400594234467
01338,storage-tank,dense_1024,70,19,10,0,80,89,0.875,0.7865168539325843,0.8284023668639053,24,3.4172422252595425,0.01738741062581539
01338,storage-tank,dense_both,79,82,1,0,80,161,0.9875,0.4906832298136646,0.6556016597510373,115,17.124325757846236,0.03395006246864796
01347,airplane,prompt,49,27,8,0,57,76,0.8596491228070176,0.6447368421052632,0.7368421052631579,10,1.2892533913254738,0.019414056092500687
01347,airplane,full,49,29,8,0,57,78,0.8596491228070176,0.6282051282051282,0.725925925925926,10,1.0726915523409843,0.024128127843141556
01347,airplane,scale_prior,46,28,11,0,57,74,0.8070175438596491,0.6216216216216216,0.7022900763358778,10,1.0940807927399874,0.019972147420048714
01347,airplane,matched,49,29,8,0,57,78,0.8596491228070176,0.6282051282051282,0.725925925925926,10,1.0726915523409843,0.023952240124344826
01347,airplane,dense_1024,47,28,10,0,57,75,0.8245614035087719,0.6266666666666667,0.7121212121212122,24,3.0447796657681465,0.01935661770403385
01347,airplane,dense_both,52,29,5,0,57,81,0.9122807017543859,0.6419753086419753,0.7536231884057971,115,14.931323220953345,0.02608681097626686
01347,storage-tank,prompt,6,12,2,0,8,18,0.75,0.3333333333333333,0.46153846153846156,10,1.2118768692016602,0.0027166735380887985
01347,storage-tank,full,8,16,0,0,8,24,1.0,0.3333333333333333,0.5,10,1.2063302639871836,0.004137355834245682
01347,storage-tank,scale_prior,8,15,0,0,8,23,1.0,0.34782608695652173,0.5161290322580645,10,1.2161135505884886,0.0038754045963287354
01347,storage-tank,matched,8,16,0,0,8,24,1.0,0.3333333333333333,0.5,10,1.2110689301043749,0.004125421866774559
01347,storage-tank,dense_1024,8,18,0,0,8,26,1.0,0.3076923076923077,0.47058823529411764,24,3.0447796657681465,0.005591113120317459
01347,storage-tank,dense_both,8,22,0,0,8,30,1.0,0.26666666666666666,0.42105263157894735,115,14.931323220953345,0.0071352943778038025
01348,storage-tank,prompt,12,15,13,3,25,30,0.48,0.4444444444444444,0.46153846153846156,10,1.4306975957006216,0.006747234612703323
01348,storage-tank,full,12,15,13,3,25,30,0.48,0.4444444444444444,0.46153846153846156,10,1.544403063133359,0.006753895431756973
01348,storage-tank,scale_prior,13,14,12,3,25,30,0.52,0.48148148148148145,0.5,10,1.4507400263100863,0.0054116323590278625
01348,storage-tank,matched,12,16,13,3,25,31,0.48,0.42857142857142855,0.4528301886792453,10,1.5321006774902344,0.006720999255776405
01348,storage-tank,dense_1024,20,21,5,2,25,43,0.8,0.4878048780487805,0.6060606060606061,24,3.771759917959571,0.00788126327097416
01348,storage-tank,dense_both,20,30,5,3,25,53,0.8,0.4,0.5333333333333333,128,19.95862483419478,0.01222885213792324
01349,storage-tank,prompt,16,7,23,0,39,23,0.41025641025641024,0.6956521739130435,0.5161290322580645,10,1.336316267028451,0.004085071384906769
01349,storage-tank,full,21,18,18,1,39,40,0.5384615384615384,0.5384615384615384,0.5384615384615384,10,1.4374792631715536,0.008597690612077713
01349,storage-tank,scale_prior,22,14,17,1,39,37,0.5641025641025641,0.6111111111111112,0.5866666666666667,10,1.4390494003891945,0.00709168054163456
01349,storage-tank,matched,22,14,17,1,39,37,0.5641025641025641,0.6111111111111112,0.5866666666666667,10,1.4390494003891945,0.0070306695997715
01349,storage-tank,dense_1024,33,18,6,1,39,52,0.8461538461538461,0.6470588235294118,0.7333333333333333,24,3.2131354436278343,0.011093799024820328
01349,storage-tank,dense_both,33,19,6,5,39,57,0.8461538461538461,0.6346153846153846,0.7252747252747253,115,15.444934222847223,0.014932394027709961
01352,airplane,prompt,0,0,4,0,4,0,0.0,0.0,0.0,10,1.1920728012919426,4.837103188037872e-05
01352,airplane,full,4,1,0,0,4,5,1.0,0.8,0.8888888888888888,10,1.4088818840682507,0.0008973646908998489
01352,airplane,scale_prior,0,0,4,0,4,0,0.0,0.0,0.0,10,1.4183528367429972,4.931353032588959e-05
01352,airplane,matched,0,0,4,0,4,0,0.0,0.0,0.0,10,1.4183528367429972,2.7200207114219666e-05
01352,airplane,dense_1024,4,1,0,0,4,5,1.0,0.8,0.8888888888888888,24,3.5320170130580664,0.0008549056947231293
01352,airplane,dense_both,4,1,0,0,4,5,1.0,0.8,0.8888888888888888,115,17.102650763466954,0.0013287253677845001
01353,airplane,prompt,5,1,0,0,5,6,1.0,0.8333333333333334,0.9090909090909091,10,1.4116264823824167,0.001781560480594635
01353,airplane,full,5,0,0,0,5,5,1.0,1.0,1.0,10,1.4148756694048643,0.0016081016510725021
01353,airplane,scale_prior,5,0,0,0,5,5,1.0,1.0,1.0,10,1.315601384267211,0.0015697460621595383
01353,airplane,matched,5,0,0,0,5,5,1.0,1.0,1.0,10,1.31163090467453,0.0017137210816144943
01353,airplane,dense_1024,5,0,0,0,5,5,1.0,1.0,1.0,24,3.0707100592553616,0.0017102602869272232
01353,airplane,dense_both,5,3,0,0,5,8,1.0,0.625,0.7692307692307693,115,14.80527719669044,0.002657707780599594
01353,large-vehicle,prompt,8,26,16,0,24,34,0.3333333333333333,0.23529411764705882,0.27586206896551724,10,1.5395628195255995,0.00410301610827446
01353,large-vehicle,full,21,57,3,0,24,78,0.875,0.2692307692307692,0.4117647058823529,10,1.3355987295508385,0.011135827749967575
01353,large-vehicle,scale_prior,6,30,18,0,24,36,0.25,0.16666666666666666,0.2,10,1.3297726586461067,0.004493871703743935
01353,large-vehicle,matched,6,30,18,0,24,36,0.25,0.16666666666666666,0.2,10,1.3297726586461067,0.004511971026659012
01353,large-vehicle,dense_1024,22,70,2,0,24,92,0.9166666666666666,0.2391304347826087,0.3793103448275862,24,3.0707100592553616,0.014211153611540794
01353,large-vehicle,dense_both,24,109,0,0,24,133,1.0,0.18045112781954886,0.3057324840764331,115,14.80527719669044,0.027539797127246857
01353,small-vehicle,prompt,12,53,159,0,171,65,0.07017543859649122,0.18461538461538463,0.1016949152542373,10,1.335879286751151,0.009747007861733437
01353,small-vehicle,full,23,62,148,0,171,85,0.13450292397660818,0.27058823529411763,0.1796875,10,1.330924840644002,0.014387110248208046
01353,small-vehicle,scale_prior,30,68,141,0,171,98,0.17543859649122806,0.30612244897959184,0.22304832713754646,10,1.3234309628605843,0.01674659550189972
01353,small-vehicle,matched,19,64,152,0,171,83,0.1111111111111111,0.2289156626506024,0.14960629921259844,10,1.4309221487492323,0.013269089162349701
01353,small-vehicle,dense_1024,58,137,113,0,171,195,0.3391812865497076,0.29743589743589743,0.31693989071038253,24,3.0707100592553616,0.04151435196399689
01353,small-vehicle,dense_both,167,333,4,0,171,500,0.9766081871345029,0.334,0.4977645305514158,115,14.80527719669044,0.09999595768749714
01353,storage-tank,prompt,0,1,1,0,1,1,0.0,0.0,0.0,10,1.3413598276674747,0.00017404183745384216
01353,storage-tank,full,1,1,0,1,1,3,1.0,0.5,0.6666666666666666,10,1.2452928852289915,0.0004501026123762131
01353,storage-tank,scale_prior,0,0,1,0,1,0,0.0,0.0,0.0,10,1.1427350640296936,3.0450522899627686e-05
01353,storage-tank,matched,0,0,1,0,1,0,0.0,0.0,0.0,10,1.2486442476511002,2.3147091269493103e-05
01353,storage-tank,dense_1024,1,1,0,1,1,3,1.0,0.5,0.6666666666666666,24,3.0707100592553616,0.00044785626232624054
01353,storage-tank,dense_both,1,5,0,1,1,7,1.0,0.16666666666666666,0.2857142857142857,115,14.80527719669044,0.001269293949007988
01355,ship,prompt,687,173,211,0,898,860,0.765033407572383,0.7988372093023256,0.7815699658703071,10,1.324230520054698,0.25284902192652225
01355,ship,full,749,195,149,0,898,944,0.8340757238307349,0.7934322033898306,0.8132464712269273,10,1.3515205010771751,0.27589255943894386
01355,ship,scale_prior,730,193,168,0,898,923,0.8129175946547884,0.7908992416034669,0.8017572762218561,10,1.2558691557496786,0.25537299178540707
01355,ship,matched,731,195,167,0,898,926,0.8140311804008908,0.7894168466522679,0.8015350877192983,10,1.148048397153616,0.25246215611696243
01355,ship,dense_1024,591,180,307,0,898,771,0.6581291759465479,0.7665369649805448,0.7082085080886759,24,3.500722387805581,0.200588745996356
01355,ship,dense_both,797,219,101,0,898,1016,0.8875278396436526,0.7844488188976378,0.832810867293626,115,17.20820977911353,0.37967468053102493
01355,small-vehicle,prompt,62,32,645,0,707,94,0.0876944837340877,0.6595744680851063,0.15480649188514356,10,1.4813286904245615,0.01807994395494461
01355,small-vehicle,full,55,29,652,0,707,84,0.07779349363507779,0.6547619047619048,0.1390644753476612,10,1.5007094405591488,0.01690925471484661
01355,small-vehicle,scale_prior,22,25,685,0,707,47,0.031117397454031116,0.46808510638297873,0.058355437665782495,10,1.485027402639389,0.009326435625553131
01355,small-vehicle,matched,18,21,689,0,707,39,0.02545968882602546,0.46153846153846156,0.04825737265415549,10,1.4953235108405352,0.008227666839957237
01355,small-vehicle,dense_1024,0,4,707,0,707,4,0.0,0.0,0.0,24,3.500722387805581,0.003449365496635437
01355,small-vehicle,dense_both,338,110,369,0,707,448,0.4780763790664781,0.7544642857142857,0.5852813852813853,115,17.20820977911353,0.10650002583861351
01356,ship,prompt,2,2,4,0,6,4,0.3333333333333333,0.5,0.4,10,1.1991286780685186,0.0010151062160730362
01356,ship,full,2,3,4,0,6,5,0.3333333333333333,0.4,0.36363636363636365,10,1.1879861447960138,0.0013376381248235703
01356,ship,scale_prior,2,3,4,0,6,5,0.3333333333333333,0.4,0.36363636363636365,10,1.1882800664752722,0.0013088807463645935
01356,ship,matched,2,3,4,0,6,5,0.3333333333333333,0.4,0.36363636363636365,10,1.1887183114886284,0.0013664662837982178
01356,ship,dense_1024,2,3,4,0,6,5,0.3333333333333333,0.4,0.36363636363636365,24,2.9190930165350437,0.0013724956661462784
01356,ship,dense_both,3,7,3,0,6,10,0.5,0.3,0.375,115,14.41267516091466,0.0035896599292755127
01356,storage-tank,prompt,7,12,18,0,25,19,0.28,0.3684210526315789,0.3181818181818182,10,1.113492414355278,0.0030014347285032272
01356,storage-tank,full,23,12,2,0,25,35,0.92,0.6571428571428571,0.7666666666666667,10,1.1950664203613997,0.0066202860325574875
01356,storage-tank,scale_prior,21,11,4,0,25,32,0.84,0.65625,0.7368421052631579,10,1.0973316635936499,0.005869254469871521
01356,storage-tank,matched,21,11,4,0,25,32,0.84,0.65625,0.7368421052631579,10,1.0973316635936499,0.005856567993760109
01356,storage-tank,dense_1024,23,17,2,0,25,40,0.92,0.575,0.7076923076923077,24,2.9190930165350437,0.008212698623538017
01356,storage-tank,dense_both,24,43,1,0,25,67,0.96,0.3582089552238806,0.5217391304347826,115,14.41267516091466,0.0158628448843956
01357,airplane,prompt,57,14,17,3,74,74,0.7702702702702703,0.8028169014084507,0.7862068965517242,10,1.4580878354609013,0.015979167073965073
01357,airplane,full,50,21,24,9,74,80,0.6756756756756757,0.704225352112676,0.6896551724137931,10,1.591169884428382,0.024277135729789734
01357,airplane,scale_prior,50,21,24,9,74,80,0.6756756756756757,0.704225352112676,0.6896551724137931,10,1.591169884428382,0.024003762751817703
01357,airplane,matched,50,21,24,9,74,80,0.6756756756756757,0.704225352112676,0.6896551724137931,10,1.591169884428382,0.023936355486512184
01357,airplane,dense_1024,51,21,23,9,74,81,0.6891891891891891,0.7083333333333334,0.6986301369863014,24,3.681263579055667,0.025353804230690002
01357,airplane,dense_both,60,25,14,9,74,94,0.8108108108108109,0.7058823529411765,0.7547169811320755,115,17.099882006645203,0.034927329048514366
01357,swimming-pool,prompt,3,13,3,0,6,16,0.5,0.1875,0.2727272727272727,10,1.542670601978898,0.0024179071187973022
01357,swimming-pool,full,3,12,3,0,6,15,0.5,0.2,0.2857142857142857,10,1.5463633593171835,0.0025417376309633255
01357,swimming-pool,scale_prior,3,15,3,0,6,18,0.5,0.16666666666666666,0.25,10,1.5423195026814938,0.002616714686155319
01357,swimming-pool,matched,3,11,3,0,6,14,0.5,0.21428571428571427,0.3,10,1.6418457347899675,0.002095744013786316
01357,swimming-pool,dense_1024,3,16,3,0,6,19,0.5,0.15789473684210525,0.24,24,3.681263579055667,0.002817930653691292
01357,swimming-pool,dense_both,4,53,2,0,6,57,0.6666666666666666,0.07017543859649122,0.12698412698412698,115,17.099882006645203,0.010177157819271088
01358,storage-tank,prompt,14,18,17,0,31,32,0.45161290322580644,0.4375,0.4444444444444444,10,1.3385150264948606,0.006054583936929703
01358,storage-tank,full,16,28,15,0,31,44,0.5161290322580645,0.36363636363636365,0.4266666666666667,10,1.2488679774105549,0.007614193484187126
01358,storage-tank,scale_prior,8,31,23,0,31,39,0.25806451612903225,0.20512820512820512,0.22857142857142856,10,1.2229900695383549,0.006514033302664757
01358,storage-tank,matched,10,30,21,0,31,40,0.3225806451612903,0.25,0.28169014084507044,10,1.2246947027742863,0.006728358566761017
01358,storage-tank,dense_1024,29,40,2,0,31,69,0.9354838709677419,0.42028985507246375,0.58,24,3.0767458602786064,0.01539156399667263
01358,storage-tank,dense_both,31,75,0,0,31,106,1.0,0.29245283018867924,0.45255474452554745,115,14.735148951411247,0.023511912673711777
01361,airplane,prompt,34,10,14,0,48,44,0.7083333333333334,0.7727272727272727,0.7391304347826086,10,1.2333209067583084,0.007537947967648506
01361,airplane,full,31,14,17,0,48,45,0.6458333333333334,0.6888888888888889,0.6666666666666666,10,1.444425018504262,0.00834568589925766
01361,airplane,scale_prior,28,10,20,0,48,38,0.5833333333333334,0.7368421052631579,0.6511627906976745,10,1.340580029413104,0.007123256102204323
01361,airplane,matched,38,10,10,0,48,48,0.7916666666666666,0.7916666666666666,0.7916666666666666,10,1.4385506473481655,0.009203696623444557
01361,airplane,dense_1024,31,14,17,0,48,45,0.6458333333333334,0.6888888888888889,0.6666666666666666,24,3.0807199105620384,0.008272722363471985
01361,airplane,dense_both,43,13,5,0,48,56,0.8958333333333334,0.7678571428571429,0.8269230769230769,115,14.852483958005905,0.013488102704286575
01361,storage-tank,prompt,0,1,11,0,11,1,0.0,0.0,0.0,10,1.2327512037009,0.00021149776875972748
01361,storage-tank,full,0,3,11,0,11,3,0.0,0.0,0.0,10,1.3469413742423058,0.0006082616746425629
01361,storage-tank,scale_prior,0,3,11,0,11,3,0.0,0.0,0.0,10,1.3513563759624958,0.0007120426744222641
01361,storage-tank,matched,0,3,11,0,11,3,0.0,0.0,0.0,10,1.3469413742423058,0.0006106942892074585
01361,storage-tank,dense_1024,11,6,0,0,11,17,1.0,0.6470588235294118,0.7857142857142857,24,3.0807199105620384,0.0024984758347272873
01361,storage-tank,dense_both,11,12,0,0,11,23,1.0,0.4782608695652174,0.6470588235294118,115,14.852483958005905,0.004836859181523323
01363,ship,prompt,25,86,26,46,51,157,0.49019607843137253,0.22522522522522523,0.30864197530864196,10,1.203905487433076,0.03449765406548977
01363,ship,full,38,88,13,60,51,186,0.7450980392156863,0.30158730158730157,0.4293785310734463,10,1.3005079925060272,0.0361036267131567
01363,ship,scale_prior,37,89,14,55,51,181,0.7254901960784313,0.29365079365079366,0.4180790960451977,10,1.2954620588570833,0.03382344730198383
01363,ship,matched,37,89,14,55,51,181,0.7254901960784313,0.29365079365079366,0.4180790960451977,10,1.2954620588570833,0.03408500738441944
01363,ship,dense_1024,40,98,11,55,51,193,0.7843137254901961,0.2898550724637681,0.42328042328042326,36,4.519276738166809,0.03843842074275017
01363,ship,dense_both,40,328,11,112,51,480,0.7843137254901961,0.10869565217391304,0.1909307875894988,179,22.62749164365232,0.11574654839932919
01363,storage-tank,prompt,41,35,33,0,74,76,0.5540540540540541,0.5394736842105263,0.5466666666666666,10,1.1892736349254847,0.011946821585297585
01363,storage-tank,full,59,22,15,0,74,81,0.7972972972972973,0.7283950617283951,0.7612903225806451,10,1.0887728538364172,0.018230784684419632
01363,storage-tank,scale_prior,59,24,15,0,74,83,0.7972972972972973,0.7108433734939759,0.7515923566878981,10,1.1948184724897146,0.018219610676169395
01363,storage-tank,matched,59,24,15,0,74,83,0.7972972972972973,0.7108433734939759,0.7515923566878981,10,1.1987992450594902,0.018091941252350807
01363,storage-tank,dense_1024,68,26,6,0,74,94,0.918918918918919,0.723404255319149,0.8095238095238095,36,4.519276738166809,0.023404406383633614
01363,storage-tank,dense_both,74,87,0,0,74,161,1.0,0.45962732919254656,0.6297872340425532,179,22.62749164365232,0.038626017048954964
01363,swimming-pool,prompt,1,33,3,0,4,34,0.25,0.029411764705882353,0.05263157894736842,10,1.1084541864693165,0.004830440506339073
01363,swimming-pool,full,1,21,3,0,4,22,0.25,0.045454545454545456,0.07692307692307693,10,1.2089515794068575,0.0034185778349637985
01363,swimming-pool,scale_prior,1,17,3,0,4,18,0.25,0.05555555555555555,0.09090909090909091,10,1.3139832727611065,0.0024556200951337814
01363,swimming-pool,matched,1,17,3,0,4,18,0.25,0.05555555555555555,0.09090909090909091,10,1.3139832727611065,0.002458196133375168
01363,swimming-pool,dense_1024,2,31,2,0,4,33,0.5,0.06060606060606061,0.10810810810810811,36,4.519276738166809,0.005531180649995804
01363,swimming-pool,dense_both,3,108,1,1,4,112,0.75,0.02702702702702703,0.05217391304347826,179,22.62749164365232,0.020602047443389893
01366,storage-tank,prompt,3,2,6,0,9,5,0.3333333333333333,0.6,0.42857142857142855,10,1.3358984235674143,0.001484755426645279
01366,storage-tank,full,7,2,2,0,9,9,0.7777777777777778,0.7777777777777778,0.7777777777777778,10,1.3381432462483644,0.0023171063512563705
01366,storage-tank,scale_prior,9,0,0,0,9,9,1.0,1.0,1.0,10,1.243461323902011,0.0021340735256671906
01366,storage-tank,matched,7,2,2,0,9,9,0.7777777777777778,0.7777777777777778,0.7777777777777778,10,1.237500136718154,0.002304457128047943
01366,storage-tank,dense_1024,9,0,0,0,9,9,1.0,1.0,1.0,24,3.226127203553915,0.0025057177990674973
01366,storage-tank,dense_both,7,3,2,0,9,10,0.7777777777777778,0.7,0.7368421052631579,115,15.532577389851213,0.0031979139894247055
01367,storage-tank,prompt,9,8,1,0,10,17,0.9,0.5294117647058824,0.6666666666666666,10,1.2347334064543247,0.0027465280145406723
01367,storage-tank,full,5,12,5,0,10,17,0.5,0.29411764705882354,0.37037037037037035,10,1.2369373366236687,0.0028219055384397507
01367,storage-tank,scale_prior,5,12,5,0,10,17,0.5,0.29411764705882354,0.37037037037037035,10,1.2890161257237196,0.0027715452015399933
01367,storage-tank,matched,5,12,5,0,10,17,0.5,0.29411764705882354,0.37037037037037035,10,1.2890161257237196,0.0027926526963710785
01367,storage-tank,dense_1024,6,22,4,0,10,28,0.6,0.21428571428571427,0.3157894736842105,24,3.133475862443447,0.004973769187927246
01367,storage-tank,dense_both,10,28,0,0,10,38,1.0,0.2631578947368421,0.4166666666666667,115,14.961283329874277,0.007564187049865723
01371,storage-tank,prompt,22,10,36,0,58,32,0.3793103448275862,0.6875,0.4888888888888889,10,1.1036232337355614,0.0074449572712183
01371,storage-tank,full,23,10,35,1,58,34,0.39655172413793105,0.696969696969697,0.5054945054945055,10,1.1067679785192013,0.008165065199136734
01371,storage-tank,scale_prior,27,13,31,1,58,41,0.46551724137931033,0.675,0.5510204081632653,10,1.3095316886901855,0.008022544905543327
01371,storage-tank,matched,23,11,35,1,58,35,0.39655172413793105,0.6764705882352942,0.5,10,1.2052301038056612,0.00824187882244587
01371,storage-tank,dense_1024,28,8,30,1,58,37,0.4827586206896552,0.7777777777777778,0.5957446808510638,24,3.0234796199947596,0.007514284923672676
01371,storage-tank,dense_both,42,19,16,1,58,62,0.7241379310344828,0.6885245901639344,0.7058823529411765,115,14.294768059626222,0.016625603660941124
01373,storage-tank,prompt,20,4,4,0,24,24,0.8333333333333334,0.8333333333333334,0.8333333333333334,10,1.3651078809052706,0.006172819063067436
01373,storage-tank,full,20,3,4,0,24,23,0.8333333333333334,0.8695652173913043,0.851063829787234,10,1.3759602792561054,0.0055911242961883545
01373,storage-tank,scale_prior,12,5,12,0,24,17,0.5,0.7058823529411765,0.5853658536585366,10,1.323322730138898,0.0030035432428121567
01373,storage-tank,matched,20,3,4,0,24,23,0.8333333333333334,0.8695652173913043,0.851063829787234,10,1.4760803934186697,0.005437981337308884
01373,storage-tank,dense_1024,12,5,12,0,24,17,0.5,0.7058823529411765,0.5853658536585366,24,3.053325230255723,0.0030773840844631195
01373,storage-tank,dense_both,20,6,4,0,24,26,0.8333333333333334,0.7692307692307693,0.8,115,15.005517831072211,0.006926734000444412
01373,swimming-pool,prompt,1,0,0,0,1,1,1.0,1.0,1.0,10,1.4918421898037195,0.00035917386412620544
01373,swimming-pool,full,1,0,0,0,1,1,1.0,1.0,1.0,10,1.293032506480813,0.00041582249104976654
01373,swimming-pool,scale_prior,1,0,0,0,1,1,1.0,1.0,1.0,10,1.3818410895764828,0.00025185197591781616
01373,swimming-pool,matched,1,0,0,0,1,1,1.0,1.0,1.0,10,1.2864503413438797,0.00036105886101722717
01373,swimming-pool,dense_1024,1,0,0,0,1,1,1.0,1.0,1.0,24,3.053325230255723,0.0003015957772731781
01373,swimming-pool,dense_both,1,0,0,0,1,1,1.0,1.0,1.0,115,15.005517831072211,0.00039240531623363495
01374,small-vehicle,prompt,117,51,397,0,514,168,0.22762645914396887,0.6964285714285714,0.34310850439882695,10,1.3258654978126287,0.02577073499560356
01374,small-vehicle,full,271,84,243,0,514,355,0.5272373540856031,0.7633802816901408,0.6237054085155351,10,1.1135839093476534,0.05905289761722088
01374,small-vehicle,scale_prior,278,79,236,0,514,357,0.5408560311284046,0.7787114845938375,0.6383467278989667,10,1.1154856570065022,0.05852496065199375
01374,small-vehicle,matched,278,79,236,0,514,357,0.5408560311284046,0.7787114845938375,0.6383467278989667,10,1.1154856570065022,0.05831896699965
01374,small-vehicle,dense_1024,476,146,38,0,514,622,0.9260700389105059,0.7652733118971061,0.8380281690140845,24,3.068551843985915,0.11773591116070747
01374,small-vehicle,dense_both,500,328,14,0,514,828,0.9727626459143969,0.6038647342995169,0.7451564828614009,115,14.601429589092731,0.19186254404485226
01374,swimming-pool,prompt,30,13,83,2,113,45,0.26548672566371684,0.6976744186046512,0.38461538461538464,10,1.1125491075217724,0.008176108822226524
01374,swimming-pool,full,64,36,49,2,113,102,0.5663716814159292,0.64,0.6009389671361502,10,1.2076612524688244,0.017141014337539673
01374,swimming-pool,scale_prior,74,41,39,2,113,117,0.6548672566371682,0.6434782608695652,0.6491228070175439,10,1.3065166529268026,0.01834443397819996
01374,swimming-pool,matched,73,39,40,2,113,114,0.6460176991150443,0.6517857142857143,0.6488888888888888,10,1.2058726772665977,0.017618954181671143
01374,swimming-pool,dense_1024,95,66,18,2,113,163,0.8407079646017699,0.5900621118012422,0.6934306569343066,24,3.068551843985915,0.03145843558013439
01374,swimming-pool,dense_both,101,83,12,2,113,186,0.8938053097345132,0.5489130434782609,0.6801346801346801,115,14.601429589092731,0.048660315573215485
01379,storage-tank,prompt,4,0,4,0,8,4,0.5,1.0,0.6666666666666666,10,1.2268889285624027,0.0008961763232946396
01379,storage-tank,full,7,7,1,0,8,14,0.875,0.5,0.6363636363636364,10,1.4222662448883057,0.002081267535686493
01379,storage-tank,scale_prior,6,1,2,0,8,7,0.75,0.8571428571428571,0.8,10,1.2266444023698568,0.0015360452234745026
01379,storage-tank,matched,6,1,2,0,8,7,0.75,0.8571428571428571,0.8,10,1.2275727521628141,0.0012961272150278091
01379,storage-tank,dense_1024,8,8,0,0,8,16,1.0,0.5,0.6666666666666666,24,3.0792086515575647,0.002600027248263359
01379,storage-tank,dense_both,8,9,0,0,8,17,1.0,0.47058823529411764,0.64,115,15.159390272572637,0.003238992765545845
01383,large-vehicle,prompt,7,92,16,1,23,100,0.30434782608695654,0.0707070707070707,0.11475409836065574,10,1.1854615733027458,0.01337813027203083
01383,large-vehicle,full,14,168,9,1,23,183,0.6086956521739131,0.07692307692307693,0.13658536585365855,10,1.2797916792333126,0.026690702885389328
01383,large-vehicle,scale_prior,11,157,12,1,23,169,0.4782608695652174,0.06547619047619048,0.11518324607329843,10,1.1795677058398724,0.0254081878811121
01383,large-vehicle,matched,11,157,12,1,23,169,0.4782608695652174,0.06547619047619048,0.11518324607329843,10,1.1795677058398724,0.025205247104167938
01383,large-vehicle,dense_1024,14,195,9,1,23,210,0.6086956521739131,0.06698564593301436,0.1206896551724138,15,1.7709043137729168,0.0325033999979496
01383,large-vehicle,dense_both,18,311,5,1,23,330,0.782608695652174,0.0547112462006079,0.10227272727272728,75,9.132906965911388,0.0662694126367569
01383,small-vehicle,prompt,48,22,193,4,241,74,0.1991701244813278,0.6857142857142857,0.3086816720257235,10,1.07358174957335,0.011702729389071465
01383,small-vehicle,full,143,19,98,2,241,164,0.5933609958506224,0.8827160493827161,0.7096774193548387,10,1.2797916792333126,0.028984511271119118
01383,small-vehicle,scale_prior,130,18,111,2,241,150,0.5394190871369294,0.8783783783783784,0.6683804627249358,10,1.1795677058398724,0.027258995920419693
01383,small-vehicle,matched,130,18,111,2,241,150,0.5394190871369294,0.8783783783783784,0.6683804627249358,10,1.1795677058398724,0.027342963963747025
01383,small-vehicle,dense_1024,181,30,60,2,241,213,0.7510373443983402,0.8578199052132701,0.8008849557522124,15,1.7709043137729168,0.04076598398387432
01383,small-vehicle,dense_both,190,130,51,5,241,325,0.7883817427385892,0.59375,0.6773618538324421,75,9.132906965911388,0.07257568091154099
01384,airplane,prompt,20,6,3,0,23,26,0.8695652173913043,0.7692307692307693,0.8163265306122449,10,1.2263365387916565,0.007763264700770378
01384,airplane,full,20,6,3,0,23,26,0.8695652173913043,0.7692307692307693,0.8163265306122449,10,1.2253481913357973,0.007626015692949295
01384,airplane,scale_prior,20,7,3,0,23,27,0.8695652173913043,0.7407407407407407,0.8,10,1.2246867027133703,0.007409648969769478
01384,airplane,matched,20,7,3,0,23,27,0.8695652173913043,0.7407407407407407,0.8,10,1.2227683514356613,0.007722212001681328
01384,airplane,dense_1024,17,7,6,0,23,24,0.7391304347826086,0.7083333333333334,0.723404255319149,24,3.204118262976408,0.005734380334615707
01384,airplane,dense_both,20,10,3,0,23,30,0.8695652173913043,0.6666666666666666,0.7547169811320755,115,15.1360903698951,0.00829373113811016
01384,swimming-pool,prompt,2,15,12,0,14,17,0.14285714285714285,0.11764705882352941,0.12903225806451613,10,1.4500287789851427,0.002459166571497917
01384,swimming-pool,full,5,12,9,0,14,17,0.35714285714285715,0.29411764705882354,0.3225806451612903,10,1.3470867183059454,0.002602767199277878
01384,swimming-pool,scale_prior,4,12,10,0,14,16,0.2857142857142857,0.25,0.26666666666666666,10,1.448213180527091,0.0026430655270814896
01384,swimming-pool,matched,4,12,10,0,14,16,0.2857142857142857,0.25,0.26666666666666666,10,1.448213180527091,0.002653030678629875
01384,swimming-pool,dense_1024,8,15,6,0,14,23,0.5714285714285714,0.34782608695652173,0.43243243243243246,24,3.204118262976408,0.004033196717500687
01384,swimming-pool,dense_both,7,61,7,0,14,68,0.5,0.10294117647058823,0.17073170731707318,115,15.1360903698951,0.013001907616853714
01386,airplane,prompt,25,9,17,1,42,35,0.5952380952380952,0.7352941176470589,0.6578947368421053,10,1.5383087825030088,0.007421562448143959
01386,airplane,full,25,16,17,1,42,42,0.5952380952380952,0.6097560975609756,0.6024096385542169,10,1.226788705214858,0.008960124105215073
01386,airplane,scale_prior,28,16,14,1,42,45,0.6666666666666666,0.6363636363636364,0.6511627906976745,10,1.2350151669234037,0.00813346542418003
01386,airplane,matched,28,17,14,1,42,46,0.6666666666666666,0.6222222222222222,0.6436781609195402,10,1.230336483567953,0.009118609130382538
01386,airplane,dense_1024,33,22,9,1,42,56,0.7857142857142857,0.6,0.6804123711340206,24,3.1998977661132812,0.013425076380372047
01386,airplane,dense_both,33,29,9,1,42,63,0.7857142857142857,0.532258064516129,0.6346153846153846,115,15.349176671355963,0.017563998699188232
01386,storage-tank,prompt,21,8,0,0,21,29,1.0,0.7241379310344828,0.84,10,1.2527666669338942,0.0064450521022081375
01386,storage-tank,full,21,10,0,0,21,31,1.0,0.6774193548387096,0.8076923076923077,10,1.3461218662559986,0.007560752332210541
01386,storage-tank,scale_prior,21,11,0,0,21,32,1.0,0.65625,0.7924528301886793,10,1.2441936191171408,0.007540848106145859
01386,storage-tank,matched,21,11,0,0,21,32,1.0,0.65625,0.7924528301886793,10,1.1481790766119957,0.007428111508488655
01386,storage-tank,dense_1024,21,18,0,0,21,39,1.0,0.5384615384615384,0.7,24,3.1998977661132812,0.00815773569047451
01386,storage-tank,dense_both,21,43,0,0,21,64,1.0,0.328125,0.49411764705882355,115,15.349176671355963,0.012117516249418259
01386,swimming-pool,prompt,0,27,1,0,1,27,0.0,0.0,0.0,10,1.3441153317689896,0.0034234877675771713
01386,swimming-pool,full,0,20,1,0,1,20,0.0,0.0,0.0,10,1.445773983374238,0.002553274855017662
01386,swimming-pool,scale_prior,0,16,1,0,1,16,0.0,0.0,0.0,10,1.244006970897317,0.001970304176211357
01386,swimming-pool,matched,0,16,1,0,1,16,0.0,0.0,0.0,10,1.244006970897317,0.001978715881705284
01386,swimming-pool,dense_1024,1,12,0,0,1,13,1.0,0.07692307692307693,0.14285714285714285,24,3.1998977661132812,0.002112843096256256
01386,swimming-pool,dense_both,1,73,0,0,1,74,1.0,0.013513513513513514,0.02666666666666667,115,15.349176671355963,0.010999975726008415
01387,ship,prompt,6,21,7,7,13,34,0.46153846153846156,0.2222222222222222,0.3,10,1.217686552554369,0.006153330206871033
01387,ship,full,7,27,6,9,13,43,0.5384615384615384,0.20588235294117646,0.2978723404255319,10,1.106754157692194,0.008181257173418999
01387,ship,scale_prior,7,13,6,9,13,29,0.5384615384615384,0.35,0.42424242424242425,10,1.1053537596017122,0.005924956873059273
01387,ship,matched,6,20,7,9,13,35,0.46153846153846156,0.23076923076923078,0.3076923076923077,10,1.1135650966316462,0.0065317824482917786
01387,ship,dense_1024,9,19,4,11,13,39,0.6923076923076923,0.32142857142857145,0.43902439024390244,24,2.9167097732424736,0.009541409090161324
01387,ship,dense_both,11,92,2,12,13,115,0.8461538461538461,0.10679611650485436,0.1896551724137931,115,14.663410808891058,0.023724542930722237
01387,storage-tank,prompt,127,34,109,0,236,161,0.538135593220339,0.7888198757763976,0.6397984886649875,10,1.311763547360897,0.02376098744571209
01387,storage-tank,full,169,36,67,1,236,206,0.7161016949152542,0.824390243902439,0.7664399092970522,10,1.2177180871367455,0.03300241567194462
01387,storage-tank,scale_prior,126,36,110,1,236,163,0.5338983050847458,0.7777777777777778,0.6331658291457286,10,1.402197802439332,0.02713898755609989
01387,storage-tank,matched,126,36,110,1,236,163,0.5338983050847458,0.7777777777777778,0.6331658291457286,10,1.402197802439332,0.027121227234601974
01387,storage-tank,dense_1024,177,42,59,1,236,220,0.75,0.8082191780821918,0.778021978021978,24,2.9167097732424736,0.04097240790724754
01387,storage-tank,dense_both,220,68,16,1,236,289,0.9322033898305084,0.7638888888888888,0.8396946564885496,115,14.663410808891058,0.06646944396197796
01394,storage-tank,prompt,11,1,6,0,17,12,0.6470588235294118,0.9166666666666666,0.7586206896551724,10,1.226828921586275,0.0023570600897073746
01394,storage-tank,full,11,1,6,0,17,12,0.6470588235294118,0.9166666666666666,0.7586206896551724,10,1.3224875200539827,0.0023001227527856827
01394,storage-tank,scale_prior,11,1,6,0,17,12,0.6470588235294118,0.9166666666666666,0.7586206896551724,10,1.2221371680498123,0.0029398035258054733
01394,storage-tank,matched,11,1,6,0,17,12,0.6470588235294118,0.9166666666666666,0.7586206896551724,10,1.2221371680498123,0.0029288288205862045
01394,storage-tank,dense_1024,12,3,5,0,17,15,0.7058823529411765,0.8,0.75,24,3.0899446811527014,0.0036344118416309357
01394,storage-tank,dense_both,15,4,2,0,17,19,0.8823529411764706,0.7894736842105263,0.8333333333333334,115,14.880163533613086,0.00555555522441864
01399,airplane,prompt,6,0,3,0,9,6,0.6666666666666666,1.0,0.8,10,1.348552966490388,0.0011103320866823196
01399,airplane,full,8,0,1,0,9,8,0.8888888888888888,1.0,0.9411764705882353,10,1.3368720468133688,0.0013162512332201004
01399,airplane,scale_prior,8,0,1,0,9,8,0.8888888888888888,1.0,0.9411764705882353,10,1.5366539824754,0.0011853575706481934
01399,airplane,matched,8,0,1,0,9,8,0.8888888888888888,1.0,0.9411764705882353,10,1.4393562003970146,0.0012006554752588272
01399,airplane,dense_1024,8,0,1,0,9,8,0.8888888888888888,1.0,0.9411764705882353,24,3.2014451939612627,0.001199863851070404
01399,airplane,dense_both,9,0,0,0,9,9,1.0,1.0,1.0,115,15.285780593752861,0.002432171255350113
01399,helicopter,prompt,0,0,1,0,1,0,0.0,0.0,0.0,10,1.350290346890688,3.735162317752838e-05
01399,helicopter,full,0,0,1,0,1,0,0.0,0.0,0.0,10,1.340468354523182,2.6378780603408813e-05
01399,helicopter,scale_prior,0,0,1,0,1,0,0.0,0.0,0.0,10,1.3459309097379446,2.3651868104934692e-05
01399,helicopter,matched,0,0,1,0,1,0,0.0,0.0,0.0,10,1.3459309097379446,2.185627818107605e-05
01399,helicopter,dense_1024,0,0,1,0,1,0,0.0,0.0,0.0,24,3.2014451939612627,2.1619722247123718e-05
01399,helicopter,dense_both,0,1,1,0,1,1,0.0,0.0,0.0,115,15.285780593752861,0.00017487630248069763
01401,small-vehicle,prompt,1,21,11,0,12,22,0.08333333333333333,0.045454545454545456,0.058823529411764705,10,1.3465054612606764,0.002377055585384369
01401,small-vehicle,full,10,20,2,0,12,30,0.8333333333333334,0.3333333333333333,0.47619047619047616,10,1.4306574650108814,0.0036890804767608643
01401,small-vehicle,scale_prior,0,27,12,0,12,27,0.0,0.0,0.0,10,1.53990457393229,0.0029387623071670532
01401,small-vehicle,matched,0,27,12,0,12,27,0.0,0.0,0.0,10,1.4338730443269014,0.002947067841887474
01401,small-vehicle,dense_1024,10,56,2,0,12,66,0.8333333333333334,0.15151515151515152,0.2564102564102564,24,3.0876750387251377,0.008980054408311844
01401,small-vehicle,dense_both,11,122,1,0,12,133,0.9166666666666666,0.08270676691729323,0.15172413793103448,128,16.855240991339087,0.021863076835870743
01403,storage-tank,prompt,4,1,1,0,5,5,0.8,0.8,0.8,10,1.5316390097141266,0.0008712057024240494
01403,storage-tank,full,1,1,4,0,5,2,0.2,0.5,0.2857142857142857,10,1.1903409827500582,0.0003382321447134018
01403,storage-tank,scale_prior,4,1,1,0,5,5,0.8,0.8,0.8,10,1.3948178850114346,0.0007033292204141617
01403,storage-tank,matched,2,1,3,0,5,3,0.4,0.6666666666666666,0.5,10,1.2932557258754969,0.0004320070147514343
01403,storage-tank,dense_1024,2,0,3,0,5,2,0.4,1.0,0.5714285714285714,24,3.2797859758138657,0.0004562307149171829
01403,storage-tank,dense_both,4,1,1,0,5,5,0.8,0.8,0.8,128,17.264861192554235,0.0015414021909236908
01404,large-vehicle,prompt,0,20,8,0,8,20,0.0,0.0,0.0,10,1.0361926462501287,0.0027412977069616318
01404,large-vehicle,full,2,20,6,0,8,22,0.25,0.09090909090909091,0.13333333333333333,10,1.1458172965794802,0.002805819734930992
01404,large-vehicle,scale_prior,2,22,6,0,8,24,0.25,0.08333333333333333,0.125,10,1.0435528475791216,0.0030428022146224976
01404,large-vehicle,matched,2,31,6,0,8,33,0.25,0.06060606060606061,0.0975609756097561,10,1.039601368829608,0.003943674266338348
01404,large-vehicle,dense_1024,1,37,7,0,8,38,0.125,0.02631578947368421,0.043478260869565216,24,3.197656663134694,0.005980087444186211
01404,large-vehicle,dense_both,1,62,7,0,8,63,0.125,0.015873015873015872,0.028169014084507043,115,15.174245918169618,0.010292772203683853
01404,small-vehicle,prompt,24,23,123,0,147,47,0.16326530612244897,0.5106382978723404,0.24742268041237114,10,1.0387064162641764,0.007854955270886421
01404,small-vehicle,full,1,37,146,0,147,38,0.006802721088435374,0.02631578947368421,0.010810810810810811,10,1.252497898414731,0.005354348570108414
01404,small-vehicle,scale_prior,1,30,146,0,147,31,0.006802721088435374,0.03225806451612903,0.011235955056179775,10,1.1460652705281973,0.004484137520194054
01404,small-vehicle,matched,1,30,146,0,147,31,0.006802721088435374,0.03225806451612903,0.011235955056179775,10,1.1460652705281973,0.004482148215174675
01404,small-vehicle,dense_1024,4,60,143,0,147,64,0.027210884353741496,0.0625,0.037914691943127965,24,3.197656663134694,0.01070631667971611
01404,small-vehicle,dense_both,117,211,30,0,147,328,0.7959183673469388,0.3567073170731707,0.4926315789473684,115,15.174245918169618,0.06283467821776867
01404,storage-tank,prompt,173,20,70,11,243,204,0.7119341563786008,0.8963730569948186,0.7935779816513762,10,1.3002102226018906,0.054147494956851006
01404,storage-tank,full,166,16,77,11,243,193,0.6831275720164609,0.9120879120879121,0.7811764705882352,10,1.30090956017375,0.05304647237062454
01404,storage-tank,scale_prior,94,22,149,11,243,127,0.3868312757201646,0.8103448275862069,0.5236768802228412,10,1.238702928647399,0.027451761066913605
01404,storage-tank,matched,173,20,70,11,243,204,0.7119341563786008,0.8963730569948186,0.7935779816513762,10,1.2072696425020695,0.052854567766189575
01404,storage-tank,dense_1024,94,26,149,12,243,132,0.3868312757201646,0.7833333333333333,0.5179063360881543,24,3.197656663134694,0.03265576995909214
01404,storage-tank,dense_both,177,35,66,12,243,224,0.7283950617283951,0.8349056603773585,0.778021978021978,115,15.174245918169618,0.06586742959916592
01404,swimming-pool,prompt,4,11,10,0,14,15,0.2857142857142857,0.26666666666666666,0.27586206896551724,10,1.234597310423851,0.0034253057092428207
01404,swimming-pool,full,7,10,7,0,14,17,0.5,0.4117647058823529,0.45161290322580644,10,1.2304273303598166,0.0030894242227077484
01404,swimming-pool,scale_prior,7,9,7,0,14,16,0.5,0.4375,0.4666666666666667,10,1.1350545194000006,0.002617768943309784
01404,swimming-pool,matched,7,10,7,0,14,17,0.5,0.4117647058823529,0.45161290322580644,10,1.235521461814642,0.003101162612438202
01404,swimming-pool,dense_1024,7,10,7,0,14,17,0.5,0.4117647058823529,0.45161290322580644,24,3.197656663134694,0.002742791548371315
01404,swimming-pool,dense_both,5,15,9,0,14,20,0.35714285714285715,0.25,0.29411764705882354,115,15.174245918169618,0.004723064601421356
01406,storage-tank,prompt,184,42,102,0,286,226,0.6433566433566433,0.8141592920353983,0.71875,10,1.3709784932434559,0.039910031482577324
01406,storage-tank,full,203,19,83,0,286,222,0.7097902097902098,0.9144144144144144,0.7992125984251969,10,1.1861115284264088,0.039197323843836784
01406,storage-tank,scale_prior,167,21,119,0,286,188,0.583916083916084,0.8882978723404256,0.7046413502109705,10,1.0840468350797892,0.03381006419658661
01406,storage-tank,matched,167,21,119,0,286,188,0.583916083916084,0.8882978723404256,0.7046413502109705,10,1.0840468350797892,0.03378862887620926
01406,storage-tank,dense_1024,261,26,25,0,286,287,0.9125874125874126,0.9094076655052264,0.9109947643979057,24,3.0025927424430847,0.0538331251591444
01406,storage-tank,dense_both,278,75,8,0,286,353,0.972027972027972,0.7875354107648725,0.8701095461658842,115,14.499963231384754,0.08639000914990902
01407,ship,prompt,201,41,61,3,262,245,0.767175572519084,0.8305785123966942,0.7976190476190477,10,1.1032124683260918,0.05750504322350025
01407,ship,full,211,42,51,3,262,256,0.8053435114503816,0.83399209486166,0.8194174757281554,10,1.3156756646931171,0.061497412621974945
01407,ship,scale_prior,211,42,51,3,262,256,0.8053435114503816,0.83399209486166,0.8194174757281554,10,1.2179918698966503,0.055066607892513275
01407,ship,matched,211,42,51,3,262,256,0.8053435114503816,0.83399209486166,0.8194174757281554,10,1.2179918698966503,0.05513280816376209
01407,ship,dense_1024,221,51,41,3,262,275,0.8435114503816794,0.8125,0.8277153558052435,24,3.026924390345812,0.07905805483460426
01407,ship,dense_both,246,127,16,6,262,379,0.9389312977099237,0.6595174262734584,0.7748031496062993,115,14.173058707267046,0.12010245025157928
01407,small-vehicle,prompt,58,45,166,0,224,103,0.25892857142857145,0.5631067961165048,0.3547400611620795,10,1.305835546925664,0.01670989580452442
01407,small-vehicle,full,65,52,159,0,224,117,0.29017857142857145,0.5555555555555556,0.3812316715542522,10,1.2214546743780375,0.018274269998073578
01407,small-vehicle,scale_prior,85,40,139,2,224,127,0.3794642857142857,0.68,0.4871060171919771,10,1.1140483543276787,0.02332492731511593
01407,small-vehicle,matched,91,50,133,2,224,143,0.40625,0.6453900709219859,0.4986301369863014,10,1.2204653285443783,0.0251565370708704
01407,small-vehicle,dense_1024,112,69,112,2,224,183,0.5,0.6187845303867403,0.5530864197530864,24,3.026924390345812,0.03853852488100529
01407,small-vehicle,dense_both,193,212,31,3,224,408,0.8616071428571429,0.4765432098765432,0.6136724960254372,115,14.173058707267046,0.08962455578148365
01407,swimming-pool,prompt,7,8,25,0,32,15,0.21875,0.4666666666666667,0.2978723404255319,10,1.301399864256382,0.0021713264286518097
01407,swimming-pool,full,12,4,20,0,32,16,0.375,0.75,0.5,10,1.4193286802619696,0.0034298840910196304
01407,swimming-pool,scale_prior,14,5,18,0,32,19,0.4375,0.7368421052631579,0.5490196078431373,10,1.2228870876133442,0.0037866272032260895
01407,swimming-pool,matched,13,4,19,0,32,17,0.40625,0.7647058823529411,0.5306122448979592,10,1.2203076649457216,0.003422452136874199
01407,swimming-pool,dense_1024,24,14,8,0,32,38,0.75,0.631578947368421,0.6857142857142857,24,3.026924390345812,0.007447706535458565
01407,swimming-pool,dense_both,26,48,6,0,32,74,0.8125,0.35135135135135137,0.49056603773584906,115,14.173058707267046,0.015726132318377495
01408,large-vehicle,prompt,0,9,2,0,2,9,0.0,0.0,0.0,10,1.3373582419008017,0.0012231841683387756
01408,large-vehicle,full,0,22,2,0,2,22,0.0,0.0,0.0,10,1.335423819720745,0.002363758161664009
01408,large-vehicle,scale_prior,1,21,1,0,2,22,0.5,0.045454545454545456,0.08333333333333333,10,1.332393568009138,0.0026677437126636505
01408,large-vehicle,matched,0,20,2,0,2,20,0.0,0.0,0.0,10,1.22648792155087,0.002280270680785179
01408,large-vehicle,dense_1024,2,35,0,0,2,37,1.0,0.05405405405405406,0.10256410256410256,24,3.076787395402789,0.005146149545907974
01408,large-vehicle,dense_both,2,68,0,0,2,70,1.0,0.02857142857142857,0.05555555555555555,115,14.571764629334211,0.010789789259433746
01408,small-vehicle,prompt,48,70,186,0,234,118,0.20512820512820512,0.4067796610169492,0.2727272727272727,10,1.3267526663839817,0.01775304041802883
01408,small-vehicle,full,145,168,89,0,234,313,0.6196581196581197,0.46325878594249204,0.5301645338208409,10,1.3338574524968863,0.04943360947072506
01408,small-vehicle,scale_prior,143,176,91,0,234,319,0.6111111111111112,0.4482758620689655,0.5171790235081374,10,1.3349912576377392,0.04729374870657921
01408,small-vehicle,matched,143,176,91,0,234,319,0.6111111111111112,0.4482758620689655,0.5171790235081374,10,1.3349912576377392,0.047503937035799026
01408,small-vehicle,dense_1024,224,296,10,0,234,520,0.9572649572649573,0.4307692307692308,0.5941644562334217,24,3.076787395402789,0.09348456747829914
01408,small-vehicle,dense_both,233,533,1,0,234,766,0.9957264957264957,0.304177545691906,0.466,115,14.571764629334211,0.16265308298170567
01408,swimming-pool,prompt,40,13,57,0,97,53,0.41237113402061853,0.7547169811320755,0.5333333333333333,10,1.3077655490487814,0.008002977818250656
01408,swimming-pool,full,73,16,24,0,97,89,0.7525773195876289,0.8202247191011236,0.7849462365591398,10,1.3201900161802769,0.0162096805870533
01408,swimming-pool,scale_prior,66,14,31,0,97,80,0.6804123711340206,0.825,0.7457627118644068,10,1.2203110791742802,0.01343388482928276
01408,swimming-pool,matched,66,14,31,0,97,80,0.6804123711340206,0.825,0.7457627118644068,10,1.2203110791742802,0.013437334448099136
01408,swimming-pool,dense_1024,88,20,9,0,97,108,0.9072164948453608,0.8148148148148148,0.8585365853658536,24,3.076787395402789,0.022286180406808853
01408,swimming-pool,dense_both,91,53,6,0,97,144,0.9381443298969072,0.6319444444444444,0.7551867219917012,115,14.571764629334211,0.036978937685489655
01412,airplane,prompt,59,7,20,0,79,66,0.7468354430379747,0.8939393939393939,0.8137931034482758,10,1.2915233708918095,0.012274768203496933
01412,airplane,full,73,6,6,0,79,79,0.9240506329113924,0.9240506329113924,0.9240506329113924,10,1.2807857636362314,0.01689118891954422
01412,airplane,scale_prior,73,3,6,0,79,76,0.9240506329113924,0.9605263157894737,0.9419354838709677,10,1.1825821995735168,0.0154543686658144
01412,airplane,matched,72,3,7,0,79,75,0.9113924050632911,0.96,0.935064935064935,10,1.1803248543292284,0.015775417909026146
01412,airplane,dense_1024,73,3,6,0,79,76,0.9240506329113924,0.9605263157894737,0.9419354838709677,24,2.912169571965933,0.015232769772410393
01412,airplane,dense_both,76,9,3,0,79,85,0.9620253164556962,0.8941176470588236,0.926829268292683,115,14.441215550526977,0.023476924747228622
01412,storage-tank,prompt,5,5,0,0,5,10,1.0,0.5,0.6666666666666666,10,1.0020169951021671,0.0020122230052948
01412,storage-tank,full,5,8,0,0,5,13,1.0,0.38461538461538464,0.5555555555555556,10,1.1891525816172361,0.0023519396781921387
01412,storage-tank,scale_prior,5,8,0,0,5,13,1.0,0.38461538461538464,0.5555555555555556,10,1.1841916851699352,0.0021979045122861862
01412,storage-tank,matched,5,8,0,0,5,13,1.0,0.38461538461538464,0.5555555555555556,10,1.1893619485199451,0.002338048070669174
01412,storage-tank,dense_1024,5,8,0,0,5,13,1.0,0.38461538461538464,0.5555555555555556,24,2.912169571965933,0.002199128270149231
01412,storage-tank,dense_both,5,14,0,0,5,19,1.0,0.2631578947368421,0.4166666666666667,115,14.441215550526977,0.0038205888122320175
01413,large-vehicle,prompt,0,0,6,0,6,0,0.0,0.0,0.0,10,1.2135660480707884,0.00010323897004127502
01413,large-vehicle,full,0,0,6,2,6,2,0.0,0.0,0.0,10,1.1850809399038553,0.000520145520567894
01413,large-vehicle,scale_prior,0,0,6,2,6,2,0.0,0.0,0.0,10,1.1268251296132803,0.00045708753168582916
01413,large-vehicle,matched,0,0,6,2,6,2,0.0,0.0,0.0,10,1.1268251296132803,0.00045114941895008087
01413,large-vehicle,dense_1024,0,0,6,2,6,2,0.0,0.0,0.0,24,3.532249391078949,0.0004629809409379959
01413,large-vehicle,dense_both,1,4,5,2,6,7,0.16666666666666666,0.2,0.18181818181818182,115,15.68882517144084,0.0013925191015005112
01413,ship,prompt,573,126,156,3,729,702,0.7860082304526749,0.8197424892703863,0.8025210084033614,10,1.2143239583820105,0.14278533682227135
01413,ship,full,544,120,185,3,729,667,0.7462277091906722,0.8192771084337349,0.7810480976310122,10,1.2165425401180983,0.1350508276373148
01413,ship,scale_prior,424,102,305,1,729,527,0.5816186556927297,0.8060836501901141,0.6756972111553785,10,1.3266279976814985,0.1010731365531683
01413,ship,matched,544,118,185,3,729,665,0.7462277091906722,0.8217522658610272,0.7821710999281093,10,1.2135750129818916,0.13330837525427341
01413,ship,dense_1024,274,110,455,1,729,385,0.37585733882030176,0.7135416666666666,0.49236298292902064,24,3.532249391078949,0.07292781583964825
01413,ship,dense_both,688,139,41,3,729,830,0.943758573388203,0.8319226118500604,0.884318766066838,115,15.68882517144084,0.2020977959036827
01413,small-vehicle,prompt,5,17,291,34,296,56,0.016891891891891893,0.22727272727272727,0.031446540880503145,10,1.211046613752842,0.00993279181420803
01413,small-vehicle,full,0,9,296,0,296,9,0.0,0.0,0.0,10,1.275987720116973,0.0015112552791833878
01413,small-vehicle,scale_prior,5,10,291,34,296,49,0.016891891891891893,0.3333333333333333,0.03215434083601286,10,1.1231337171047926,0.00886838510632515
01413,small-vehicle,matched,1,7,295,27,296,35,0.0033783783783783786,0.125,0.006578947368421052,10,1.1730278450995684,0.00610228069126606
01413,small-vehicle,dense_1024,0,7,296,3,296,10,0.0,0.0,0.0,24,3.532249391078949,0.001741059124469757
01413,small-vehicle,dense_both,99,150,197,87,296,336,0.3344594594594595,0.39759036144578314,0.363302752293578,115,15.68882517144084,0.0650150403380394
01413,swimming-pool,prompt,0,0,6,0,6,0,0.0,0.0,0.0,10,1.4706400260329247,8.712708950042725e-05
01413,swimming-pool,full,0,1,6,0,6,1,0.0,0.0,0.0,10,1.3269399516284466,0.0004574041813611984
01413,swimming-pool,scale_prior,0,2,6,0,6,2,0.0,0.0,0.0,10,1.1720567028969526,0.0006126146763563156
01413,swimming-pool,matched,0,2,6,0,6,2,0.0,0.0,0.0,10,1.1720567028969526,0.0005848333239555359
01413,swimming-pool,dense_1024,2,3,4,0,6,5,0.3333333333333333,0.4,0.36363636363636365,24,3.532249391078949,0.0011527519673109055
01413,swimming-pool,dense_both,2,21,4,1,6,24,0.3333333333333333,0.08695652173913043,0.13793103448275862,115,15.68882517144084,0.004317719489336014
01414,large-vehicle,prompt,9,697,3,0,12,706,0.75,0.012747875354107648,0.025069637883008356,10,1.2924536261707544,0.12358664348721504
01414,large-vehicle,full,6,549,6,0,12,555,0.5,0.010810810810810811,0.021164021164021163,10,1.30000333301723,0.10436369478702545
01414,large-vehicle,scale_prior,6,363,6,0,12,369,0.5,0.016260162601626018,0.031496062992125984,10,1.0810985043644905,0.05779115669429302
01414,large-vehicle,matched,9,549,3,0,12,558,0.75,0.016129032258064516,0.031578947368421054,10,1.0948106497526169,0.09634235501289368
01414,large-vehicle,dense_1024,10,402,2,0,12,412,0.8333333333333334,0.024271844660194174,0.04716981132075472,24,2.779891798272729,0.0696741584688425
01414,large-vehicle,dense_both,11,1393,1,2,12,1406,0.9166666666666666,0.007834757834757835,0.015536723163841809,115,13.91394509933889,0.3264205642044544
01414,small-vehicle,prompt,34,43,376,0,410,77,0.08292682926829269,0.44155844155844154,0.13963039014373715,10,1.2720914911478758,0.01325925625860691
01414,small-vehicle,full,93,78,317,0,410,171,0.22682926829268293,0.543859649122807,0.32013769363166955,10,1.279620012268424,0.03011922910809517
01414,small-vehicle,scale_prior,104,88,306,0,410,192,0.25365853658536586,0.5416666666666666,0.34551495016611294,10,1.181769112125039,0.03357578068971634
01414,small-vehicle,matched,93,78,317,0,410,171,0.22682926829268293,0.543859649122807,0.32013769363166955,10,1.177815981209278,0.030151886865496635
01414,small-vehicle,dense_1024,121,134,289,0,410,255,0.2951219512195122,0.4745098039215686,0.36390977443609024,24,2.779891798272729,0.04662965424358845
01414,small-vehicle,dense_both,236,236,174,9,410,481,0.5756097560975609,0.5,0.5351473922902494,115,13.91394509933889,0.11505545116961002
01414,swimming-pool,prompt,25,9,11,1,36,35,0.6944444444444444,0.7352941176470589,0.7142857142857143,10,1.3773740138858557,0.006699623540043831
01414,swimming-pool,full,34,8,2,1,36,43,0.9444444444444444,0.8095238095238095,0.8717948717948718,10,1.17391774430871,0.008965209126472473
01414,swimming-pool,scale_prior,35,7,1,1,36,43,0.9722222222222222,0.8333333333333334,0.8974358974358975,10,1.1749231182038784,0.008471321314573288
01414,swimming-pool,matched,33,9,3,1,36,43,0.9166666666666666,0.7857142857142857,0.8461538461538461,10,1.2751908767968416,0.009051159024238586
01414,swimming-pool,dense_1024,35,6,1,1,36,42,0.9722222222222222,0.8536585365853658,0.9090909090909091,24,2.779891798272729,0.007753942161798477
01414,swimming-pool,dense_both,35,15,1,1,36,51,0.9722222222222222,0.7,0.813953488372093,115,13.91394509933889,0.013127217069268227
01416,large-vehicle,prompt,13,90,6,0,19,103,0.6842105263157895,0.1262135922330097,0.21311475409836064,10,1.2103266175836325,0.01828034594655037
01416,large-vehicle,full,18,164,1,0,19,182,0.9473684210526315,0.0989010989010989,0.1791044776119403,10,1.2155788987874985,0.025298019871115685
01416,large-vehicle,scale_prior,14,142,5,0,19,156,0.7368421052631579,0.08974358974358974,0.16,10,1.2140236720442772,0.020251503214240074
01416,large-vehicle,matched,14,142,5,0,19,156,0.7368421052631579,0.08974358974358974,0.16,10,1.2140236720442772,0.020907627418637276
01416,large-vehicle,dense_1024,19,200,0,0,19,219,1.0,0.0867579908675799,0.15966386554621848,24,3.04603286460042,0.03367067314684391
01416,large-vehicle,dense_both,19,271,0,0,19,290,1.0,0.06551724137931035,0.12297734627831715,115,14.377895832061768,0.057866157963871956
01416,small-vehicle,prompt,118,37,186,0,304,155,0.3881578947368421,0.7612903225806451,0.514161220043573,10,1.084009364247322,0.02985364943742752
01416,small-vehicle,full,220,75,84,0,304,295,0.7236842105263158,0.7457627118644068,0.7345575959933222,10,1.3163646012544632,0.058331502601504326
01416,small-vehicle,scale_prior,176,78,128,0,304,254,0.5789473684210527,0.6929133858267716,0.6308243727598566,10,1.210290901362896,0.045291030779480934
01416,small-vehicle,matched,178,78,126,0,304,256,0.5855263157894737,0.6953125,0.6357142857142857,10,1.3161967061460018,0.04581800103187561
01416,small-vehicle,dense_1024,294,130,10,0,304,424,0.9671052631578947,0.6933962264150944,0.8076923076923077,24,3.04603286460042,0.08921781368553638
01416,small-vehicle,dense_both,298,187,6,0,304,485,0.9802631578947368,0.6144329896907217,0.7553865652724968,115,14.377895832061768,0.13563753850758076
01417,airplane,prompt,38,15,74,1,112,54,0.3392857142857143,0.7169811320754716,0.46060606060606063,10,1.6683682538568974,0.011194819584488869
01417,airplane,full,33,19,79,2,112,54,0.29464285714285715,0.6346153846153846,0.4024390243902439,10,1.5015584453940392,0.011400887742638588
01417,airplane,scale_prior,49,14,63,2,112,65,0.4375,0.7777777777777778,0.56,10,1.3157406579703093,0.015881480649113655
01417,airplane,matched,41,16,71,2,112,59,0.36607142857142855,0.7192982456140351,0.48520710059171596,10,1.5174018386751413,0.012853365391492844
01417,airplane,dense_1024,59,21,53,2,112,82,0.5267857142857143,0.7375,0.6145833333333334,24,3.0549665577709675,0.021701078861951828
01417,airplane,dense_both,79,70,33,3,112,152,0.7053571428571429,0.5302013422818792,0.6053639846743295,115,15.128110287711024,0.039305418729782104
01417,large-vehicle,prompt,0,0,1,0,1,0,0.0,0.0,0.0,10,1.533972017467022,4.632771015167236e-05
01417,large-vehicle,full,0,4,1,0,1,4,0.0,0.0,0.0,10,1.2096130046993494,0.000576438382267952
01417,large-vehicle,scale_prior,0,3,1,0,1,3,0.0,0.0,0.0,10,1.3086321037262678,0.0003770701587200165
01417,large-vehicle,matched,0,3,1,0,1,3,0.0,0.0,0.0,10,1.2155115995556116,0.0004581306129693985
01417,large-vehicle,dense_1024,0,6,1,0,1,6,0.0,0.0,0.0,24,3.0549665577709675,0.0010426361113786697
01417,large-vehicle,dense_both,0,6,1,0,1,6,0.0,0.0,0.0,115,15.128110287711024,0.0011065229773521423
01417,small-vehicle,prompt,19,54,340,0,359,73,0.052924791086350974,0.2602739726027397,0.08796296296296297,10,1.6302345544099808,0.011200523003935814
01417,small-vehicle,full,3,38,356,0,359,41,0.008356545961002786,0.07317073170731707,0.015,10,1.4892324320971966,0.005898293107748032
01417,small-vehicle,scale_prior,15,51,344,0,359,66,0.04178272980501393,0.22727272727272727,0.07058823529411765,10,1.3314442317932844,0.00998636707663536
01417,small-vehicle,matched,3,45,356,0,359,48,0.008356545961002786,0.0625,0.014742014742014743,10,1.338664311915636,0.006518138572573662
01417,small-vehicle,dense_1024,6,118,353,0,359,124,0.016713091922005572,0.04838709677419355,0.024844720496894408,24,3.0549665577709675,0.020284703001379967
01417,small-vehicle,dense_both,120,522,239,0,359,642,0.3342618384401114,0.18691588785046728,0.23976023976023977,115,15.128110287711024,0.11884139105677605
01417,storage-tank,prompt,1,3,4,2,5,6,0.2,0.25,0.2222222222222222,10,1.324671059846878,0.0009840261191129684
01417,storage-tank,full,1,4,4,2,5,7,0.2,0.2,0.2,10,1.230600880458951,0.001095592975616455
01417,storage-tank,scale_prior,1,4,4,2,5,7,0.2,0.2,0.2,10,1.117314975708723,0.0010896194726228714
01417,storage-tank,matched,1,4,4,2,5,7,0.2,0.2,0.2,10,1.2313998080790043,0.0010931510478258133
01417,storage-tank,dense_1024,4,3,1,2,5,9,0.8,0.5714285714285714,0.6666666666666666,24,3.0549665577709675,0.0017558503895998001
01417,storage-tank,dense_both,4,12,1,2,5,18,0.8,0.25,0.38095238095238093,115,15.128110287711024,0.003523619845509529
01417,swimming-pool,prompt,16,76,49,1,65,93,0.24615384615384617,0.17391304347826086,0.20382165605095542,10,1.3193132933229208,0.016972308978438377
01417,swimming-pool,full,17,30,48,1,65,48,0.26153846153846155,0.3617021276595745,0.30357142857142855,10,1.2407004218548536,0.007752452045679092
01417,swimming-pool,scale_prior,17,30,48,1,65,48,0.26153846153846155,0.3617021276595745,0.30357142857142855,10,1.2451468873769045,0.007698550820350647
01417,swimming-pool,matched,17,30,48,1,65,48,0.26153846153846155,0.3617021276595745,0.30357142857142855,10,1.242444384843111,0.007936278358101845
01417,swimming-pool,dense_1024,18,17,47,1,65,36,0.27692307692307694,0.5142857142857142,0.36,24,3.0549665577709675,0.006421219557523727
01417,swimming-pool,dense_both,31,175,34,1,65,207,0.47692307692307695,0.15048543689320387,0.22878228782287824,115,15.128110287711024,0.03986077383160591
01418,storage-tank,prompt,17,41,20,0,37,58,0.4594594594594595,0.29310344827586204,0.35789473684210527,10,1.5078094862401485,0.010371243581175804
01418,storage-tank,full,21,25,16,0,37,46,0.5675675675675675,0.45652173913043476,0.5060240963855421,10,1.3156033083796501,0.009521882981061935
01418,storage-tank,scale_prior,21,36,16,0,37,57,0.5675675675675675,0.3684210526315789,0.44680851063829785,10,1.3129140883684158,0.010920263826847076
01418,storage-tank,matched,21,26,16,0,37,47,0.5675675675675675,0.44680851063829785,0.5,10,1.4268677793443203,0.009739451110363007
01418,storage-tank,dense_1024,35,61,2,0,37,96,0.9459459459459459,0.3645833333333333,0.5263157894736842,30,3.8380329217761755,0.01977652870118618
01418,storage-tank,dense_both,37,123,0,0,37,160,1.0,0.23125,0.3756345177664975,160,20.32084538601339,0.03858599066734314
01419,airplane,prompt,37,15,29,0,66,52,0.5606060606060606,0.7115384615384616,0.6271186440677966,10,1.5102327428758144,0.01102306880056858
01419,airplane,full,52,21,14,1,66,74,0.7878787878787878,0.7123287671232876,0.7482014388489209,10,1.2974906340241432,0.016628826037049294
01419,airplane,scale_prior,52,21,14,1,66,74,0.7878787878787878,0.7123287671232876,0.7482014388489209,10,1.4016494452953339,0.016621295362710953
01419,airplane,matched,52,21,14,1,66,74,0.7878787878787878,0.7123287671232876,0.7482014388489209,10,1.4016494452953339,0.016526486724615097
01419,airplane,dense_1024,57,33,9,1,66,91,0.8636363636363636,0.6333333333333333,0.7307692307692307,24,2.8950014133006334,0.023802094161510468
01419,airplane,dense_both,56,48,10,1,66,105,0.8484848484848485,0.5384615384615384,0.6588235294117647,115,14.160325953736901,0.032838938757777214
01419,storage-tank,prompt,5,3,9,0,14,8,0.35714285714285715,0.625,0.45454545454545453,10,1.0828491784632206,0.0015045665204524994
01419,storage-tank,full,0,6,14,0,14,6,0.0,0.0,0.0,10,1.1880588959902525,0.0008340682834386826
01419,storage-tank,scale_prior,0,6,14,0,14,6,0.0,0.0,0.0,10,1.2865938525646925,0.0008385907858610153
01419,storage-tank,matched,0,6,14,0,14,6,0.0,0.0,0.0,10,1.2865938525646925,0.0008272211998701096
01419,storage-tank,dense_1024,8,8,6,0,14,16,0.5714285714285714,0.5,0.5333333333333333,24,2.8950014133006334,0.0036032088100910187
01419,storage-tank,dense_both,14,33,0,0,14,47,1.0,0.2978723404255319,0.45901639344262296,115,14.160325953736901,0.009272603318095207
01424,ship,prompt,37,9,54,0,91,46,0.4065934065934066,0.8043478260869565,0.5401459854014599,10,1.100064368918538,0.008686821907758713
01424,ship,full,77,11,14,0,91,88,0.8461538461538461,0.875,0.8603351955307262,10,1.1967065129429102,0.015291588380932808
01424,ship,scale_prior,41,2,50,0,91,43,0.45054945054945056,0.9534883720930233,0.6119402985074627,10,1.2108500581234694,0.007769916206598282
01424,ship,matched,41,2,50,0,91,43,0.45054945054945056,0.9534883720930233,0.6119402985074627,10,1.2108500581234694,0.007715774700045586
01424,ship,dense_1024,90,13,1,0,91,103,0.989010989010989,0.8737864077669902,0.9278350515463918,24,2.8943894654512405,0.019953979179263115
01424,ship,dense_both,90,23,1,0,91,113,0.989010989010989,0.7964601769911505,0.8823529411764706,115,14.119619734585285,0.033629242330789566
01425,airplane,prompt,15,0,0,0,15,15,1.0,1.0,1.0,10,1.571417398750782,0.0028039291501045227
01425,airplane,full,14,2,1,0,15,16,0.9333333333333333,0.875,0.9032258064516129,10,1.259875688701868,0.003911791369318962
01425,airplane,scale_prior,14,2,1,0,15,16,0.9333333333333333,0.875,0.9032258064516129,10,1.2228360399603844,0.0037397369742393494
01425,airplane,matched,14,2,1,0,15,16,0.9333333333333333,0.875,0.9032258064516129,10,1.2590321097522974,0.0037009045481681824
01425,airplane,dense_1024,14,4,1,0,15,18,0.9333333333333333,0.7777777777777778,0.8484848484848485,24,3.0472577903419733,0.003998655825853348
01425,airplane,dense_both,15,10,0,0,15,25,1.0,0.6,0.75,115,15.827798042446375,0.006148364394903183
01425,large-vehicle,prompt,1,14,3,0,4,15,0.25,0.06666666666666667,0.10526315789473684,10,1.193535938858986,0.0016590431332588196
01425,large-vehicle,full,2,24,2,0,4,26,0.5,0.07692307692307693,0.13333333333333333,10,1.2978173419833183,0.0035971086472272873
01425,large-vehicle,scale_prior,2,24,2,0,4,26,0.5,0.07692307692307693,0.13333333333333333,10,1.2468234691768885,0.0037304088473320007
01425,large-vehicle,matched,2,22,2,0,4,24,0.5,0.08333333333333333,0.14285714285714285,10,1.1719217877835035,0.003535216674208641
01425,large-vehicle,dense_1024,2,27,2,0,4,29,0.5,0.06896551724137931,0.12121212121212122,24,3.0472577903419733,0.004175290465354919
01425,large-vehicle,dense_both,3,34,1,0,4,37,0.75,0.08108108108108109,0.14634146341463414,115,15.827798042446375,0.006225721910595894
01425,small-vehicle,prompt,71,104,305,0,376,175,0.18882978723404256,0.4057142857142857,0.2577132486388385,10,1.3927172478288412,0.026225358247756958
01425,small-vehicle,full,53,152,323,0,376,205,0.14095744680851063,0.25853658536585367,0.18244406196213425,10,1.3475976139307022,0.034535616636276245
01425,small-vehicle,scale_prior,49,136,327,0,376,185,0.13031914893617022,0.2648648648648649,0.1746880570409982,10,1.364739054813981,0.02897702157497406
01425,small-vehicle,matched,49,136,327,0,376,185,0.13031914893617022,0.2648648648648649,0.1746880570409982,10,1.364739054813981,0.028878509998321533
01425,small-vehicle,dense_1024,34,190,342,0,376,224,0.09042553191489362,0.15178571428571427,0.11333333333333333,24,3.0472577903419733,0.04433126002550125
01425,small-vehicle,dense_both,330,485,46,0,376,815,0.8776595744680851,0.4049079754601227,0.5541561712846348,115,15.827798042446375,0.16548863798379898
01425,swimming-pool,prompt,40,13,27,0,67,53,0.5970149253731343,0.7547169811320755,0.6666666666666666,10,1.2585776206105947,0.008240833878517151
01425,swimming-pool,full,48,16,19,0,67,64,0.7164179104477612,0.75,0.732824427480916,10,1.3096840102225542,0.011976933106780052
01425,swimming-pool,scale_prior,48,16,19,0,67,64,0.7164179104477612,0.75,0.732824427480916,10,1.3096840102225542,0.012113546952605247
01425,swimming-pool,matched,48,16,19,0,67,64,0.7164179104477612,0.75,0.732824427480916,10,1.3096840102225542,0.011951407417654991
01425,swimming-pool,dense_1024,56,22,11,0,67,78,0.835820895522388,0.717948717948718,0.7724137931034483,24,3.0472577903419733,0.014330724254250526
01425,swimming-pool,dense_both,60,28,7,0,67,88,0.8955223880597015,0.6818181818181818,0.7741935483870968,115,15.827798042446375,0.02288239635527134
01427,airplane,prompt,7,2,4,0,11,9,0.6363636363636364,0.7777777777777778,0.7,10,1.545638371258974,0.0015607625246047974
01427,airplane,full,10,1,1,0,11,11,0.9090909090909091,0.9090909090909091,0.9090909090909091,10,1.551196375861764,0.0030971430242061615
01427,airplane,scale_prior,10,1,1,0,11,11,0.9090909090909091,0.9090909090909091,0.9090909090909091,10,1.4590240679681301,0.0025138556957244873
01427,airplane,matched,10,1,1,0,11,11,0.9090909090909091,0.9090909090909091,0.9090909090909091,10,1.4590240679681301,0.002500006929039955
01427,airplane,dense_1024,10,2,1,0,11,12,0.9090909090909091,0.8333333333333334,0.8695652173913043,24,3.2112873140722513,0.0031706802546977997
01427,airplane,dense_both,10,4,1,0,11,14,0.9090909090909091,0.7142857142857143,0.8,115,14.846493138000369,0.0051625315099954605
01427,small-vehicle,prompt,5,5,5,0,10,10,0.5,0.5,0.5,10,1.2123139034956694,0.001953599974513054
01427,small-vehicle,full,0,4,10,0,10,4,0.0,0.0,0.0,10,1.582336077466607,0.0005089119076728821
01427,small-vehicle,scale_prior,0,5,10,0,10,5,0.0,0.0,0.0,10,1.4825315438210964,0.0007068011909723282
01427,small-vehicle,matched,0,4,10,0,10,4,0.0,0.0,0.0,10,1.4859040901064873,0.00045039132237434387
01427,small-vehicle,dense_1024,3,15,7,0,10,18,0.3,0.16666666666666666,0.21428571428571427,24,3.2112873140722513,0.002845063805580139
01427,small-vehicle,dense_both,7,24,3,0,10,31,0.7,0.22580645161290322,0.34146341463414637,115,14.846493138000369,0.0068194810301065445
01430,airplane,prompt,2,9,16,0,18,11,0.1111111111111111,0.18181818181818182,0.13793103448275862,10,1.6689444985240698,0.0032305680215358734
01430,airplane,full,2,8,16,0,18,10,0.1111111111111111,0.2,0.14285714285714285,10,1.4684328213334084,0.0030249711126089096
01430,airplane,scale_prior,1,8,17,0,18,9,0.05555555555555555,0.1111111111111111,0.07407407407407407,10,1.5854033958166838,0.0018703993409872055
01430,airplane,matched,2,8,16,0,18,10,0.1111111111111111,0.2,0.14285714285714285,10,1.4684328213334084,0.0030475594103336334
01430,airplane,dense_1024,2,8,16,0,18,10,0.1111111111111111,0.2,0.14285714285714285,24,3.392943784594536,0.0021088682115077972
01430,airplane,dense_both,4,12,14,0,18,16,0.2222222222222222,0.25,0.23529411764705882,108,16.10237366706133,0.003927938640117645
01430,large-vehicle,prompt,0,2,2,0,2,2,0.0,0.0,0.0,10,1.5900361221283674,0.00025832466781139374
01430,large-vehicle,full,0,27,2,0,2,27,0.0,0.0,0.0,10,1.596869571134448,0.0037936605513095856
01430,large-vehicle,scale_prior,0,26,2,0,2,26,0.0,0.0,0.0,10,1.5069018993526697,0.0038307644426822662
01430,large-vehicle,matched,0,23,2,0,2,23,0.0,0.0,0.0,10,1.609149619936943,0.003025112673640251
01430,large-vehicle,dense_1024,0,44,2,0,2,44,0.0,0.0,0.0,24,3.392943784594536,0.007197469472885132
01430,large-vehicle,dense_both,0,52,2,0,2,52,0.0,0.0,0.0,108,16.10237366706133,0.00867374986410141
01430,small-vehicle,prompt,10,63,104,0,114,73,0.08771929824561403,0.136986301369863,0.10695187165775401,10,1.5082977302372456,0.010857082903385162
01430,small-vehicle,full,0,48,114,0,114,48,0.0,0.0,0.0,10,1.603959346190095,0.007367430254817009
01430,small-vehicle,scale_prior,8,72,106,0,114,80,0.07017543859649122,0.1,0.08247422680412371,10,1.5046432632952929,0.012722710147500038
01430,small-vehicle,matched,0,53,114,0,114,53,0.0,0.0,0.0,10,1.5114473104476929,0.008507823571562767
01430,small-vehicle,dense_1024,1,132,113,0,114,133,0.008771929824561403,0.007518796992481203,0.008097165991902834,24,3.392943784594536,0.022305607795715332
01430,small-vehicle,dense_both,62,516,52,0,114,578,0.543859649122807,0.10726643598615918,0.1791907514450867,108,16.10237366706133,0.1180704366415739
01430,storage-tank,prompt,1,1,0,1,1,3,1.0,0.5,0.6666666666666666,10,1.2952284645289183,0.0008004717528820038
01430,storage-tank,full,1,0,0,1,1,2,1.0,1.0,1.0,10,1.305596623569727,0.0007111486047506332
01430,storage-tank,scale_prior,1,0,0,1,1,2,1.0,1.0,1.0,10,1.312971718609333,0.000619158148765564
01430,storage-tank,matched,1,0,0,1,1,2,1.0,1.0,1.0,10,1.3056373577564955,0.0006161089986562729
01430,storage-tank,dense_1024,1,4,0,1,1,6,1.0,0.2,0.3333333333333333,24,3.392943784594536,0.0012348741292953491
01430,storage-tank,dense_both,1,6,0,1,1,8,1.0,0.14285714285714285,0.25,108,16.10237366706133,0.0021388549357652664
01435,airplane,prompt,4,6,15,0,19,10,0.21052631578947367,0.4,0.27586206896551724,10,1.3093930631875992,0.0015403851866722107
01435,airplane,full,10,8,9,0,19,18,0.5263157894736842,0.5555555555555556,0.5405405405405406,10,1.3096564169973135,0.002945736050605774
01435,airplane,scale_prior,10,7,9,0,19,17,0.5263157894736842,0.5882352941176471,0.5555555555555556,10,1.2094189915806055,0.0029800720512866974
01435,airplane,matched,10,7,9,0,19,17,0.5263157894736842,0.5882352941176471,0.5555555555555556,10,1.2094189915806055,0.0029747318476438522
01435,airplane,dense_1024,10,8,9,0,19,18,0.5263157894736842,0.5555555555555556,0.5405405405405406,24,3.147232137620449,0.0031314529478549957
01435,airplane,dense_both,12,14,7,0,19,26,0.631578947368421,0.46153846153846156,0.5333333333333333,115,14.755925701931119,0.005694271996617317
01435,storage-tank,prompt,7,0,15,0,22,7,0.3181818181818182,1.0,0.4827586206896552,10,1.1026269793510437,0.0016594268381595612
01435,storage-tank,full,8,0,14,0,22,8,0.36363636363636365,1.0,0.5333333333333333,10,1.3179250862449408,0.0015817079693078995
01435,storage-tank,scale_prior,8,0,14,0,22,8,0.36363636363636365,1.0,0.5333333333333333,10,1.3227105047553778,0.0016351193189620972
01435,storage-tank,matched,8,0,14,0,22,8,0.36363636363636365,1.0,0.5333333333333333,10,1.3197513744235039,0.0017630606889724731
01435,storage-tank,dense_1024,8,3,14,0,22,11,0.36363636363636365,0.7272727272727273,0.48484848484848486,24,3.147232137620449,0.0020440705120563507
01435,storage-tank,dense_both,9,6,13,0,22,15,0.4090909090909091,0.6,0.4864864864864865,115,14.755925701931119,0.0035243798047304153
01440,large-vehicle,prompt,0,7,1,0,1,7,0.0,0.0,0.0,10,1.2822096925228834,0.0009327493607997894
01440,large-vehicle,full,1,11,0,0,1,12,1.0,0.08333333333333333,0.15384615384615385,10,1.4668301828205585,0.0016838256269693375
01440,large-vehicle,scale_prior,1,9,0,0,1,10,1.0,0.1,0.18181818181818182,10,1.257822446525097,0.0012195240706205368
01440,large-vehicle,matched,1,12,0,0,1,13,1.0,0.07692307692307693,0.14285714285714285,10,1.368987550958991,0.0016027484089136124
01440,large-vehicle,dense_1024,1,18,0,0,1,19,1.0,0.05263157894736842,0.1,24,3.2849954403936863,0.002863289788365364
01440,large-vehicle,dense_both,1,32,0,0,1,33,1.0,0.030303030303030304,0.058823529411764705,115,16.12207468599081,0.00516645610332489
01440,small-vehicle,prompt,52,42,227,0,279,94,0.1863799283154122,0.5531914893617021,0.27882037533512066,10,1.3792622815817595,0.014507792890071869
01440,small-vehicle,full,145,63,134,0,279,208,0.5197132616487455,0.6971153846153846,0.5954825462012321,10,1.463196948170662,0.03641780652105808
01440,small-vehicle,scale_prior,127,64,152,0,279,191,0.4551971326164875,0.6649214659685864,0.5404255319148936,10,1.4723257031291723,0.029621656984090805
01440,small-vehicle,matched,142,65,137,0,279,207,0.5089605734767025,0.6859903381642513,0.5843621399176955,10,1.3635289501398802,0.03414965607225895
01440,small-vehicle,dense_1024,269,131,10,0,279,400,0.96415770609319,0.6725,0.792341678939617,24,3.2849954403936863,0.07606936618685722
01440,small-vehicle,dense_both,274,263,5,0,279,537,0.982078853046595,0.5102420856610801,0.6715686274509803,115,16.12207468599081,0.12188335321843624
01440,swimming-pool,prompt,49,24,171,1,220,74,0.22272727272727272,0.6712328767123288,0.33447098976109213,10,1.1664684228599072,0.011329498142004013
01440,swimming-pool,full,126,39,94,2,220,167,0.5727272727272728,0.7636363636363637,0.6545454545454545,10,1.4620971959084272,0.02678055129945278
01440,swimming-pool,scale_prior,117,35,103,1,220,153,0.5318181818181819,0.7697368421052632,0.6290322580645161,10,1.3582252860069275,0.024860456585884094
01440,swimming-pool,matched,117,35,103,1,220,153,0.5318181818181819,0.7697368421052632,0.6290322580645161,10,1.3582252860069275,0.024865375831723213
01440,swimming-pool,dense_1024,212,72,8,5,220,289,0.9636363636363636,0.7464788732394366,0.8412698412698413,24,3.2849954403936863,0.059183863922953606
01440,swimming-pool,dense_both,212,108,8,6,220,326,0.9636363636363636,0.6625,0.7851851851851852,115,16.12207468599081,0.08920967392623425
01443,airplane,prompt,7,0,0,0,7,7,1.0,1.0,1.0,10,1.2957622706890106,0.002427324652671814
01443,airplane,full,7,0,0,0,7,7,1.0,1.0,1.0,10,1.2933281939476728,0.002659264951944351
01443,airplane,scale_prior,7,0,0,0,7,7,1.0,1.0,1.0,10,1.1931378226727247,0.0022955238819122314
01443,airplane,matched,7,0,0,0,7,7,1.0,1.0,1.0,10,1.3956945966929197,0.0023169592022895813
01443,airplane,dense_1024,7,0,0,0,7,7,1.0,1.0,1.0,24,2.994044031947851,0.0020415224134922028
01443,airplane,dense_both,7,1,0,0,7,8,1.0,0.875,0.9333333333333333,115,14.529213761910796,0.0028411224484443665
01444,storage-tank,prompt,9,1,1,0,10,10,0.9,0.9,0.9,10,1.317130833864212,0.0017085745930671692
01444,storage-tank,full,9,1,1,0,10,10,0.9,0.9,0.9,10,1.4186070077121258,0.0022869035601615906
01444,storage-tank,scale_prior,9,1,1,0,10,10,0.9,0.9,0.9,10,1.4134679194539785,0.0016281865537166595
01444,storage-tank,matched,9,1,1,0,10,10,0.9,0.9,0.9,10,1.4169018771499395,0.0016554463654756546
01444,storage-tank,dense_1024,9,1,1,0,10,10,0.9,0.9,0.9,24,3.5267922561615705,0.002289131283760071
01444,storage-tank,dense_both,9,2,1,0,10,11,0.9,0.8181818181818182,0.8571428571428571,128,19.065741926431656,0.0028999503701925278
01447,large-vehicle,prompt,3,17,4,0,7,20,0.42857142857142855,0.15,0.2222222222222222,10,1.19974534958601,0.0023004859685897827
01447,large-vehicle,full,3,19,4,0,7,22,0.42857142857142855,0.13636363636363635,0.20689655172413793,10,1.2007183283567429,0.003263680264353752
01447,large-vehicle,scale_prior,4,26,3,0,7,30,0.5714285714285714,0.13333333333333333,0.21621621621621623,10,1.300795191898942,0.004143012687563896
01447,large-vehicle,matched,3,20,4,0,7,23,0.42857142857142855,0.13043478260869565,0.2,10,1.2003586031496525,0.003565492108464241
01447,large-vehicle,dense_1024,5,58,2,0,7,63,0.7142857142857143,0.07936507936507936,0.14285714285714285,24,3.017665971070528,0.00962863303720951
01447,large-vehicle,dense_both,6,104,1,0,7,110,0.8571428571428571,0.05454545454545454,0.10256410256410256,115,14.28669199347496,0.01791400834918022
01447,ship,prompt,0,5,1,0,1,5,0.0,0.0,0.0,10,1.2091685365885496,0.0005142316222190857
01447,ship,full,0,27,1,0,1,27,0.0,0.0,0.0,10,1.2066081408411264,0.0031607504934072495
01447,ship,scale_prior,1,44,0,0,1,45,1.0,0.022222222222222223,0.043478260869565216,10,1.3130328990519047,0.005052406340837479
01447,ship,matched,1,34,0,0,1,35,1.0,0.02857142857142857,0.05555555555555555,10,1.2071262262761593,0.003982800990343094
01447,ship,dense_1024,1,90,0,0,1,91,1.0,0.01098901098901099,0.021739130434782608,24,3.017665971070528,0.012757178395986557
01447,ship,dense_both,1,112,0,0,1,113,1.0,0.008849557522123894,0.017543859649122806,115,14.28669199347496,0.017914865165948868
01447,small-vehicle,prompt,88,20,322,0,410,108,0.2146341463414634,0.8148148148148148,0.33976833976833976,10,1.2051730677485466,0.02101697400212288
01447,small-vehicle,full,164,83,246,0,410,247,0.4,0.6639676113360324,0.4992389649923896,10,1.3033560682088137,0.049447281286120415
01447,small-vehicle,scale_prior,127,50,283,0,410,177,0.3097560975609756,0.7175141242937854,0.43270868824531517,10,1.295235613361001,0.0385067630559206
01447,small-vehicle,matched,213,90,197,0,410,303,0.5195121951219512,0.7029702970297029,0.5974754558204769,10,1.401504684239626,0.05686967447400093
01447,small-vehicle,dense_1024,340,190,70,0,410,530,0.8292682926829268,0.6415094339622641,0.723404255319149,24,3.017665971070528,0.11296591721475124
01447,small-vehicle,dense_both,320,373,90,0,410,693,0.7804878048780488,0.46176046176046176,0.5802357207615594,115,14.28669199347496,0.18158503994345665
01447,swimming-pool,prompt,9,5,7,0,16,14,0.5625,0.6428571428571429,0.6,10,1.2973835114389658,0.0023067500442266464
01447,swimming-pool,full,12,8,4,0,16,20,0.75,0.6,0.6666666666666666,10,1.3000928182154894,0.0032978635281324387
01447,swimming-pool,scale_prior,10,11,6,0,16,21,0.625,0.47619047619047616,0.5405405405405406,10,1.205753592774272,0.0034741051495075226
01447,swimming-pool,matched,10,11,6,0,16,21,0.625,0.47619047619047616,0.5405405405405406,10,1.205753592774272,0.003476535901427269
01447,swimming-pool,dense_1024,14,23,2,0,16,37,0.875,0.3783783783783784,0.5283018867924528,24,3.017665971070528,0.006564171984791756
01447,swimming-pool,dense_both,15,36,1,0,16,51,0.9375,0.29411764705882354,0.44776119402985076,115,14.28669199347496,0.011368747800588608
01449,large-vehicle,prompt,8,107,39,0,47,115,0.1702127659574468,0.06956521739130435,0.09876543209876543,10,1.5337345022708178,0.013264745473861694
01449,large-vehicle,full,10,100,37,0,47,110,0.2127659574468085,0.09090909090909091,0.12738853503184713,10,1.6596700325608253,0.013881046324968338
01449,large-vehicle,scale_prior,8,126,39,0,47,134,0.1702127659574468,0.05970149253731343,0.08839779005524862,10,1.5631219651550055,0.01623000018298626
01449,large-vehicle,matched,8,126,39,0,47,134,0.1702127659574468,0.05970149253731343,0.08839779005524862,10,1.5631219651550055,0.016165900975465775
01449,large-vehicle,dense_1024,33,189,14,0,47,222,0.7021276595744681,0.14864864864864866,0.24535315985130113,24,3.7231815699487925,0.03408825770020485
01449,large-vehicle,dense_both,40,346,7,0,47,386,0.851063829787234,0.10362694300518134,0.18475750577367206,115,17.47597553394735,0.07934602722525597
01449,small-vehicle,prompt,156,68,225,0,381,224,0.4094488188976378,0.6964285714285714,0.515702479338843,10,1.5463871471583843,0.037083717063069344
01449,small-vehicle,full,188,124,193,0,381,312,0.49343832020997375,0.6025641025641025,0.5425685425685426,10,1.6631817631423473,0.05591009743511677
01449,small-vehicle,scale_prior,195,115,186,0,381,310,0.5118110236220472,0.6290322580645161,0.5643994211287988,10,1.6677186843007803,0.056114671751856804
01449,small-vehicle,matched,195,118,186,0,381,313,0.5118110236220472,0.6230031948881789,0.5619596541786743,10,1.663653714582324,0.055794427171349525
01449,small-vehicle,dense_1024,298,229,83,0,381,527,0.7821522309711286,0.5654648956356736,0.6563876651982379,24,3.7231815699487925,0.10192218609154224
01449,small-vehicle,dense_both,351,440,30,0,381,791,0.9212598425196851,0.44374209860935526,0.5989761092150171,115,17.47597553394735,0.1822173148393631
01450,storage-tank,prompt,0,0,3,0,3,0,0.0,0.0,0.0,10,1.1092014033347368,4.461407661437988e-05
01450,storage-tank,full,0,0,3,0,3,0,0.0,0.0,0.0,10,1.208833485841751,3.936700522899628e-05
01450,storage-tank,scale_prior,0,0,3,0,3,0,0.0,0.0,0.0,10,1.2140454817563295,2.6013702154159546e-05
01450,storage-tank,matched,0,0,3,0,3,0,0.0,0.0,0.0,10,1.1099845618009567,2.3456290364265442e-05
01450,storage-tank,dense_1024,0,0,3,0,3,0,0.0,0.0,0.0,24,3.147227069362998,2.282857894897461e-05
01450,storage-tank,dense_both,0,0,3,0,3,0,0.0,0.0,0.0,128,16.4882795792073,2.269260585308075e-05
01451,airplane,prompt,3,2,22,4,25,9,0.12,0.6,0.2,10,1.3993728030472994,0.0018310919404029846
01451,airplane,full,13,10,12,2,25,25,0.52,0.5652173913043478,0.5416666666666666,10,1.511538790538907,0.004451792687177658
01451,airplane,scale_prior,10,5,15,1,25,16,0.4,0.6666666666666666,0.5,10,1.6214555613696575,0.002955351024866104
01451,airplane,matched,13,6,12,3,25,22,0.52,0.6842105263157895,0.5909090909090909,10,1.6152124349027872,0.003817332908511162
01451,airplane,dense_1024,18,21,7,4,25,43,0.72,0.46153846153846156,0.5625,24,3.5276699420064688,0.008510176092386246
01451,airplane,dense_both,20,24,5,4,25,48,0.8,0.45454545454545453,0.5797101449275363,115,17.10406982153654,0.011433247476816177
01451,storage-tank,prompt,0,6,11,0,11,6,0.0,0.0,0.0,10,1.2251843567937613,0.0007904022932052612
01451,storage-tank,full,0,2,11,0,11,2,0.0,0.0,0.0,10,1.5300149247050285,0.00047742389142513275
01451,storage-tank,scale_prior,0,2,11,0,11,2,0.0,0.0,0.0,10,1.5295113138854504,0.00045510753989219666
01451,storage-tank,matched,0,2,11,0,11,2,0.0,0.0,0.0,10,1.5295113138854504,0.0004671122878789902
01451,storage-tank,dense_1024,9,9,2,0,11,18,0.8181818181818182,0.5,0.6206896551724138,24,3.5276699420064688,0.0025383438915014267
01451,storage-tank,dense_both,11,17,0,0,11,28,1.0,0.39285714285714285,0.5641025641025641,115,17.10406982153654,0.005106892436742783
01454,airplane,prompt,3,0,9,0,12,3,0.25,1.0,0.4,10,1.2164267841726542,0.0007580090314149857
01454,airplane,full,3,0,9,0,12,3,0.25,1.0,0.4,10,1.2209863774478436,0.0007480848580598831
01454,airplane,scale_prior,3,0,9,0,12,3,0.25,1.0,0.4,10,1.2131973002105951,0.0007340423762798309
01454,airplane,matched,3,0,9,0,12,3,0.25,1.0,0.4,10,1.2188180591911077,0.0007337406277656555
01454,airplane,dense_1024,11,1,1,0,12,12,0.9166666666666666,0.9166666666666666,0.9166666666666666,24,3.0246874503791332,0.003252575173974037
01454,airplane,dense_both,11,6,1,0,12,17,0.9166666666666666,0.6470588235294118,0.7586206896551724,115,14.744667697697878,0.004656435921788216
01455,large-vehicle,prompt,1,9,1,0,2,10,0.5,0.1,0.16666666666666666,10,1.5535055976361036,0.0013503320515155792
01455,large-vehicle,full,2,19,0,1,2,22,1.0,0.09523809523809523,0.17391304347826086,10,1.448582373559475,0.0026364829391241074
01455,large-vehicle,scale_prior,2,26,0,1,2,29,1.0,0.07142857142857142,0.13333333333333333,10,1.4340396039187908,0.0036141201853752136
01455,large-vehicle,matched,2,24,0,1,2,27,1.0,0.07692307692307693,0.14285714285714285,10,1.450725857168436,0.0030470099300146103
01455,large-vehicle,dense_1024,2,44,0,2,2,48,1.0,0.043478260869565216,0.08333333333333333,24,3.536999488249421,0.00694434717297554
01455,large-vehicle,dense_both,2,72,0,2,2,76,1.0,0.02702702702702703,0.05263157894736842,115,17.030782835558057,0.012652458623051643
01455,small-vehicle,prompt,69,145,143,0,212,214,0.32547169811320753,0.32242990654205606,0.323943661971831,10,1.6452451404184103,0.03215046972036362
01455,small-vehicle,full,72,169,140,0,212,241,0.33962264150943394,0.2987551867219917,0.31788079470198677,10,1.4453174751251936,0.037799032405018806
01455,small-vehicle,scale_prior,117,189,95,0,212,306,0.5518867924528302,0.38235294117647056,0.4517374517374517,10,1.438954945653677,0.04503964073956013
01455,small-vehicle,matched,91,162,121,0,212,253,0.42924528301886794,0.35968379446640314,0.3913978494623656,10,1.441387353464961,0.038646817207336426
01455,small-vehicle,dense_1024,199,279,13,0,212,478,0.9386792452830188,0.41631799163179917,0.5768115942028985,24,3.536999488249421,0.0765636321157217
01455,small-vehicle,dense_both,210,609,2,2,212,821,0.9905660377358491,0.2564102564102564,0.4073714839961203,115,17.030782835558057,0.15521211549639702
01455,storage-tank,prompt,134,17,62,0,196,151,0.6836734693877551,0.8874172185430463,0.7723342939481268,10,1.4190749172121286,0.040230799466371536
01455,storage-tank,full,148,17,48,0,196,165,0.7551020408163265,0.896969696969697,0.8199445983379502,10,1.6056173238903284,0.04739511199295521
01455,storage-tank,scale_prior,129,14,67,0,196,143,0.6581632653061225,0.9020979020979021,0.7610619469026548,10,1.6231013350188732,0.030570099130272865
01455,storage-tank,matched,136,19,60,0,196,155,0.6938775510204082,0.8774193548387097,0.7749287749287749,10,1.5058325324207544,0.042504625394940376
01455,storage-tank,dense_1024,128,9,68,0,196,137,0.6530612244897959,0.9343065693430657,0.7687687687687688,24,3.536999488249421,0.028745124116539955
01455,storage-tank,dense_both,150,25,46,0,196,175,0.7653061224489796,0.8571428571428571,0.8086253369272237,115,17.030782835558057,0.05616549961268902
01455,swimming-pool,prompt,30,12,34,0,64,42,0.46875,0.7142857142857143,0.5660377358490566,10,1.4077171422541142,0.006870202720165253
01455,swimming-pool,full,46,23,18,0,64,69,0.71875,0.6666666666666666,0.6917293233082706,10,1.509625056758523,0.011904986575245857
01455,swimming-pool,scale_prior,42,25,22,0,64,67,0.65625,0.6268656716417911,0.6412213740458015,10,1.5141578670591116,0.010886900126934052
01455,swimming-pool,matched,42,25,22,0,64,67,0.65625,0.6268656716417911,0.6412213740458015,10,1.5141578670591116,0.010887855663895607
01455,swimming-pool,dense_1024,57,35,7,0,64,92,0.890625,0.6195652173913043,0.7307692307692307,24,3.536999488249421,0.016671286895871162
01455,swimming-pool,dense_both,57,52,7,0,64,109,0.890625,0.5229357798165137,0.6589595375722543,115,17.030782835558057,0.02628113143146038
01457,airplane,prompt,20,6,10,0,30,26,0.6666666666666666,0.7692307692307693,0.7142857142857143,10,1.210863744840026,0.004848262295126915
01457,airplane,full,19,7,11,0,30,26,0.6333333333333333,0.7307692307692307,0.6785714285714286,10,1.3097035270184278,0.004911074414849281
01457,airplane,scale_prior,19,7,11,0,30,26,0.6333333333333333,0.7307692307692307,0.6785714285714286,10,1.3136617708951235,0.004285560920834541
01457,airplane,matched,19,6,11,0,30,25,0.6333333333333333,0.76,0.6909090909090909,10,1.2121031787246466,0.004278851673007011
01457,airplane,dense_1024,18,9,12,0,30,27,0.6,0.6666666666666666,0.631578947368421,24,3.037487158551812,0.005281142890453339
01457,airplane,dense_both,23,13,7,0,30,36,0.7666666666666667,0.6388888888888888,0.696969696969697,115,14.792128510773182,0.008866775780916214
01457,storage-tank,prompt,0,1,6,0,6,1,0.0,0.0,0.0,10,1.3126535546034575,0.00017483346164226532
01457,storage-tank,full,5,2,1,0,6,7,0.8333333333333334,0.7142857142857143,0.7692307692307693,10,1.2216413915157318,0.0011237040162086487
01457,storage-tank,scale_prior,5,3,1,0,6,8,0.8333333333333334,0.625,0.7142857142857143,10,1.2195866461843252,0.0012813638895750046
01457,storage-tank,matched,5,3,1,0,6,8,0.8333333333333334,0.625,0.7142857142857143,10,1.2163898348808289,0.0012667924165725708
01457,storage-tank,dense_1024,5,3,1,0,6,8,0.8333333333333334,0.625,0.7142857142857143,24,3.037487158551812,0.0014184117317199707
01457,storage-tank,dense_both,6,10,0,0,6,16,1.0,0.375,0.5454545454545454,115,14.792128510773182,0.0033386405557394028
01458,airplane,prompt,3,0,0,0,3,3,1.0,1.0,1.0,10,1.6568721365183592,0.0007269605994224548
01458,airplane,full,3,0,0,0,3,3,1.0,1.0,1.0,10,1.663482015952468,0.0009286999702453613
01458,airplane,scale_prior,3,3,0,0,3,6,1.0,0.5,0.6666666666666666,10,1.6585582699626684,0.0014977753162384033
01458,airplane,matched,3,0,0,0,3,3,1.0,1.0,1.0,10,1.5590556617826223,0.0009203590452671051
01458,airplane,dense_1024,3,5,0,0,3,8,1.0,0.375,0.5454545454545454,24,3.674210723489523,0.0017207488417625427
01458,airplane,dense_both,3,12,0,0,3,15,1.0,0.2,0.3333333333333333,115,17.156978387385607,0.0031280796974897385
01458,storage-tank,prompt,1,2,26,0,27,3,0.037037037037037035,0.3333333333333333,0.06666666666666667,10,1.31440831720829,0.0005223751068115234
01458,storage-tank,full,25,14,2,0,27,39,0.9259259259259259,0.6410256410256411,0.7575757575757576,10,1.5137949828058481,0.007287399843335152
01458,storage-tank,scale_prior,25,14,2,0,27,39,0.9259259259259259,0.6410256410256411,0.7575757575757576,10,1.4197843335568905,0.007258785888552666
01458,storage-tank,matched,25,14,2,0,27,39,0.9259259259259259,0.6410256410256411,0.7575757575757576,10,1.4314168635755777,0.0070602018386125565
01458,storage-tank,dense_1024,25,15,2,0,27,40,0.9259259259259259,0.625,0.746268656716418,24,3.674210723489523,0.007367746904492378
01458,storage-tank,dense_both,25,24,2,0,27,49,0.9259259259259259,0.5102040816326531,0.6578947368421053,115,17.156978387385607,0.010516341775655746
01461,large-vehicle,prompt,12,34,4,0,16,46,0.75,0.2608695652173913,0.3870967741935484,10,1.1924162656068802,0.006706748157739639
01461,large-vehicle,full,14,99,2,0,16,113,0.875,0.12389380530973451,0.21705426356589147,10,1.2093397732824087,0.01611579768359661
01461,large-vehicle,scale_prior,12,87,4,0,16,99,0.75,0.12121212121212122,0.20869565217391303,10,1.2072058152407408,0.014569269493222237
01461,large-vehicle,matched,12,87,4,0,16,99,0.75,0.12121212121212122,0.20869565217391303,10,1.3088805973529816,0.014982564374804497
01461,large-vehicle,dense_1024,15,152,1,0,16,167,0.9375,0.08982035928143713,0.16393442622950818,24,3.0287094227969646,0.025899937376379967
01461,large-vehicle,dense_both,15,209,1,0,16,224,0.9375,0.06696428571428571,0.125,115,13.851582024246454,0.04343018867075443
01461,ship,prompt,0,6,1,0,1,6,0.0,0.0,0.0,10,1.1932538338005543,0.0006159432232379913
01461,ship,full,0,22,1,0,1,22,0.0,0.0,0.0,10,1.21060686185956,0.0025580208748579025
01461,ship,scale_prior,0,21,1,0,1,21,0.0,0.0,0.0,10,1.3107286747545004,0.0024028103798627853
01461,ship,matched,0,21,1,0,1,21,0.0,0.0,0.0,10,1.3107286747545004,0.0023809056729078293
01461,ship,dense_1024,1,37,0,0,1,38,1.0,0.02631578947368421,0.05128205128205128,24,3.0287094227969646,0.005005205050110817
01461,ship,dense_both,1,43,0,0,1,44,1.0,0.022727272727272728,0.044444444444444446,115,13.851582024246454,0.005887169390916824
01461,small-vehicle,prompt,133,62,747,0,880,195,0.15113636363636362,0.6820512820512821,0.2474418604651163,10,1.0875118728727102,0.0326653216034174
01461,small-vehicle,full,423,115,457,0,880,538,0.48068181818181815,0.7862453531598513,0.5966149506346967,10,1.3073962107300758,0.10350065305829048
01461,small-vehicle,scale_prior,449,124,431,0,880,573,0.5102272727272728,0.7835951134380453,0.6180316586373021,10,1.3076456226408482,0.11566871218383312
01461,small-vehicle,matched,449,124,431,0,880,573,0.5102272727272728,0.7835951134380453,0.6180316586373021,10,1.3076456226408482,0.11435560882091522
01461,small-vehicle,dense_1024,807,266,73,0,880,1073,0.9170454545454545,0.7520969245107176,0.82642089093702,24,3.0287094227969646,0.2482849322259426
01461,small-vehicle,dense_both,866,500,14,0,880,1366,0.9840909090909091,0.6339677891654466,0.7711487088156723,115,13.851582024246454,0.39646488055586815
01461,swimming-pool,prompt,1,11,0,0,1,12,1.0,0.08333333333333333,0.15384615384615385,10,1.0754551850259304,0.001621229574084282
01461,swimming-pool,full,0,19,1,0,1,19,0.0,0.0,0.0,10,1.2088279593735933,0.002394547685980797
01461,swimming-pool,scale_prior,0,16,1,0,1,16,0.0,0.0,0.0,10,1.3056720420718193,0.0020237788558006287
01461,swimming-pool,matched,0,16,1,0,1,16,0.0,0.0,0.0,10,1.3056720420718193,0.0020353682339191437
01461,swimming-pool,dense_1024,1,24,0,0,1,25,1.0,0.04,0.07692307692307693,24,3.0287094227969646,0.003277735784649849
01461,swimming-pool,dense_both,1,37,0,0,1,38,1.0,0.02631578947368421,0.05128205128205128,115,13.851582024246454,0.006221223622560501
01463,airplane,prompt,2,1,5,1,7,4,0.2857142857142857,0.6666666666666666,0.4,10,1.3517049830406904,0.0011985283344984055
01463,airplane,full,2,4,5,1,7,7,0.2857142857142857,0.3333333333333333,0.3076923076923077,10,1.3581614680588245,0.0017439350485801697
01463,airplane,scale_prior,2,4,5,1,7,7,0.2857142857142857,0.3333333333333333,0.3076923076923077,10,1.362498639151454,0.0017612744122743607
01463,airplane,matched,2,4,5,1,7,7,0.2857142857142857,0.3333333333333333,0.3076923076923077,10,1.3639487903565168,0.001598099246621132
01463,airplane,dense_1024,1,5,6,1,7,7,0.14285714285714285,0.16666666666666666,0.15384615384615385,24,3.4599057473242283,0.0017212405800819397
01463,airplane,dense_both,3,5,4,1,7,9,0.42857142857142855,0.375,0.4,115,16.558676030486822,0.0027361754328012466
01463,large-vehicle,prompt,0,5,12,1,12,6,0.0,0.0,0.0,10,1.4663993306457996,0.0008082743734121323
01463,large-vehicle,full,1,9,11,1,12,11,0.08333333333333333,0.1,0.09090909090909091,10,1.3660536278039217,0.0016472004354000092
01463,large-vehicle,scale_prior,1,8,11,1,12,10,0.08333333333333333,0.1111111111111111,0.09523809523809523,10,1.3713630326092243,0.001523297280073166
01463,large-vehicle,matched,1,9,11,1,12,11,0.08333333333333333,0.1,0.09090909090909091,10,1.3660536278039217,0.0016282852739095688
01463,large-vehicle,dense_1024,1,8,11,1,12,10,0.08333333333333333,0.1111111111111111,0.09523809523809523,24,3.4599057473242283,0.0019254088401794434
01463,large-vehicle,dense_both,1,15,11,2,12,18,0.08333333333333333,0.0625,0.07142857142857142,115,16.558676030486822,0.003279315307736397
01463,storage-tank,prompt,2,2,0,0,2,4,1.0,0.5,0.6666666666666666,10,1.662090227007866,0.0010658558458089828
01463,storage-tank,full,2,2,0,0,2,4,1.0,0.5,0.6666666666666666,10,1.5745138842612505,0.0010851472616195679
01463,storage-tank,scale_prior,2,2,0,0,2,4,1.0,0.5,0.6666666666666666,10,1.4785409662872553,0.0011069923639297485
01463,storage-tank,matched,2,2,0,0,2,4,1.0,0.5,0.6666666666666666,10,1.4755357448011637,0.0010712910443544388
01463,storage-tank,dense_1024,2,5,0,0,2,7,1.0,0.2857142857142857,0.4444444444444444,24,3.4599057473242283,0.0016971845179796219
01463,storage-tank,dense_both,2,14,0,0,2,16,1.0,0.125,0.2222222222222222,115,16.558676030486822,0.003652675077319145
01463,swimming-pool,prompt,0,21,6,1,6,22,0.0,0.0,0.0,10,1.4497487396001816,0.002613447606563568
01463,swimming-pool,full,0,6,6,1,6,7,0.0,0.0,0.0,10,1.4785803966224194,0.0010763835161924362
01463,swimming-pool,scale_prior,0,7,6,1,6,8,0.0,0.0,0.0,10,1.474872414022684,0.0010312031954526901
01463,swimming-pool,matched,0,7,6,1,6,8,0.0,0.0,0.0,10,1.474872414022684,0.0010076258331537247
01463,swimming-pool,dense_1024,1,10,5,1,6,12,0.16666666666666666,0.09090909090909091,0.11764705882352941,24,3.4599057473242283,0.001985020935535431
01463,swimming-pool,dense_both,0,57,6,1,6,58,0.0,0.0,0.0,115,16.558676030486822,0.011091994121670723
01464,airplane,prompt,10,1,3,1,13,12,0.7692307692307693,0.9090909090909091,0.8333333333333334,10,1.225244626402855,0.003123261034488678
01464,airplane,full,11,0,2,1,13,12,0.8461538461538461,1.0,0.9166666666666666,10,1.2169798221439123,0.003688843920826912
01464,airplane,scale_prior,11,0,2,1,13,12,0.8461538461538461,1.0,0.9166666666666666,10,1.2249626405537128,0.00333387590944767
01464,airplane,matched,11,0,2,1,13,12,0.8461538461538461,1.0,0.9166666666666666,10,1.2249626405537128,0.003308340907096863
01464,airplane,dense_1024,11,0,2,1,13,12,0.8461538461538461,1.0,0.9166666666666666,24,3.068890381604433,0.003770824521780014
01464,airplane,dense_both,12,1,1,1,13,14,0.9230769230769231,0.9230769230769231,0.9230769230769231,115,15.060347778722644,0.005015447735786438
01464,large-vehicle,prompt,0,3,9,1,9,4,0.0,0.0,0.0,10,1.3307118210941553,0.0007095281034708023
01464,large-vehicle,full,0,10,9,1,9,11,0.0,0.0,0.0,10,1.216695686802268,0.0017246454954147339
01464,large-vehicle,scale_prior,0,8,9,1,9,9,0.0,0.0,0.0,10,1.1215973030775785,0.0014373157173395157
01464,large-vehicle,matched,0,8,9,1,9,9,0.0,0.0,0.0,10,1.1245928592979908,0.0014477819204330444
01464,large-vehicle,dense_1024,0,12,9,1,9,13,0.0,0.0,0.0,24,3.068890381604433,0.0020150095224380493
01464,large-vehicle,dense_both,1,19,8,1,9,21,0.1111111111111111,0.05,0.06896551724137931,115,15.060347778722644,0.003734951838850975
01464,small-vehicle,prompt,2,31,6,0,8,33,0.25,0.06060606060606061,0.0975609756097561,10,1.1461704913526773,0.005007404834032059
01464,small-vehicle,full,0,18,8,0,8,18,0.0,0.0,0.0,10,1.2175800912082195,0.0024939626455307007
01464,small-vehicle,scale_prior,0,11,8,0,8,11,0.0,0.0,0.0,10,1.2295384127646685,0.001471586525440216
01464,small-vehicle,matched,0,11,8,0,8,11,0.0,0.0,0.0,10,1.2295384127646685,0.0015024375170469284
01464,small-vehicle,dense_1024,0,24,8,0,8,24,0.0,0.0,0.0,24,3.068890381604433,0.0032793059945106506
01464,small-vehicle,dense_both,3,185,5,11,8,199,0.375,0.015957446808510637,0.030612244897959183,115,15.060347778722644,0.03203402832150459
01468,small-vehicle,prompt,71,59,201,0,272,130,0.2610294117647059,0.5461538461538461,0.35323383084577115,10,1.1584692876785994,0.022380098700523376
01468,small-vehicle,full,166,114,106,3,272,283,0.6102941176470589,0.5928571428571429,0.6014492753623188,10,1.3691242840141058,0.04948942922055721
01468,small-vehicle,scale_prior,159,111,113,3,272,273,0.5845588235294118,0.5888888888888889,0.5867158671586716,10,1.2728919368237257,0.04612894542515278
01468,small-vehicle,matched,170,126,102,3,272,299,0.625,0.5743243243243243,0.5985915492957746,10,1.2650714199990034,0.05011085607111454
01468,small-vehicle,dense_1024,250,229,22,4,272,483,0.9191176470588235,0.5219206680584552,0.6657789613848203,24,3.329535372555256,0.09334566257894039
01468,small-vehicle,dense_both,249,345,23,4,272,598,0.9154411764705882,0.41919191919191917,0.5750577367205543,115,15.812908766791224,0.14614883065223694
01468,swimming-pool,prompt,38,9,66,0,104,47,0.36538461538461536,0.8085106382978723,0.5033112582781457,10,1.532531389966607,0.008032497018575668
01468,swimming-pool,full,59,13,45,0,104,72,0.5673076923076923,0.8194444444444444,0.6704545454545454,10,1.3435093145817518,0.01494891569018364
01468,swimming-pool,scale_prior,68,24,36,0,104,92,0.6538461538461539,0.7391304347826086,0.6938775510204082,10,1.3607182800769806,0.01651878096163273
01468,swimming-pool,matched,57,13,47,0,104,70,0.5480769230769231,0.8142857142857143,0.6551724137931034,10,1.3457013480365276,0.013582427054643631
01468,swimming-pool,dense_1024,102,50,2,2,104,154,0.9807692307692307,0.6710526315789473,0.796875,24,3.329535372555256,0.030028674751520157
01468,swimming-pool,dense_both,102,64,2,2,104,168,0.9807692307692307,0.6144578313253012,0.7555555555555555,115,15.812908766791224,0.04396677948534489
01470,airplane,prompt,9,2,0,0,9,11,1.0,0.8181818181818182,0.9,10,1.3173613753169775,0.0019700024276971817
01470,airplane,full,8,1,1,0,9,9,0.8888888888888888,0.8888888888888888,0.8888888888888888,10,1.2184377573430538,0.0017523989081382751
01470,airplane,scale_prior,7,1,2,0,9,8,0.7777777777777778,0.875,0.8235294117647058,10,1.2165770307183266,0.001368967816233635
01470,airplane,matched,7,1,2,0,9,8,0.7777777777777778,0.875,0.8235294117647058,10,1.2176949307322502,0.0013619158416986465
01470,airplane,dense_1024,8,1,1,0,9,9,0.8888888888888888,0.8888888888888888,0.8888888888888888,24,3.044563749805093,0.001742953434586525
01470,airplane,dense_both,9,7,0,0,9,16,1.0,0.5625,0.72,115,14.871272388845682,0.002936558797955513
01470,large-vehicle,prompt,0,3,1,0,1,3,0.0,0.0,0.0,10,1.5173247791826725,0.0005234815180301666
01470,large-vehicle,full,0,3,1,0,1,3,0.0,0.0,0.0,10,1.2222659010440111,0.0004979763180017471
01470,large-vehicle,scale_prior,0,3,1,0,1,3,0.0,0.0,0.0,10,1.3217189721763134,0.000357581302523613
01470,large-vehicle,matched,0,3,1,0,1,3,0.0,0.0,0.0,10,1.324418531730771,0.0003651157021522522
01470,large-vehicle,dense_1024,0,3,1,0,1,3,0.0,0.0,0.0,24,3.044563749805093,0.00034682266414165497
01470,large-vehicle,dense_both,1,4,0,0,1,5,1.0,0.2,0.3333333333333333,115,14.871272388845682,0.0008472148329019547
01470,small-vehicle,prompt,9,12,14,0,23,21,0.391304347826087,0.42857142857142855,0.4090909090909091,10,1.520269824191928,0.003293536603450775
01470,small-vehicle,full,9,13,14,0,23,22,0.391304347826087,0.4090909090909091,0.4,10,1.3271479737013578,0.004209481179714203
01470,small-vehicle,scale_prior,9,14,14,0,23,23,0.391304347826087,0.391304347826087,0.391304347826087,10,1.3221925217658281,0.0042987242341041565
01470,small-vehicle,matched,9,15,14,0,23,24,0.391304347826087,0.375,0.3829787234042553,10,1.3257851656526327,0.004433909431099892
01470,small-vehicle,dense_1024,9,32,14,0,23,41,0.391304347826087,0.21951219512195122,0.28125,24,3.044563749805093,0.007617024704813957
01470,small-vehicle,dense_both,22,55,1,0,23,77,0.9565217391304348,0.2857142857142857,0.44,115,14.871272388845682,0.01672794483602047
01472,airplane,prompt,2,7,0,0,2,9,1.0,0.2222222222222222,0.36363636363636365,10,1.5547678489238024,0.0013664346188306808
01472,airplane,full,2,8,0,0,2,10,1.0,0.2,0.3333333333333333,10,1.6548953019082546,0.0014118999242782593
01472,airplane,scale_prior,1,1,1,0,2,2,0.5,0.5,0.5,10,1.559540456160903,0.0005285274237394333
01472,airplane,matched,2,7,0,0,2,9,1.0,0.2222222222222222,0.36363636363636365,10,1.6566571071743965,0.0012915432453155518
01472,airplane,dense_1024,1,1,1,0,2,2,0.5,0.5,0.5,24,3.7667377162724733,0.00054134801030159
01472,airplane,dense_both,2,10,0,0,2,12,1.0,0.16666666666666666,0.2857142857142857,115,17.93865148164332,0.002165846526622772
01475,ship,prompt,1,2,6,1,7,4,0.14285714285714285,0.3333333333333333,0.2,10,1.3188638426363468,0.0007372554391622543
01475,ship,full,3,1,4,1,7,5,0.42857142857142855,0.75,0.5454545454545454,10,1.598980451002717,0.0010749958455562592
01475,ship,scale_prior,3,2,4,1,7,6,0.42857142857142855,0.6,0.5,10,1.273495577275753,0.0012039430439472198
01475,ship,matched,2,3,5,1,7,6,0.2857142857142857,0.4,0.3333333333333333,10,1.3187884390354156,0.000935794785618782
01475,ship,dense_1024,5,4,2,1,7,10,0.7142857142857143,0.5555555555555556,0.625,24,3.139940045773983,0.001830264925956726
01475,ship,dense_both,4,29,3,1,7,34,0.5714285714285714,0.12121212121212122,0.2,115,15.039218220859766,0.005579806864261627
01475,storage-tank,prompt,10,14,57,0,67,24,0.14925373134328357,0.4166666666666667,0.21978021978021978,10,1.2031224556267262,0.004394220188260078
01475,storage-tank,full,8,9,59,0,67,17,0.11940298507462686,0.47058823529411764,0.19047619047619047,10,1.362936345860362,0.002966204658150673
01475,storage-tank,scale_prior,13,12,54,0,67,25,0.19402985074626866,0.52,0.2826086956521739,10,1.2416950520128012,0.003958467394113541
01475,storage-tank,matched,13,12,54,0,67,25,0.19402985074626866,0.52,0.2826086956521739,10,1.2416950520128012,0.0039505623281002045
01475,storage-tank,dense_1024,39,28,28,0,67,67,0.582089552238806,0.582089552238806,0.582089552238806,24,3.139940045773983,0.01393461599946022
01475,storage-tank,dense_both,49,54,18,0,67,103,0.7313432835820896,0.47572815533980584,0.5764705882352941,115,15.039218220859766,0.02291679196059704
01479,storage-tank,prompt,26,7,11,0,37,33,0.7027027027027027,0.7878787878787878,0.7428571428571429,10,1.4441882465034723,0.005180312320590019
01479,storage-tank,full,33,8,4,0,37,41,0.8918918918918919,0.8048780487804879,0.8461538461538461,10,1.446617541834712,0.007306639105081558
01479,storage-tank,scale_prior,33,6,4,0,37,39,0.8918918918918919,0.8461538461538461,0.868421052631579,10,1.5521110966801643,0.006395250558853149
01479,storage-tank,matched,33,9,4,0,37,42,0.8918918918918919,0.7857142857142857,0.8354430379746836,10,1.5411596968770027,0.0073377229273319244
01479,storage-tank,dense_1024,35,9,2,0,37,44,0.9459459459459459,0.7954545454545454,0.8641975308641975,24,3.6187490057200193,0.007291961461305618
01479,storage-tank,dense_both,36,22,1,0,37,58,0.972972972972973,0.6206896551724138,0.7578947368421053,128,19.4737666901201,0.011330552399158478
01481,airplane,prompt,1,2,7,0,8,3,0.125,0.3333333333333333,0.18181818181818182,10,1.2310055326670408,0.0005814153701066971
01481,airplane,full,2,0,6,0,8,2,0.25,1.0,0.4,10,1.230347879230976,0.00046223588287830353
01481,airplane,scale_prior,2,0,6,0,8,2,0.25,1.0,0.4,10,1.3505409639328718,0.00045463256537914276
01481,airplane,matched,2,1,6,0,8,3,0.25,0.6666666666666666,0.36363636363636365,10,1.23275076597929,0.0005555357784032822
01481,airplane,dense_1024,6,1,2,0,8,7,0.75,0.8571428571428571,0.8,24,3.0647403951734304,0.0017327908426523209
01481,airplane,dense_both,8,8,0,0,8,16,1.0,0.5,0.6666666666666666,115,14.605688815936446,0.003383828327059746
01482,small-vehicle,prompt,57,57,105,0,162,114,0.35185185185185186,0.5,0.41304347826086957,10,1.5229135546833277,0.016367057338356972
01482,small-vehicle,full,90,98,72,0,162,188,0.5555555555555556,0.4787234042553192,0.5142857142857142,10,1.4316002521663904,0.028373679146170616
01482,small-vehicle,scale_prior,90,99,72,0,162,189,0.5555555555555556,0.47619047619047616,0.5128205128205128,10,1.4278567750006914,0.028195695951581
01482,small-vehicle,matched,90,99,72,0,162,189,0.5555555555555556,0.47619047619047616,0.5128205128205128,10,1.4278567750006914,0.028325265273451805
01482,small-vehicle,dense_1024,149,198,13,0,162,347,0.9197530864197531,0.42939481268011526,0.5854616895874263,24,3.5490624755620956,0.05693842098116875
01482,small-vehicle,dense_both,158,435,4,0,162,593,0.9753086419753086,0.26644182124789206,0.4185430463576159,115,17.10287532582879,0.1054067350924015
01482,swimming-pool,prompt,36,10,115,1,151,47,0.23841059602649006,0.782608695652174,0.36548223350253806,10,1.320166477933526,0.008159982040524483
01482,swimming-pool,full,63,16,88,3,151,82,0.41721854304635764,0.7974683544303798,0.5478260869565217,10,1.4245938882231712,0.014503717422485352
01482,swimming-pool,scale_prior,84,17,67,2,151,103,0.5562913907284768,0.8316831683168316,0.6666666666666666,10,1.423556948080659,0.016551343724131584
01482,swimming-pool,matched,84,17,67,2,151,103,0.5562913907284768,0.8316831683168316,0.6666666666666666,10,1.423556948080659,0.016294468194246292
01482,swimming-pool,dense_1024,145,29,6,5,151,179,0.9602649006622517,0.8333333333333334,0.8923076923076924,24,3.5490624755620956,0.03394478186964989
01482,swimming-pool,dense_both,145,56,6,5,151,206,0.9602649006622517,0.7213930348258707,0.8238636363636364,115,17.10287532582879,0.052401041612029076
01483,storage-tank,prompt,3,0,4,0,7,3,0.42857142857142855,1.0,0.6,10,1.3557505570352077,0.0009809769690036774
01483,storage-tank,full,3,0,4,0,7,3,0.42857142857142855,1.0,0.6,10,1.4458057396113873,0.0009333174675703049
01483,storage-tank,scale_prior,3,1,4,0,7,4,0.42857142857142855,0.75,0.5454545454545454,10,1.4520011749118567,0.0009817183017730713
01483,storage-tank,matched,3,1,4,0,7,4,0.42857142857142855,0.75,0.5454545454545454,10,1.3458771798759699,0.0010446179658174515
01483,storage-tank,dense_1024,7,5,0,0,7,12,1.0,0.5833333333333334,0.7368421052631579,24,3.2423744667321444,0.0019791405647993088
01483,storage-tank,dense_both,7,10,0,0,7,17,1.0,0.4117647058823529,0.5833333333333334,128,16.980998435989022,0.00376998633146286
01484,airplane,prompt,1,16,0,0,1,17,1.0,0.058823529411764705,0.1111111111111111,10,1.513229001313448,0.00244751013815403
01484,airplane,full,1,19,0,0,1,20,1.0,0.05,0.09523809523809523,10,1.304359283298254,0.002673054113984108
01484,airplane,scale_prior,1,16,0,0,1,17,1.0,0.058823529411764705,0.1111111111111111,10,1.4192173443734646,0.0025171637535095215
01484,airplane,matched,1,16,0,0,1,17,1.0,0.058823529411764705,0.1111111111111111,10,1.4192173443734646,0.0025137681514024734
01484,airplane,dense_1024,1,20,0,0,1,21,1.0,0.047619047619047616,0.09090909090909091,24,3.645845890045166,0.003140723332762718
01484,airplane,dense_both,1,24,0,0,1,25,1.0,0.04,0.07692307692307693,115,17.130483025684953,0.004654278978705406
01484,helicopter,prompt,0,0,10,0,10,0,0.0,0.0,0.0,10,1.628300305455923,5.208514630794525e-05
01484,helicopter,full,3,0,7,0,10,3,0.3,1.0,0.46153846153846156,10,1.6208355445414782,0.0006137993186712265
01484,helicopter,scale_prior,5,0,5,0,10,5,0.5,1.0,0.6666666666666666,10,1.5316420011222363,0.0008997842669487
01484,helicopter,matched,3,0,7,0,10,3,0.3,1.0,0.46153846153846156,10,1.5334365479648113,0.0005320645868778229
01484,helicopter,dense_1024,10,0,0,0,10,10,1.0,1.0,1.0,24,3.645845890045166,0.0027768146246671677
01484,helicopter,dense_both,10,7,0,0,10,17,1.0,0.5882352941176471,0.7407407407407407,115,17.130483025684953,0.004660166800022125
01484,large-vehicle,prompt,10,9,65,0,75,19,0.13333333333333333,0.5263157894736842,0.2127659574468085,10,1.3010119255632162,0.0027704909443855286
01484,large-vehicle,full,15,37,60,0,75,52,0.2,0.28846153846153844,0.23622047244094488,10,1.507090985774994,0.008837128058075905
01484,large-vehicle,scale_prior,15,23,60,0,75,38,0.2,0.39473684210526316,0.26548672566371684,10,1.5251067113131285,0.007082268595695496
01484,large-vehicle,matched,7,15,68,0,75,22,0.09333333333333334,0.3181818181818182,0.14432989690721648,10,1.4166808482259512,0.003825657069683075
01484,large-vehicle,dense_1024,15,40,60,0,75,55,0.2,0.2727272727272727,0.23076923076923078,24,3.645845890045166,0.009178681299090385
01484,large-vehicle,dense_both,24,53,51,0,75,77,0.32,0.3116883116883117,0.3157894736842105,115,17.130483025684953,0.013084210455417633
01484,small-vehicle,prompt,34,66,367,0,401,100,0.08478802992518704,0.34,0.13572854291417166,10,1.6236268933862448,0.015299119055271149
01484,small-vehicle,full,4,22,397,0,401,26,0.00997506234413965,0.15384615384615385,0.01873536299765808,10,1.6311587151139975,0.006519800052046776
01484,small-vehicle,scale_prior,0,5,401,0,401,5,0.0,0.0,0.0,10,1.6403832249343395,0.0014457087963819504
01484,small-vehicle,matched,0,4,401,0,401,4,0.0,0.0,0.0,10,1.6428741924464703,0.0013586394488811493
01484,small-vehicle,dense_1024,12,93,389,0,401,105,0.029925187032418952,0.11428571428571428,0.04743083003952569,24,3.645845890045166,0.024728059768676758
01484,small-vehicle,dense_both,343,243,58,0,401,586,0.8553615960099751,0.5853242320819113,0.6950354609929078,115,17.130483025684953,0.13204166293144226
01488,airplane,prompt,63,13,2,0,65,76,0.9692307692307692,0.8289473684210527,0.8936170212765957,10,1.3205888886004686,0.021167023107409477
01488,airplane,full,63,12,2,0,65,75,0.9692307692307692,0.84,0.9,10,1.3184092324227095,0.02319571003317833
01488,airplane,scale_prior,62,13,3,0,65,75,0.9538461538461539,0.8266666666666667,0.8857142857142857,10,1.1044582314789295,0.022620024159550667
01488,airplane,matched,63,12,2,0,65,75,0.9692307692307692,0.84,0.9,10,1.3184092324227095,0.02313614822924137
01488,airplane,dense_1024,57,12,8,0,65,69,0.8769230769230769,0.8260869565217391,0.8507462686567164,24,2.912541586905718,0.017942119389772415
01488,airplane,dense_both,64,20,1,0,65,84,0.9846153846153847,0.7619047619047619,0.8590604026845637,115,14.120558755472302,0.0249587781727314
01492,airplane,prompt,13,3,9,0,22,16,0.5909090909090909,0.8125,0.6842105263157895,10,1.5858434494584799,0.004107873886823654
01492,airplane,full,13,3,9,0,22,16,0.5909090909090909,0.8125,0.6842105263157895,10,1.3967755325138569,0.0037309397011995316
01492,airplane,scale_prior,12,2,10,0,22,14,0.5454545454545454,0.8571428571428571,0.6666666666666666,10,1.4972475413233042,0.0033761952072381973
01492,airplane,matched,12,2,10,0,22,14,0.5454545454545454,0.8571428571428571,0.6666666666666666,10,1.4972475413233042,0.0034004077315330505
01492,airplane,dense_1024,13,3,9,0,22,16,0.5909090909090909,0.8125,0.6842105263157895,24,3.491378102451563,0.0040733665227890015
01492,airplane,dense_both,14,8,8,0,22,22,0.6363636363636364,0.6363636363636364,0.6363636363636364,115,16.926831973716617,0.006237950176000595
01492,storage-tank,prompt,11,7,7,0,18,18,0.6111111111111112,0.6111111111111112,0.6111111111111112,10,1.3334165904670954,0.003653964027762413
01492,storage-tank,full,11,13,7,0,18,24,0.6111111111111112,0.4583333333333333,0.5238095238095238,10,1.6069629807025194,0.004499748349189758
01492,storage-tank,scale_prior,4,11,14,0,18,15,0.2222222222222222,0.26666666666666666,0.24242424242424243,10,1.5047056172043085,0.0021028686314821243
01492,storage-tank,matched,11,13,7,0,18,24,0.6111111111111112,0.4583333333333333,0.5238095238095238,10,1.6106707900762558,0.0044564139097929
01492,storage-tank,dense_1024,4,15,14,0,18,19,0.2222222222222222,0.21052631578947367,0.21621621621621623,24,3.491378102451563,0.0031533725559711456
01492,storage-tank,dense_both,11,27,7,0,18,38,0.6111111111111112,0.2894736842105263,0.39285714285714285,115,16.926831973716617,0.00728057324886322
01492,swimming-pool,prompt,1,0,0,0,1,1,1.0,1.0,1.0,10,1.3981908075511456,0.00028531067073345184
01492,swimming-pool,full,1,0,0,0,1,1,1.0,1.0,1.0,10,1.5875570680946112,0.0002022217959165573
01492,swimming-pool,scale_prior,1,0,0,0,1,1,1.0,1.0,1.0,10,1.602990709245205,0.0001932680606842041
01492,swimming-pool,matched,1,0,0,0,1,1,1.0,1.0,1.0,10,1.5984343886375427,0.0001903623342514038
01492,swimming-pool,dense_1024,1,0,0,0,1,1,1.0,1.0,1.0,24,3.491378102451563,0.00019699148833751678
01492,swimming-pool,dense_both,1,8,0,0,1,9,1.0,0.1111111111111111,0.2,115,16.926831973716617,0.001574154943227768
01494,airplane,prompt,33,2,4,1,37,36,0.8918918918918919,0.9428571428571428,0.9166666666666666,10,1.1010477412492037,0.009176131337881088
01494,airplane,full,23,0,14,1,37,24,0.6216216216216216,1.0,0.7666666666666667,10,1.1997665204107761,0.006166774779558182
01494,airplane,scale_prior,34,1,3,1,37,36,0.918918918918919,0.9714285714285714,0.9444444444444444,10,1.0928229037672281,0.009307598695158958
01494,airplane,matched,34,1,3,1,37,36,0.918918918918919,0.9714285714285714,0.9444444444444444,10,1.0928229037672281,0.009501220658421516
01494,airplane,dense_1024,34,1,3,1,37,36,0.918918918918919,0.9714285714285714,0.9444444444444444,24,3.0407960154116154,0.011133776977658272
01494,airplane,dense_both,36,12,1,1,37,49,0.972972972972973,0.75,0.8470588235294118,128,16.721293373033404,0.01569419912993908
01494,small-vehicle,prompt,8,8,33,0,41,16,0.1951219512195122,0.5,0.2807017543859649,10,1.1290823929011822,0.00308850035071373
01494,small-vehicle,full,9,5,32,0,41,14,0.21951219512195122,0.6428571428571429,0.32727272727272727,10,1.4174161069095135,0.003522038459777832
01494,small-vehicle,scale_prior,13,8,28,0,41,21,0.3170731707317073,0.6190476190476191,0.41935483870967744,10,1.3024742603302002,0.005764247849583626
01494,small-vehicle,matched,9,8,32,0,41,17,0.21951219512195122,0.5294117647058824,0.3103448275862069,10,1.412218315526843,0.004282690584659576
01494,small-vehicle,dense_1024,38,12,3,0,41,50,0.926829268292683,0.76,0.8351648351648352,24,3.0407960154116154,0.0119056086987257
01494,small-vehicle,dense_both,38,27,3,0,41,65,0.926829268292683,0.5846153846153846,0.7169811320754716,128,16.721293373033404,0.0174395814538002
01495,storage-tank,prompt,22,17,28,1,50,40,0.44,0.5641025641025641,0.4943820224719101,10,1.2752037905156612,0.007033355534076691
01495,storage-tank,full,43,10,7,1,50,54,0.86,0.8113207547169812,0.8349514563106796,10,1.2786027770489454,0.010017136111855507
01495,storage-tank,scale_prior,28,6,22,0,50,34,0.56,0.8235294117647058,0.6666666666666666,10,1.4847445357590914,0.004986118525266647
01495,storage-tank,matched,10,8,40,0,50,18,0.2,0.5555555555555556,0.29411764705882354,10,1.3789136298000813,0.002992723137140274
01495,storage-tank,dense_1024,45,8,5,1,50,54,0.9,0.8490566037735849,0.8737864077669902,24,3.368227692320943,0.009175624698400497
01495,storage-tank,dense_both,46,18,4,1,50,65,0.92,0.71875,0.8070175438596491,115,16.277572315186262,0.014719206839799881
01500,storage-tank,prompt,15,5,7,0,22,20,0.6818181818181818,0.75,0.7142857142857143,10,1.3543426785618067,0.0042194705456495285
01500,storage-tank,full,18,19,4,0,22,37,0.8181818181818182,0.4864864864864865,0.6101694915254238,10,1.3619074765592813,0.0069808438420295715
01500,storage-tank,scale_prior,17,14,5,0,22,31,0.7727272727272727,0.5483870967741935,0.6415094339622641,10,1.255903085693717,0.006045104935765266
01500,storage-tank,matched,17,9,5,0,22,26,0.7727272727272727,0.6538461538461539,0.7083333333333334,10,1.2574052568525076,0.005140738561749458
01500,storage-tank,dense_1024,22,43,0,0,22,65,1.0,0.3384615384615385,0.5057471264367817,24,3.2376479655504227,0.01287735253572464
01500,storage-tank,dense_both,22,91,0,0,22,113,1.0,0.19469026548672566,0.32592592592592595,115,15.409919004887342,0.021404201164841652
01502,airplane,prompt,1,0,17,0,18,1,0.05555555555555555,1.0,0.10526315789473684,10,1.5200468488037586,0.00029778294265270233
01502,airplane,full,6,2,12,0,18,8,0.3333333333333333,0.75,0.46153846153846156,10,1.5135542675852776,0.0017198212444782257
01502,airplane,scale_prior,1,0,17,0,18,1,0.05555555555555555,1.0,0.10526315789473684,10,1.521025838330388,0.00026229582726955414
01502,airplane,matched,1,0,17,0,18,1,0.05555555555555555,1.0,0.10526315789473684,10,1.521025838330388,0.00023747608065605164
01502,airplane,dense_1024,6,2,12,0,18,8,0.3333333333333333,0.75,0.46153846153846156,24,3.5265198200941086,0.0018237214535474777
01502,airplane,dense_both,13,2,5,0,18,15,0.7222222222222222,0.8666666666666667,0.7878787878787878,115,17.150570023804903,0.003843335434794426
01502,small-vehicle,prompt,0,5,65,0,65,5,0.0,0.0,0.0,10,1.723685009405017,0.0006948597729206085
01502,small-vehicle,full,2,17,63,0,65,19,0.03076923076923077,0.10526315789473684,0.047619047619047616,10,1.517202703282237,0.003168923780322075
01502,small-vehicle,scale_prior,2,14,63,0,65,16,0.03076923076923077,0.125,0.04938271604938271,10,1.628739096224308,0.0025073792785406113
01502,small-vehicle,matched,2,16,63,0,65,18,0.03076923076923077,0.1111111111111111,0.04819277108433735,10,1.5225715693086386,0.0030244197696447372
01502,small-vehicle,dense_1024,19,36,46,0,65,55,0.2923076923076923,0.34545454545454546,0.31666666666666665,24,3.5265198200941086,0.011257044970989227
01502,small-vehicle,dense_both,60,56,5,0,65,116,0.9230769230769231,0.5172413793103449,0.6629834254143646,115,17.150570023804903,0.027497241273522377
01508,storage-tank,prompt,10,2,6,0,16,12,0.625,0.8333333333333334,0.7142857142857143,10,1.4683516919612885,0.0021864045411348343
01508,storage-tank,full,14,4,2,0,16,18,0.875,0.7777777777777778,0.8235294117647058,10,1.4112313594669104,0.003855232149362564
01508,storage-tank,scale_prior,14,4,2,0,16,18,0.875,0.7777777777777778,0.8235294117647058,10,1.513700807467103,0.003836635500192642
01508,storage-tank,matched,14,4,2,0,16,18,0.875,0.7777777777777778,0.8235294117647058,10,1.513700807467103,0.003845788538455963
01508,storage-tank,dense_1024,14,5,2,0,16,19,0.875,0.7368421052631579,0.8,24,3.054407548159361,0.003538290038704872
01508,storage-tank,dense_both,14,5,2,0,16,19,0.875,0.7368421052631579,0.8,115,14.839871561154723,0.004528619349002838
01509,airplane,prompt,6,4,0,0,6,10,1.0,0.6,0.75,10,1.3784054201096296,0.002902727574110031
01509,airplane,full,6,1,0,0,6,7,1.0,0.8571428571428571,0.9230769230769231,10,1.3872818499803543,0.002458108589053154
01509,airplane,scale_prior,6,1,0,0,6,7,1.0,0.8571428571428571,0.9230769230769231,10,1.338955208659172,0.0019484199583530426
01509,airplane,matched,6,4,0,0,6,10,1.0,0.6,0.75,10,1.3900669049471617,0.002529272809624672
01509,airplane,dense_1024,6,4,0,0,6,10,1.0,0.6,0.75,24,3.5943669639527798,0.0020302124321460724
01509,airplane,dense_both,6,5,0,0,6,11,1.0,0.5454545454545454,0.7058823529411765,115,17.322608277201653,0.0032907798886299133
01509,large-vehicle,prompt,3,13,3,0,6,16,0.5,0.1875,0.2727272727272727,10,1.2967255357652903,0.002123551443219185
01509,large-vehicle,full,1,10,5,0,6,11,0.16666666666666666,0.09090909090909091,0.11764705882352941,10,1.542675169184804,0.0015243086963891983
01509,large-vehicle,scale_prior,3,7,3,0,6,10,0.5,0.3,0.375,10,1.4512667916715145,0.0013408977538347244
01509,large-vehicle,matched,3,7,3,0,6,10,0.5,0.3,0.375,10,1.4512667916715145,0.0013676304370164871
01509,large-vehicle,dense_1024,3,17,3,0,6,20,0.5,0.15,0.23076923076923078,24,3.5943669639527798,0.002773093059659004
01509,large-vehicle,dense_both,3,37,3,0,6,40,0.5,0.075,0.13043478260869565,115,17.322608277201653,0.006868720054626465
01509,small-vehicle,prompt,111,79,107,0,218,190,0.5091743119266054,0.5842105263157895,0.5441176470588235,10,1.3594399113208055,0.03607889637351036
01509,small-vehicle,full,22,42,196,0,218,64,0.10091743119266056,0.34375,0.15602836879432624,10,1.5743640828877687,0.011959148570895195
01509,small-vehicle,scale_prior,0,11,218,0,218,11,0.0,0.0,0.0,10,1.6795095317065716,0.001728767529129982
01509,small-vehicle,matched,0,11,218,0,218,11,0.0,0.0,0.0,10,1.6795095317065716,0.0016459319740533829
01509,small-vehicle,dense_1024,34,94,184,0,218,128,0.1559633027522936,0.265625,0.19653179190751446,24,3.5943669639527798,0.03062082827091217
01509,small-vehicle,dense_both,211,220,7,0,218,431,0.9678899082568807,0.4895591647331787,0.650231124807396,115,17.322608277201653,0.11716217547655106
01510,airplane,prompt,15,6,14,0,29,21,0.5172413793103449,0.7142857142857143,0.6,10,1.5259950887411833,0.004476612433791161
01510,airplane,full,18,7,11,0,29,25,0.6206896551724138,0.72,0.6666666666666666,10,1.6124568041414022,0.005383128300309181
01510,airplane,scale_prior,18,6,11,0,29,24,0.6206896551724138,0.75,0.6792452830188679,10,1.2959847562015057,0.005219468846917152
01510,airplane,matched,15,4,14,0,29,19,0.5172413793103449,0.7894736842105263,0.625,10,1.5169744063168764,0.004199199378490448
01510,airplane,dense_1024,18,15,11,0,29,33,0.6206896551724138,0.5454545454545454,0.5806451612903226,24,3.010216984897852,0.007046328857541084
01510,airplane,dense_both,22,19,7,0,29,41,0.7586206896551724,0.5365853658536586,0.6285714285714286,115,14.198878981173038,0.009789524599909782
01510,storage-tank,prompt,1,0,1,0,2,1,0.5,1.0,0.6666666666666666,10,1.2856327556073666,0.0004011634737253189
01510,storage-tank,full,2,0,0,0,2,2,1.0,1.0,1.0,10,1.195232555270195,0.0007236972451210022
01510,storage-tank,scale_prior,2,1,0,0,2,3,1.0,0.6666666666666666,0.8,10,1.3180243130773306,0.0008551850914955139
01510,storage-tank,matched,2,1,0,0,2,3,1.0,0.6666666666666666,0.8,10,1.3180243130773306,0.0008612722158432007
01510,storage-tank,dense_1024,2,1,0,0,2,3,1.0,0.6666666666666666,0.8,24,3.010216984897852,0.0009461063891649246
01510,storage-tank,dense_both,2,3,0,0,2,5,1.0,0.4,0.5714285714285714,115,14.198878981173038,0.0014607328921556473
01511,airplane,prompt,15,5,4,0,19,20,0.7894736842105263,0.75,0.7692307692307693,10,1.5675108842551708,0.005145823583006859
01511,airplane,full,15,5,4,0,19,20,0.7894736842105263,0.75,0.7692307692307693,10,1.5010781232267618,0.004905968904495239
01511,airplane,scale_prior,15,5,4,0,19,20,0.7894736842105263,0.75,0.7692307692307693,10,1.620422475039959,0.006385209038853645
01511,airplane,matched,15,5,4,0,19,20,0.7894736842105263,0.75,0.7692307692307693,10,1.507111296057701,0.00503065250813961
01511,airplane,dense_1024,15,5,4,0,19,20,0.7894736842105263,0.75,0.7692307692307693,24,3.629968948662281,0.0056830644607543945
01511,airplane,dense_both,17,4,2,0,19,21,0.8947368421052632,0.8095238095238095,0.85,115,17.28963557444513,0.006916020065546036
01511,storage-tank,prompt,6,2,0,0,6,8,1.0,0.75,0.8571428571428571,10,1.3255841210484505,0.0018200241029262543
01511,storage-tank,full,6,6,0,0,6,12,1.0,0.5,0.6666666666666666,10,1.5225342474877834,0.0018668361008167267
01511,storage-tank,scale_prior,6,6,0,0,6,12,1.0,0.5,0.6666666666666666,10,1.5275892484933138,0.001883823424577713
01511,storage-tank,matched,6,6,0,0,6,12,1.0,0.5,0.6666666666666666,10,1.5275892484933138,0.0018781181424856186
01511,storage-tank,dense_1024,6,7,0,0,6,13,1.0,0.46153846153846156,0.631578947368421,24,3.629968948662281,0.0020412541925907135
01511,storage-tank,dense_both,6,7,0,0,6,13,1.0,0.46153846153846156,0.631578947368421,115,17.28963557444513,0.002698298543691635
01512,airplane,prompt,16,5,5,0,21,21,0.7619047619047619,0.7619047619047619,0.7619047619047619,10,1.2300199996680021,0.006122186779975891
01512,airplane,full,16,5,5,0,21,21,0.7619047619047619,0.7619047619047619,0.7619047619047619,10,1.2217750363051891,0.007260411977767944
01512,airplane,scale_prior,12,7,9,0,21,19,0.5714285714285714,0.631578947368421,0.6,10,1.3307621702551842,0.006417412310838699
01512,airplane,matched,16,5,5,0,21,21,0.7619047619047619,0.7619047619047619,0.7619047619047619,10,1.226705975830555,0.0068876296281814575
01512,airplane,dense_1024,12,7,9,0,21,19,0.5714285714285714,0.631578947368421,0.6,24,3.043973732739687,0.006718534976243973
01512,airplane,dense_both,18,8,3,0,21,26,0.8571428571428571,0.6923076923076923,0.7659574468085106,115,14.301592998206615,0.009147075936198235
01517,airplane,prompt,9,2,2,0,11,11,0.8181818181818182,0.8181818181818182,0.8181818181818182,10,1.2421334031969309,0.0032806284725666046
01517,airplane,full,11,2,0,0,11,13,1.0,0.8461538461538461,0.9166666666666666,10,1.4469385482370853,0.003743346780538559
01517,airplane,scale_prior,11,3,0,0,11,14,1.0,0.7857142857142857,0.88,10,1.4418370444327593,0.004300223663449287
01517,airplane,matched,11,2,0,0,11,13,1.0,0.8461538461538461,0.9166666666666666,10,1.4445803668349981,0.0038692690432071686
01517,airplane,dense_1024,11,3,0,0,11,14,1.0,0.7857142857142857,0.88,24,3.396639322862029,0.004031458869576454
01517,airplane,dense_both,11,6,0,0,11,17,1.0,0.6470588235294118,0.7857142857142857,115,16.441792502999306,0.006145047023892403
01517,large-vehicle,prompt,0,2,6,0,6,2,0.0,0.0,0.0,10,1.162437591701746,0.00027320533990859985
01517,large-vehicle,full,4,14,2,0,6,18,0.6666666666666666,0.2222222222222222,0.3333333333333333,10,1.3674669153988361,0.0026336796581745148
01517,large-vehicle,scale_prior,4,8,2,0,6,12,0.6666666666666666,0.3333333333333333,0.4444444444444444,10,1.3632257096469402,0.002124447375535965
01517,large-vehicle,matched,4,15,2,0,6,19,0.6666666666666666,0.21052631578947367,0.32,10,1.4629815258085728,0.002866361290216446
01517,large-vehicle,dense_1024,5,127,1,0,6,132,0.8333333333333334,0.03787878787878788,0.07246376811594203,24,3.396639322862029,0.023973258212208748
01517,large-vehicle,dense_both,6,201,0,0,6,207,1.0,0.028985507246376812,0.056338028169014086,115,16.441792502999306,0.04915797710418701
01517,ship,prompt,0,8,1,0,1,8,0.0,0.0,0.0,10,1.4826282933354378,0.001066436991095543
01517,ship,full,0,8,1,0,1,8,0.0,0.0,0.0,10,1.3806534931063652,0.0011961273849010468
01517,ship,scale_prior,0,9,1,0,1,9,0.0,0.0,0.0,10,1.484999742358923,0.0011346247047185898
01517,ship,matched,0,9,1,0,1,9,0.0,0.0,0.0,10,1.4803546592593193,0.0011230483651161194
01517,ship,dense_1024,0,14,1,0,1,14,0.0,0.0,0.0,24,3.396639322862029,0.002112939953804016
01517,ship,dense_both,1,84,0,0,1,85,1.0,0.011764705882352941,0.023255813953488372,115,16.441792502999306,0.011351807042956352
01517,small-vehicle,prompt,42,88,240,0,282,130,0.14893617021276595,0.3230769230769231,0.20388349514563106,10,1.3635673709213734,0.018548231571912766
01517,small-vehicle,full,24,77,258,0,282,101,0.0851063829787234,0.2376237623762376,0.12532637075718014,10,1.3758414816111326,0.01587560959160328
01517,small-vehicle,scale_prior,24,81,258,0,282,105,0.0851063829787234,0.22857142857142856,0.12403100775193798,10,1.2782184053212404,0.01606619358062744
01517,small-vehicle,matched,24,83,258,0,282,107,0.0851063829787234,0.22429906542056074,0.12339331619537275,10,1.2785171624273062,0.016923148185014725
01517,small-vehicle,dense_1024,34,181,248,0,282,215,0.12056737588652482,0.15813953488372093,0.13682092555331993,24,3.396639322862029,0.04290756955742836
01517,small-vehicle,dense_both,243,798,39,0,282,1041,0.8617021276595744,0.2334293948126801,0.3673469387755102,115,16.441792502999306,0.2037892732769251
01521,airplane,prompt,26,12,6,1,32,39,0.8125,0.6842105263157895,0.7428571428571429,10,1.301291162148118,0.00795515812933445
01521,airplane,full,30,11,2,2,32,43,0.9375,0.7317073170731707,0.821917808219178,10,1.0687428340315819,0.009085794910788536
01521,airplane,scale_prior,23,9,9,1,32,33,0.71875,0.71875,0.71875,10,1.0785764623433352,0.0071224793791770935
01521,airplane,matched,23,9,9,1,32,33,0.71875,0.71875,0.71875,10,1.0785764623433352,0.007162267342209816
01521,airplane,dense_1024,32,13,0,2,32,47,1.0,0.7111111111111111,0.8311688311688312,24,2.9684876017272472,0.010853590443730354
01521,airplane,dense_both,32,22,0,2,32,56,1.0,0.5925925925925926,0.7441860465116279,115,14.183174023404717,0.01611648127436638
01521,storage-tank,prompt,0,0,4,0,4,0,0.0,0.0,0.0,10,1.0796120930463076,4.678778350353241e-05
01521,storage-tank,full,0,0,4,0,4,0,0.0,0.0,0.0,10,1.2941362913697958,3.3522024750709534e-05
01521,storage-tank,scale_prior,0,0,4,0,4,0,0.0,0.0,0.0,10,1.293814018368721,2.9765069484710693e-05
01521,storage-tank,matched,0,0,4,0,4,0,0.0,0.0,0.0,10,1.287848012521863,2.808496356010437e-05
01521,storage-tank,dense_1024,4,2,0,0,4,6,1.0,0.6666666666666666,0.8,24,2.9684876017272472,0.0014111511409282684
01521,storage-tank,dense_both,4,6,0,0,4,10,1.0,0.4,0.5714285714285714,115,14.183174023404717,0.002548111602663994
01525,airplane,prompt,81,7,47,2,128,90,0.6328125,0.9204545454545454,0.75,10,1.303491698578,0.015253029763698578
01525,airplane,full,111,19,17,2,128,132,0.8671875,0.8538461538461538,0.8604651162790697,10,1.511546727269888,0.030861005187034607
01525,airplane,scale_prior,92,15,36,2,128,109,0.71875,0.8598130841121495,0.7829787234042553,10,1.4364376422017813,0.019089888781309128
01525,airplane,matched,92,15,36,2,128,109,0.71875,0.8598130841121495,0.7829787234042553,10,1.4364376422017813,0.018878208473324776
01525,airplane,dense_1024,117,27,11,2,128,146,0.9140625,0.8125,0.8602941176470589,24,3.583293465897441,0.03424558788537979
01525,airplane,dense_both,122,30,6,3,128,155,0.953125,0.8026315789473685,0.8714285714285714,115,17.75014012493193,0.0444282665848732
01525,storage-tank,prompt,0,0,10,0,10,0,0.0,0.0,0.0,10,1.683313136920333,6.0675665736198425e-05
01525,storage-tank,full,4,1,6,0,10,5,0.4,0.8,0.5333333333333333,10,1.563906503841281,0.0007749311625957489
01525,storage-tank,scale_prior,4,1,6,0,10,5,0.4,0.8,0.5333333333333333,10,1.6759813521057367,0.0007792413234710693
01525,storage-tank,matched,4,1,6,0,10,5,0.4,0.8,0.5333333333333333,10,1.4716737046837807,0.0010189339518547058
01525,storage-tank,dense_1024,4,5,6,0,10,9,0.4,0.4444444444444444,0.42105263157894735,24,3.583293465897441,0.0017733331769704819
01525,storage-tank,dense_both,4,6,6,0,10,10,0.4,0.4,0.4,115,17.75014012493193,0.0020823925733566284
01529,storage-tank,prompt,9,1,0,0,9,10,1.0,0.9,0.9473684210526315,10,1.2005679849535227,0.0027042776346206665
01529,storage-tank,full,9,1,0,0,9,10,1.0,0.9,0.9473684210526315,10,1.4051422365009785,0.0024608690291643143
01529,storage-tank,scale_prior,9,2,0,0,9,11,1.0,0.8181818181818182,0.9,10,1.341207655146718,0.002169771119952202
01529,storage-tank,matched,9,2,0,0,9,11,1.0,0.8181818181818182,0.9,10,1.4011492747813463,0.002547774463891983
01529,storage-tank,dense_1024,9,2,0,0,9,11,1.0,0.8181818181818182,0.9,24,3.0992344208061695,0.0021354947239160538
01529,storage-tank,dense_both,9,3,0,0,9,12,1.0,0.75,0.8571428571428571,115,15.331574542447925,0.003170173615217209
01530,ship,prompt,1,1,0,0,1,2,1.0,0.5,0.6666666666666666,10,1.3948224764317274,0.0004012361168861389
01530,ship,full,0,0,1,0,1,0,0.0,0.0,0.0,10,1.3958094045519829,3.24789434671402e-05
01530,ship,scale_prior,1,2,0,0,1,3,1.0,0.3333333333333333,0.5,10,1.4933027885854244,0.00043313950300216675
01530,ship,matched,1,2,0,0,1,3,1.0,0.3333333333333333,0.5,10,1.4933027885854244,0.0003820005804300308
01530,ship,dense_1024,1,4,0,0,1,5,1.0,0.2,0.3333333333333333,24,3.4850602354854345,0.0009733717888593674
01530,ship,dense_both,1,15,0,0,1,16,1.0,0.0625,0.11764705882352941,115,16.60712187178433,0.003133099526166916
01530,storage-tank,prompt,0,0,19,0,19,0,0.0,0.0,0.0,10,1.4004453271627426,6.589479744434357e-05
01530,storage-tank,full,0,1,19,0,19,1,0.0,0.0,0.0,10,1.511232402175665,0.0001765415072441101
01530,storage-tank,scale_prior,0,1,19,0,19,1,0.0,0.0,0.0,10,1.50975445471704,0.00016738846898078918
01530,storage-tank,matched,0,1,19,0,19,1,0.0,0.0,0.0,10,1.609356066212058,0.00017263181507587433
01530,storage-tank,dense_1024,19,10,0,0,19,29,1.0,0.6551724137931034,0.7916666666666666,24,3.4850602354854345,0.00585993193089962
01530,storage-tank,dense_both,19,11,0,0,19,30,1.0,0.6333333333333333,0.7755102040816326,115,16.60712187178433,0.006875971332192421
01531,storage-tank,prompt,24,4,0,1,24,29,1.0,0.8571428571428571,0.9230769230769231,10,1.3300885204225779,0.00724133662879467
01531,storage-tank,full,24,5,0,1,24,30,1.0,0.8275862068965517,0.9056603773584906,10,1.4384219851344824,0.0065613072365522385
01531,storage-tank,scale_prior,24,6,0,1,24,31,1.0,0.8,0.8888888888888888,10,1.342009924352169,0.006601592525839806
01531,storage-tank,matched,24,6,0,1,24,31,1.0,0.8,0.8888888888888888,10,1.342009924352169,0.00655939057469368
01531,storage-tank,dense_1024,24,6,0,1,24,31,1.0,0.8,0.8888888888888888,24,3.201596859842539,0.0066269077360630035
01531,storage-tank,dense_both,24,8,0,1,24,33,1.0,0.75,0.8571428571428571,115,15.391492860391736,0.009253380820155144
01532,storage-tank,prompt,51,18,17,0,68,69,0.75,0.7391304347826086,0.7445255474452555,10,1.398199399933219,0.009794654324650764
01532,storage-tank,full,65,39,3,0,68,104,0.9558823529411765,0.625,0.7558139534883721,10,1.5203974805772305,0.02012796141207218
01532,storage-tank,scale_prior,56,24,12,0,68,80,0.8235294117647058,0.7,0.7567567567567568,10,1.5350543558597565,0.012322383001446724
01532,storage-tank,matched,56,24,12,0,68,80,0.8235294117647058,0.7,0.7567567567567568,10,1.5350543558597565,0.012602277100086212
01532,storage-tank,dense_1024,65,39,3,0,68,104,0.9558823529411765,0.625,0.7558139534883721,24,3.5860338862985373,0.019757907837629318
01532,storage-tank,dense_both,65,60,3,0,68,125,0.9558823529411765,0.52,0.6735751295336787,115,17.354416033253074,0.026746395975351334
01538,small-vehicle,prompt,91,60,253,0,344,151,0.26453488372093026,0.6026490066225165,0.36767676767676766,10,1.4294255822896957,0.024370577186346054
01538,small-vehicle,full,121,67,223,0,344,188,0.35174418604651164,0.6436170212765957,0.4548872180451128,10,1.5343843214213848,0.033689359202980995
01538,small-vehicle,scale_prior,107,60,237,0,344,167,0.311046511627907,0.6407185628742516,0.4187866927592955,10,1.4569080285727978,0.029988471418619156
01538,small-vehicle,matched,99,60,245,0,344,159,0.2877906976744186,0.6226415094339622,0.39363817097415504,10,1.43594591319561,0.028816647827625275
01538,small-vehicle,dense_1024,194,97,150,0,344,291,0.563953488372093,0.6666666666666666,0.6110236220472441,24,3.1039686035364866,0.0552876815199852
01538,small-vehicle,dense_both,289,347,55,0,344,636,0.8401162790697675,0.45440251572327045,0.5897959183673469,115,14.910897234454751,0.12855390831828117
01538,swimming-pool,prompt,45,42,140,0,185,87,0.24324324324324326,0.5172413793103449,0.33088235294117646,10,1.4186615087091923,0.013810668140649796
01538,swimming-pool,full,117,29,68,0,185,146,0.6324324324324324,0.8013698630136986,0.7069486404833837,10,1.3520560134202242,0.026387708261609077
01538,swimming-pool,scale_prior,83,30,102,0,185,113,0.4486486486486487,0.7345132743362832,0.5570469798657718,10,1.4612116813659668,0.01876048371195793
01538,swimming-pool,matched,103,25,82,0,185,128,0.5567567567567567,0.8046875,0.65814696485623,10,1.3613605070859194,0.021433347836136818
01538,swimming-pool,dense_1024,132,33,53,0,185,165,0.7135135135135136,0.8,0.7542857142857143,24,3.1039686035364866,0.03220491111278534
01538,swimming-pool,dense_both,138,102,47,0,185,240,0.745945945945946,0.575,0.6494117647058824,115,14.910897234454751,0.05866853892803192
01540,ship,prompt,0,45,1,16,1,61,0.0,0.0,0.0,10,1.5031314305961132,0.00983167253434658
01540,ship,full,0,68,1,17,1,85,0.0,0.0,0.0,10,1.3963269516825676,0.01649639941751957
01540,ship,scale_prior,0,57,1,18,1,75,0.0,0.0,0.0,10,1.289381630718708,0.012731440365314484
01540,ship,matched,0,59,1,17,1,76,0.0,0.0,0.0,10,1.2952544372528791,0.013284876942634583
01540,ship,dense_1024,0,87,1,18,1,105,0.0,0.0,0.0,24,3.532878676429391,0.023479221388697624
01540,ship,dense_both,1,157,0,20,1,178,1.0,0.006329113924050633,0.012578616352201259,115,17.40420193038881,0.039267292246222496
01540,storage-tank,prompt,63,47,45,0,108,110,0.5833333333333334,0.5727272727272728,0.5779816513761468,10,1.484785145148635,0.02152097411453724
01540,storage-tank,full,67,51,41,0,108,118,0.6203703703703703,0.5677966101694916,0.5929203539823009,10,1.280166745185852,0.025723643600940704
01540,storage-tank,scale_prior,67,33,41,0,108,100,0.6203703703703703,0.67,0.6442307692307693,10,1.2941519729793072,0.022803964093327522
01540,storage-tank,matched,67,51,41,0,108,118,0.6203703703703703,0.5677966101694916,0.5929203539823009,10,1.2897132523357868,0.024066047742962837
01540,storage-tank,dense_1024,92,47,16,0,108,139,0.8518518518518519,0.6618705035971223,0.7449392712550608,24,3.532878676429391,0.02872946299612522
01540,storage-tank,dense_both,102,91,6,0,108,193,0.9444444444444444,0.5284974093264249,0.6777408637873754,115,17.40420193038881,0.04594128392636776
01541,airplane,prompt,32,11,5,0,37,43,0.8648648648648649,0.7441860465116279,0.8,10,1.092455042526126,0.010736092925071716
01541,airplane,full,31,12,6,0,37,43,0.8378378378378378,0.7209302325581395,0.775,10,1.1758213564753532,0.012777335941791534
01541,airplane,scale_prior,33,26,4,0,37,59,0.8918918918918919,0.559322033898305,0.6875,10,1.3359899502247572,0.016742011532187462
01541,airplane,matched,31,12,6,0,37,43,0.8378378378378378,0.7209302325581395,0.775,10,1.0891011729836464,0.012071872130036354
01541,airplane,dense_1024,33,28,4,0,37,61,0.8918918918918919,0.5409836065573771,0.673469387755102,24,3.2603954784572124,0.016550306230783463
01541,airplane,dense_both,34,30,3,0,37,64,0.918918918918919,0.53125,0.6732673267326733,115,14.968273635953665,0.021651405841112137
01541,ship,prompt,9,35,35,0,44,44,0.20454545454545456,0.20454545454545456,0.20454545454545456,10,1.4726197700947523,0.009590383619070053
01541,ship,full,8,36,36,0,44,44,0.18181818181818182,0.18181818181818182,0.18181818181818182,10,1.3593359272927046,0.009656691923737526
01541,ship,scale_prior,8,36,36,0,44,44,0.18181818181818182,0.18181818181818182,0.18181818181818182,10,1.3620971273630857,0.009580830112099648
01541,ship,matched,8,36,36,0,44,44,0.18181818181818182,0.18181818181818182,0.18181818181818182,10,1.3620971273630857,0.009604725986719131
01541,ship,dense_1024,8,39,36,0,44,47,0.18181818181818182,0.1702127659574468,0.17582417582417584,24,3.2603954784572124,0.01012960635125637
01541,ship,dense_both,32,206,12,0,44,238,0.7272727272727273,0.13445378151260504,0.22695035460992907,115,14.968273635953665,0.0552227757871151
01541,storage-tank,prompt,4,1,3,0,7,5,0.5714285714285714,0.8,0.6666666666666666,10,1.4264278709888458,0.0007201600819826126
01541,storage-tank,full,2,4,5,0,7,6,0.2857142857142857,0.3333333333333333,0.3076923076923077,10,1.5137326288968325,0.0007138699293136597
01541,storage-tank,scale_prior,2,5,5,0,7,7,0.2857142857142857,0.2857142857142857,0.2857142857142857,10,1.4146409817039967,0.0007732175290584564
01541,storage-tank,matched,2,5,5,0,7,7,0.2857142857142857,0.2857142857142857,0.2857142857142857,10,1.4146409817039967,0.0007753893733024597
01541,storage-tank,dense_1024,7,9,0,0,7,16,1.0,0.4375,0.6086956521739131,24,3.2603954784572124,0.0028759874403476715
01541,storage-tank,dense_both,7,14,0,0,7,21,1.0,0.3333333333333333,0.5,115,14.968273635953665,0.004629258066415787
01541,swimming-pool,prompt,0,1,1,0,1,1,0.0,0.0,0.0,10,1.3840214759111404,0.00016730278730392456
01541,swimming-pool,full,0,3,1,0,1,3,0.0,0.0,0.0,10,1.2672090660780668,0.0004601702094078064
01541,swimming-pool,scale_prior,0,3,1,0,1,3,0.0,0.0,0.0,10,1.2184775695204735,0.0004553627222776413
01541,swimming-pool,matched,0,3,1,0,1,3,0.0,0.0,0.0,10,1.2186633851379156,0.0004539079964160919
01541,swimming-pool,dense_1024,0,4,1,0,1,4,0.0,0.0,0.0,24,3.2603954784572124,0.0006948839873075485
01541,swimming-pool,dense_both,0,17,1,0,1,17,0.0,0.0,0.0,115,14.968273635953665,0.0025343094021081924
01542,ship,prompt,246,137,575,1,821,384,0.29963459196102316,0.6422976501305483,0.40863787375415284,10,1.2422663513571024,0.07230629585683346
01542,ship,full,267,112,554,1,821,380,0.32521315468940315,0.7044854881266491,0.445,10,1.4862227775156498,0.08090943284332752
01542,ship,scale_prior,267,112,554,1,821,380,0.32521315468940315,0.7044854881266491,0.445,10,1.4862227775156498,0.08079207502305508
01542,ship,matched,267,112,554,1,821,380,0.32521315468940315,0.7044854881266491,0.445,10,1.4862227775156498,0.080631785094738
01542,ship,dense_1024,672,189,149,1,821,862,0.8185140073081608,0.7804878048780488,0.7990487514863258,24,3.3413064386695623,0.22246511094272137
01542,ship,dense_both,793,442,28,1,821,1236,0.9658952496954933,0.6421052631578947,0.7714007782101168,115,16.14913161471486,0.40181753411889076
01542,small-vehicle,prompt,98,161,307,0,405,259,0.2419753086419753,0.3783783783783784,0.29518072289156627,10,1.1259182877838612,0.039560142904520035
01542,small-vehicle,full,154,178,251,0,405,332,0.3802469135802469,0.463855421686747,0.417910447761194,10,1.2686540093272924,0.06247189827263355
01542,small-vehicle,scale_prior,198,188,207,0,405,386,0.4888888888888889,0.5129533678756477,0.5006321112515802,10,1.3616390991955996,0.06182088702917099
01542,small-vehicle,matched,199,175,206,0,405,374,0.49135802469135803,0.5320855614973262,0.5109114249037228,10,1.3690497931092978,0.06015039049088955
01542,small-vehicle,dense_1024,257,221,148,0,405,478,0.6345679012345679,0.5376569037656904,0.5821064552661381,24,3.3413064386695623,0.09613143838942051
01542,small-vehicle,dense_both,388,553,17,0,405,941,0.9580246913580247,0.412327311370882,0.5765230312035661,115,16.14913161471486,0.20617166720330715
01542,swimming-pool,prompt,28,16,82,1,110,45,0.2545454545454545,0.6363636363636364,0.36363636363636365,10,1.3573201652616262,0.006841219961643219
01542,swimming-pool,full,64,27,46,0,110,91,0.5818181818181818,0.7032967032967034,0.6368159203980099,10,1.3778615314513445,0.015613382682204247
01542,swimming-pool,scale_prior,56,25,54,1,110,82,0.509090909090909,0.691358024691358,0.5863874345549738,10,1.4705057758837938,0.014704497531056404
01542,swimming-pool,matched,56,26,54,0,110,82,0.509090909090909,0.6829268292682927,0.5833333333333334,10,1.3689709529280663,0.013093965128064156
01542,swimming-pool,dense_1024,69,34,41,1,110,104,0.6272727272727273,0.6699029126213593,0.647887323943662,24,3.3413064386695623,0.018624208867549896
01542,swimming-pool,dense_both,92,61,18,1,110,154,0.8363636363636363,0.6013071895424836,0.6996197718631179,115,16.14913161471486,0.035880520939826965
01543,airplane,prompt,112,22,19,0,131,134,0.8549618320610687,0.835820895522388,0.8452830188679246,10,1.1863555386662483,0.028308043256402016
01543,airplane,full,121,23,10,0,131,144,0.9236641221374046,0.8402777777777778,0.88,10,1.0782877877354622,0.03624960593879223
01543,airplane,scale_prior,121,16,10,0,131,137,0.9236641221374046,0.8832116788321168,0.9029850746268657,10,1.090277323499322,0.032716359943151474
01543,airplane,matched,123,22,8,0,131,145,0.9389312977099237,0.8482758620689655,0.8913043478260869,10,1.0811208877712488,0.034913912415504456
01543,airplane,dense_1024,128,15,3,0,131,143,0.9770992366412213,0.8951048951048951,0.9343065693430657,24,3.035965980961919,0.034084148705005646
01543,airplane,dense_both,130,34,1,0,131,164,0.9923664122137404,0.7926829268292683,0.8813559322033898,115,14.630650417879224,0.05384295992553234
01543,storage-tank,prompt,0,16,37,0,37,16,0.0,0.0,0.0,10,1.2201162781566381,0.002953963354229927
01543,storage-tank,full,0,14,37,0,37,14,0.0,0.0,0.0,10,1.4190503228455782,0.0020740143954753876
01543,storage-tank,scale_prior,0,12,37,0,37,12,0.0,0.0,0.0,10,1.5191475693136454,0.0018558427691459656
01543,storage-tank,matched,0,12,37,0,37,12,0.0,0.0,0.0,10,1.5191475693136454,0.0018771607428789139
01543,storage-tank,dense_1024,23,20,14,0,37,43,0.6216216216216216,0.5348837209302325,0.575,24,3.035965980961919,0.006813870742917061
01543,storage-tank,dense_both,34,30,3,0,37,64,0.918918918918919,0.53125,0.6732673267326733,115,14.630650417879224,0.014368493109941483
01544,storage-tank,prompt,1,2,18,0,19,3,0.05263157894736842,0.3333333333333333,0.09090909090909091,10,1.461678208783269,0.0005581323057413101
01544,storage-tank,full,14,23,5,0,19,37,0.7368421052631579,0.3783783783783784,0.5,10,1.4730074014514685,0.005759004503488541
01544,storage-tank,scale_prior,7,12,12,0,19,19,0.3684210526315789,0.3684210526315789,0.3684210526315789,10,1.5716252382844687,0.0037998314946889877
01544,storage-tank,matched,8,15,11,0,19,23,0.42105263157894735,0.34782608695652173,0.38095238095238093,10,1.4749242030084133,0.004203353077173233
01544,storage-tank,dense_1024,18,32,1,0,19,50,0.9473684210526315,0.36,0.5217391304347826,24,3.6458489764481783,0.008374718949198723
01544,storage-tank,dense_both,17,52,2,0,19,69,0.8947368421052632,0.2463768115942029,0.38636363636363635,115,17.681165700778365,0.011943403631448746
01544,swimming-pool,prompt,1,10,5,0,6,11,0.16666666666666666,0.09090909090909091,0.11764705882352941,10,1.5579456891864538,0.0015067346394062042
01544,swimming-pool,full,2,4,4,0,6,6,0.3333333333333333,0.3333333333333333,0.3333333333333333,10,1.4664486292749643,0.0011410824954509735
01544,swimming-pool,scale_prior,2,8,4,0,6,10,0.3333333333333333,0.2,0.25,10,1.666279623284936,0.0017733704298734665
01544,swimming-pool,matched,2,3,4,0,6,5,0.3333333333333333,0.4,0.36363636363636365,10,1.5706033669412136,0.0009865965694189072
01544,swimming-pool,dense_1024,2,6,4,0,6,8,0.3333333333333333,0.25,0.2857142857142857,24,3.6458489764481783,0.0015246756374835968
01544,swimming-pool,dense_both,2,22,4,0,6,24,0.3333333333333333,0.08333333333333333,0.13333333333333333,115,17.681165700778365,0.0050496309995651245
01549,storage-tank,prompt,2,0,0,0,2,2,1.0,1.0,1.0,10,1.3135422449558973,0.00043348781764507294
01549,storage-tank,full,2,1,0,0,2,3,1.0,0.6666666666666666,0.8,10,1.3140315171331167,0.0006433837115764618
01549,storage-tank,scale_prior,2,1,0,0,2,3,1.0,0.6666666666666666,0.8,10,1.1961408481001854,0.0006283409893512726
01549,storage-tank,matched,2,1,0,0,2,3,1.0,0.6666666666666666,0.8,10,1.2119869831949472,0.0006298497319221497
01549,storage-tank,dense_1024,2,1,0,0,2,3,1.0,0.6666666666666666,0.8,24,2.924555940553546,0.0008433740586042404
01549,storage-tank,dense_both,2,1,0,0,2,3,1.0,0.6666666666666666,0.8,115,14.367231544107199,0.000878823921084404
01551,storage-tank,prompt,36,27,60,0,96,63,0.375,0.5714285714285714,0.4528301886792453,10,1.3731716591864824,0.012011401355266571
01551,storage-tank,full,44,19,52,0,96,63,0.4583333333333333,0.6984126984126984,0.5534591194968553,10,1.5808068327605724,0.015540450811386108
01551,storage-tank,scale_prior,41,19,55,0,96,60,0.4270833333333333,0.6833333333333333,0.5256410256410257,10,1.4817425925284624,0.012592701241374016
01551,storage-tank,matched,41,19,55,0,96,60,0.4270833333333333,0.6833333333333333,0.5256410256410257,10,1.4817425925284624,0.012544060125946999
01551,storage-tank,dense_1024,42,30,54,0,96,72,0.4375,0.5833333333333334,0.5,24,3.5153939556330442,0.015696445479989052
01551,storage-tank,dense_both,44,37,52,0,96,81,0.4583333333333333,0.5432098765432098,0.4971751412429379,115,15.76131790690124,0.020322712138295174
01552,ship,prompt,9,160,8,0,17,169,0.5294117647058824,0.05325443786982249,0.0967741935483871,10,1.398197676986456,0.03208688274025917
01552,ship,full,15,252,2,0,17,267,0.8823529411764706,0.056179775280898875,0.1056338028169014,10,1.3119350280612707,0.046502403914928436
01552,ship,scale_prior,15,246,2,0,17,261,0.8823529411764706,0.05747126436781609,0.1079136690647482,10,1.2024036962538958,0.04783576726913452
01552,ship,matched,15,220,2,0,17,235,0.8823529411764706,0.06382978723404255,0.11904761904761904,10,1.3108418453484774,0.041903190314769745
01552,ship,dense_1024,15,259,2,0,17,274,0.8823529411764706,0.05474452554744526,0.10309278350515463,24,3.042183393612504,0.052982812747359276
01552,ship,dense_both,17,485,0,0,17,502,1.0,0.03386454183266932,0.06551059730250482,115,14.653953149914742,0.12205506674945354
01552,storage-tank,prompt,146,35,115,0,261,181,0.5593869731800766,0.8066298342541437,0.6606334841628959,10,1.3047899976372719,0.0292048342525959
01552,storage-tank,full,155,27,106,0,261,182,0.5938697318007663,0.8516483516483516,0.6997742663656885,10,1.2052786238491535,0.03743477910757065
01552,storage-tank,scale_prior,147,24,114,0,261,171,0.5632183908045977,0.8596491228070176,0.6805555555555556,10,1.2146787382662296,0.031373703852295876
01552,storage-tank,matched,147,24,114,0,261,171,0.5632183908045977,0.8596491228070176,0.6805555555555556,10,1.2146787382662296,0.031266117468476295
01552,storage-tank,dense_1024,190,48,71,0,261,238,0.7279693486590039,0.7983193277310925,0.7615230460921844,24,3.042183393612504,0.0485579501837492
01552,storage-tank,dense_both,248,162,13,0,261,410,0.9501915708812261,0.6048780487804878,0.7391952309985097,115,14.653953149914742,0.08832261152565479
01552,swimming-pool,prompt,1,18,1,0,2,19,0.5,0.05263157894736842,0.09523809523809523,10,1.1248015202581882,0.002800164744257927
01552,swimming-pool,full,1,16,1,0,2,17,0.5,0.058823529411764705,0.10526315789473684,10,1.1294402442872524,0.0019497796893119812
01552,swimming-pool,scale_prior,1,8,1,0,2,9,0.5,0.1111111111111111,0.18181818181818182,10,1.1301882416009903,0.0008982978761196136
01552,swimming-pool,matched,1,11,1,0,2,12,0.5,0.08333333333333333,0.14285714285714285,10,1.1297619752585888,0.00115986168384552
01552,swimming-pool,dense_1024,1,5,1,0,2,6,0.5,0.16666666666666666,0.25,24,3.042183393612504,0.0009144805371761322
01552,swimming-pool,dense_both,1,44,1,0,2,45,0.5,0.022222222222222223,0.0425531914893617,115,14.653953149914742,0.00803907960653305
01555,airplane,prompt,21,4,0,0,21,25,1.0,0.84,0.9130434782608695,10,1.2555846702307463,0.004336560145020485
01555,airplane,full,21,3,0,0,21,24,1.0,0.875,0.9333333333333333,10,1.376802459359169,0.005544301122426987
01555,airplane,scale_prior,21,3,0,0,21,24,1.0,0.875,0.9333333333333333,10,1.2536753565073013,0.004002068191766739
01555,airplane,matched,21,3,0,0,21,24,1.0,0.875,0.9333333333333333,10,1.1467939224094152,0.003989743068814278
01555,airplane,dense_1024,21,4,0,0,21,25,1.0,0.84,0.9130434782608695,24,3.146653961390257,0.00591496005654335
01555,airplane,dense_both,21,6,0,0,21,27,1.0,0.7777777777777778,0.875,115,15.140746425837278,0.007487069815397263
01560,airplane,prompt,16,4,14,2,30,22,0.5333333333333333,0.8,0.64,10,1.4483741503208876,0.004487145692110062
01560,airplane,full,21,5,9,2,30,28,0.7,0.8076923076923077,0.75,10,1.4414465501904488,0.005210688337683678
01560,airplane,scale_prior,19,1,11,1,30,21,0.6333333333333333,0.95,0.76,10,1.4928580578416586,0.004492748528718948
01560,airplane,matched,4,2,26,0,30,6,0.13333333333333333,0.6666666666666666,0.2222222222222222,10,1.6534223705530167,0.0014216173440217972
01560,airplane,dense_1024,30,1,0,2,30,33,1.0,0.967741935483871,0.9836065573770492,24,3.653619706630707,0.00803033635020256
01560,airplane,dense_both,30,5,0,2,30,37,1.0,0.8571428571428571,0.9230769230769231,115,15.47624882683158,0.011438228189945221
01560,small-vehicle,prompt,5,9,748,0,753,14,0.006640106241699867,0.35714285714285715,0.01303780964797914,10,1.3464812710881233,0.003809083253145218
01560,small-vehicle,full,56,54,697,0,753,110,0.07436918990703852,0.509090909090909,0.12977983777520277,10,1.2931578513234854,0.03473484516143799
01560,small-vehicle,scale_prior,56,54,697,0,753,110,0.07436918990703852,0.509090909090909,0.12977983777520277,10,1.3541238587349653,0.03446082025766373
01560,small-vehicle,matched,56,54,697,0,753,110,0.07436918990703852,0.509090909090909,0.12977983777520277,10,1.3558773752301931,0.0344383642077446
01560,small-vehicle,dense_1024,105,117,648,0,753,222,0.1394422310756972,0.47297297297297297,0.2153846153846154,24,3.653619706630707,0.08201180025935173
01560,small-vehicle,dense_both,411,202,342,7,753,620,0.545816733067729,0.6704730831973899,0.6017569546120058,115,15.47624882683158,0.22818966396152973
01561,airplane,prompt,30,13,18,0,48,43,0.625,0.6976744186046512,0.6593406593406593,10,1.2062380630522966,0.010826494544744492
01561,airplane,full,46,14,2,0,48,60,0.9583333333333334,0.7666666666666667,0.8518518518518519,10,1.1989757139235735,0.01665368303656578
01561,airplane,scale_prior,43,14,5,0,48,57,0.8958333333333334,0.7543859649122807,0.819047619047619,10,1.2200881578028202,0.012924151495099068
01561,airplane,matched,43,15,5,0,48,58,0.8958333333333334,0.7413793103448276,0.8113207547169812,10,1.206003712490201,0.0145671796053648
01561,airplane,dense_1024,46,12,2,0,48,58,0.9583333333333334,0.7931034482758621,0.8679245283018868,24,2.948582537472248,0.0157233327627182
01561,airplane,dense_both,48,19,0,0,48,67,1.0,0.7164179104477612,0.8347826086956521,115,14.527687849476933,0.023722130805253983
01561,storage-tank,prompt,2,2,4,0,6,4,0.3333333333333333,0.5,0.4,10,1.2151156421750784,0.0009277481585741043
01561,storage-tank,full,0,0,6,0,6,0,0.0,0.0,0.0,10,1.2208986151963472,4.5338645577430725e-05
01561,storage-tank,scale_prior,0,0,6,0,6,0,0.0,0.0,0.0,10,1.3344899881631136,3.4730881452560425e-05
01561,storage-tank,matched,0,0,6,0,6,0,0.0,0.0,0.0,10,1.3344899881631136,3.2100826501846313e-05
01561,storage-tank,dense_1024,0,2,6,0,6,2,0.0,0.0,0.0,24,2.948582537472248,0.0003952551633119583
01561,storage-tank,dense_both,4,6,2,0,6,10,0.6666666666666666,0.4,0.5,115,14.527687849476933,0.0020496882498264313
01563,large-vehicle,prompt,0,18,1,0,1,18,0.0,0.0,0.0,10,1.3056024685502052,0.0019850321114063263
01563,large-vehicle,full,0,30,1,0,1,30,0.0,0.0,0.0,10,1.2235138416290283,0.0038687027990818024
01563,large-vehicle,scale_prior,0,28,1,0,1,28,0.0,0.0,0.0,10,1.1225057411938906,0.0034062694758176804
01563,large-vehicle,matched,0,32,1,0,1,32,0.0,0.0,0.0,10,1.2244160361588001,0.0037585310637950897
01563,large-vehicle,dense_1024,0,44,1,0,1,44,0.0,0.0,0.0,24,3.074523698538542,0.006822260096669197
01563,large-vehicle,dense_both,0,88,1,0,1,88,0.0,0.0,0.0,115,14.350805472582579,0.014501744881272316
01563,ship,prompt,0,8,5,0,5,8,0.0,0.0,0.0,10,1.1079180426895618,0.0011415127664804459
01563,ship,full,0,15,5,0,5,15,0.0,0.0,0.0,10,1.220186011865735,0.002034040167927742
01563,ship,scale_prior,0,14,5,0,5,14,0.0,0.0,0.0,10,1.325945321470499,0.0019221045076847076
01563,ship,matched,0,15,5,0,5,15,0.0,0.0,0.0,10,1.2237429041415453,0.0018774326890707016
01563,ship,dense_1024,0,19,5,0,5,19,0.0,0.0,0.0,24,3.074523698538542,0.0029440689831972122
01563,ship,dense_both,4,44,1,1,5,49,0.8,0.08333333333333333,0.1509433962264151,115,14.350805472582579,0.007735051214694977
01563,small-vehicle,prompt,96,114,365,0,461,210,0.20824295010845986,0.45714285714285713,0.28614008941877794,10,1.1967411246150732,0.03089214488863945
01563,small-vehicle,full,200,202,261,0,461,402,0.43383947939262474,0.4975124378109453,0.46349942062572425,10,1.2235138416290283,0.06775007210671902
01563,small-vehicle,scale_prior,293,227,168,0,461,520,0.6355748373101953,0.5634615384615385,0.5973496432212029,10,1.1238511204719543,0.08051451668143272
01563,small-vehicle,matched,293,227,168,0,461,520,0.6355748373101953,0.5634615384615385,0.5973496432212029,10,1.1238511204719543,0.08022674359381199
01563,small-vehicle,dense_1024,428,392,33,0,461,820,0.928416485900217,0.5219512195121951,0.6682279469164715,24,3.074523698538542,0.15990389324724674
01563,small-vehicle,dense_both,454,753,7,1,461,1208,0.9848156182212582,0.376139188069594,0.5443645083932853,115,14.350805472582579,0.27092407271265984
01563,swimming-pool,prompt,27,15,38,10,65,52,0.4153846153846154,0.6428571428571429,0.5046728971962616,10,1.2023062109947205,0.008566465228796005
01563,swimming-pool,full,30,14,35,11,65,55,0.46153846153846156,0.6818181818181818,0.5504587155963303,10,1.207754336297512,0.009811023250222206
01563,swimming-pool,scale_prior,33,13,32,11,65,57,0.5076923076923077,0.717391304347826,0.5945945945945946,10,1.1047223377972841,0.010076327249407768
01563,swimming-pool,matched,30,13,35,11,65,54,0.46153846153846156,0.6976744186046512,0.5555555555555556,10,1.0991696063429117,0.011517010629177094
01563,swimming-pool,dense_1024,61,17,4,12,65,90,0.9384615384615385,0.782051282051282,0.8531468531468531,24,3.074523698538542,0.018243545666337013
01563,swimming-pool,dense_both,63,68,2,12,65,143,0.9692307692307692,0.48091603053435117,0.6428571428571429,115,14.350805472582579,0.033732663840055466
01564,storage-tank,prompt,1,9,1,0,2,10,0.5,0.1,0.16666666666666666,10,1.5312065072357655,0.0014310553669929504
01564,storage-tank,full,1,11,1,0,2,12,0.5,0.08333333333333333,0.14285714285714285,10,1.4242279399186373,0.0020112767815589905
01564,storage-tank,scale_prior,1,11,1,0,2,12,0.5,0.08333333333333333,0.14285714285714285,10,1.3237735722213984,0.0013879835605621338
01564,storage-tank,matched,1,11,1,0,2,12,0.5,0.08333333333333333,0.14285714285714285,10,1.4256290327757597,0.0015913601964712143
01564,storage-tank,dense_1024,2,21,0,0,2,23,1.0,0.08695652173913043,0.16,24,3.093194806948304,0.0035998672246932983
01564,storage-tank,dense_both,2,23,0,0,2,25,1.0,0.08,0.14814814814814814,128,16.610015455633402,0.005317434668540955
01564,swimming-pool,prompt,0,0,1,0,1,0,0.0,0.0,0.0,10,1.3323545586317778,3.783591091632843e-05
01564,swimming-pool,full,0,0,1,0,1,0,0.0,0.0,0.0,10,1.3419818636029959,2.5423243641853333e-05
01564,swimming-pool,scale_prior,1,0,0,0,1,1,1.0,1.0,1.0,10,1.4293675906956196,0.00021242722868919373
01564,swimming-pool,matched,1,0,0,0,1,1,1.0,1.0,1.0,10,1.3262848127633333,0.00020644254982471466
01564,swimming-pool,dense_1024,1,0,0,0,1,1,1.0,1.0,1.0,24,3.093194806948304,0.0002011917531490326
01564,swimming-pool,dense_both,0,10,1,0,1,10,0.0,0.0,0.0,128,16.610015455633402,0.0014766212552785873
01566,airplane,prompt,41,7,12,0,53,48,0.7735849056603774,0.8541666666666666,0.8118811881188119,10,1.464723590761423,0.009341016411781311
01566,airplane,full,44,4,9,1,53,49,0.8301886792452831,0.9166666666666666,0.8712871287128713,10,1.1945205572992563,0.012880994006991386
01566,airplane,scale_prior,43,5,10,1,53,49,0.8113207547169812,0.8958333333333334,0.8514851485148515,10,1.094093356281519,0.01280912384390831
01566,airplane,matched,43,5,10,1,53,49,0.8113207547169812,0.8958333333333334,0.8514851485148515,10,1.094093356281519,0.012734105810523033
01566,airplane,dense_1024,45,4,8,1,53,50,0.8490566037735849,0.9183673469387755,0.8823529411764706,24,3.034189898520708,0.013393383473157883
01566,airplane,dense_both,48,11,5,1,53,60,0.9056603773584906,0.8135593220338984,0.8571428571428571,115,14.752469995990396,0.019866710528731346
01566,storage-tank,prompt,3,1,9,0,12,4,0.25,0.75,0.375,10,1.3250632360577583,0.0008240081369876862
01566,storage-tank,full,3,1,9,0,12,4,0.25,0.75,0.375,10,1.3159084133803844,0.0007712356746196747
01566,storage-tank,scale_prior,3,1,9,0,12,4,0.25,0.75,0.375,10,1.3168647028505802,0.0006084572523832321
01566,storage-tank,matched,3,1,9,0,12,4,0.25,0.75,0.375,10,1.3159084133803844,0.0007628258317708969
01566,storage-tank,dense_1024,4,1,8,0,12,5,0.3333333333333333,0.8,0.47058823529411764,24,3.034189898520708,0.0009626056998968124
01566,storage-tank,dense_both,6,3,6,0,12,9,0.5,0.6666666666666666,0.5714285714285714,115,14.752469995990396,0.0018843431025743484
01567,ship,prompt,351,46,215,4,566,401,0.6201413427561837,0.8841309823677582,0.7289719626168224,10,1.2729768883436918,0.12133720703423023
01567,ship,full,497,51,69,8,566,556,0.8780918727915195,0.906934306569343,0.8922800718132855,10,1.1526033077389002,0.1697110552340746
01567,ship,scale_prior,496,45,70,7,566,548,0.8763250883392226,0.9168207024029574,0.8961156278229448,10,1.0574011038988829,0.16680721193552017
01567,ship,matched,496,45,70,7,566,548,0.8763250883392226,0.9168207024029574,0.8961156278229448,10,1.0574011038988829,0.16785458661615849
01567,ship,dense_1024,518,66,48,9,566,593,0.9151943462897526,0.886986301369863,0.9008695652173913,24,2.8798623736947775,0.19480884075164795
01567,ship,dense_both,537,182,29,12,566,731,0.9487632508833922,0.7468706536856745,0.8357976653696498,115,14.213510543107986,0.3123212084174156
01567,small-vehicle,prompt,52,12,117,0,169,64,0.3076923076923077,0.8125,0.44635193133047213,10,1.1529111359268427,0.018314335495233536
01567,small-vehicle,full,130,15,39,0,169,145,0.7692307692307693,0.896551724137931,0.8280254777070064,10,1.1455402132123709,0.04096762277185917
01567,small-vehicle,scale_prior,80,13,89,0,169,93,0.47337278106508873,0.8602150537634409,0.6106870229007634,10,1.152475455775857,0.02718185819685459
01567,small-vehicle,matched,80,13,89,0,169,93,0.47337278106508873,0.8602150537634409,0.6106870229007634,10,1.152475455775857,0.027112159878015518
01567,small-vehicle,dense_1024,150,28,19,0,169,178,0.8875739644970414,0.8426966292134831,0.8645533141210374,24,2.8798623736947775,0.04270767793059349
01567,small-vehicle,dense_both,164,103,5,0,169,267,0.9704142011834319,0.6142322097378277,0.7522935779816514,115,14.213510543107986,0.08417443744838238
01568,airplane,prompt,3,3,1,0,4,6,0.75,0.5,0.6,10,1.1135424245148897,0.0011559072881937027
01568,airplane,full,4,2,0,0,4,6,1.0,0.6666666666666666,0.8,10,1.016805861145258,0.0010824892669916153
01568,airplane,scale_prior,4,2,0,0,4,6,1.0,0.6666666666666666,0.8,10,1.2028760369867086,0.0009640958160161972
01568,airplane,matched,3,2,1,0,4,5,0.75,0.6,0.6666666666666666,10,1.2251324951648712,0.000836644321680069
01568,airplane,dense_1024,4,2,0,0,4,6,1.0,0.6666666666666666,0.8,24,3.042560312896967,0.0010622292757034302
01568,airplane,dense_both,4,10,0,0,4,14,1.0,0.2857142857142857,0.4444444444444444,115,14.759790681302547,0.0029582884162664413
01568,small-vehicle,prompt,52,43,126,0,178,95,0.29213483146067415,0.5473684210526316,0.38095238095238093,10,1.1916562356054783,0.018579373136162758
01568,small-vehicle,full,50,59,128,0,178,109,0.2808988764044944,0.45871559633027525,0.34843205574912894,10,1.2963604368269444,0.02751244232058525
01568,small-vehicle,scale_prior,24,44,154,0,178,68,0.1348314606741573,0.35294117647058826,0.1951219512195122,10,1.3004594538360834,0.01609545759856701
01568,small-vehicle,matched,24,45,154,0,178,69,0.1348314606741573,0.34782608695652173,0.19433198380566802,10,1.3004310131072998,0.016219235956668854
01568,small-vehicle,dense_1024,48,87,130,0,178,135,0.2696629213483146,0.35555555555555557,0.30670926517571884,24,3.042560312896967,0.035675255581736565
01568,small-vehicle,dense_both,156,203,22,0,178,359,0.8764044943820225,0.43454038997214484,0.5810055865921788,115,14.759790681302547,0.10545741207897663
01568,storage-tank,prompt,0,1,1,0,1,1,0.0,0.0,0.0,10,1.2398836519569159,0.00018532387912273407
01568,storage-tank,full,0,1,1,0,1,1,0.0,0.0,0.0,10,1.232167223468423,0.00015608221292495728
01568,storage-tank,scale_prior,0,1,1,0,1,1,0.0,0.0,0.0,10,1.128768015652895,0.00016548670828342438
01568,storage-tank,matched,0,0,1,0,1,0,0.0,0.0,0.0,10,1.2339915800839663,2.541579306125641e-05
01568,storage-tank,dense_1024,1,1,0,0,1,2,1.0,0.5,0.6666666666666666,24,3.042560312896967,0.0004882439970970154
01568,storage-tank,dense_both,1,4,0,0,1,5,1.0,0.2,0.3333333333333333,115,14.759790681302547,0.0010184664279222488
01570,airplane,prompt,93,3,62,0,155,96,0.6,0.96875,0.7410358565737052,10,1.201087024062872,0.020038707181811333
01570,airplane,full,148,3,7,0,155,151,0.9548387096774194,0.9801324503311258,0.9673202614379085,10,1.2890346106141806,0.03766467608511448
01570,airplane,scale_prior,80,5,75,0,155,85,0.5161290322580645,0.9411764705882353,0.6666666666666666,10,1.2027536872774363,0.0197200495749712
01570,airplane,matched,80,5,75,0,155,85,0.5161290322580645,0.9411764705882353,0.6666666666666666,10,1.2027536872774363,0.01971498876810074
01570,airplane,dense_1024,149,3,6,0,155,152,0.9612903225806452,0.9802631578947368,0.9706840390879479,24,3.0267308857291937,0.03877207823097706
01570,airplane,dense_both,155,11,0,0,155,166,1.0,0.9337349397590361,0.9657320872274143,115,14.534068485721946,0.057208508253097534
01570,storage-tank,prompt,8,3,31,0,39,11,0.20512820512820512,0.7272727272727273,0.32,10,1.2281036078929901,0.0022172220051288605
01570,storage-tank,full,8,3,31,0,39,11,0.20512820512820512,0.7272727272727273,0.32,10,1.3281369339674711,0.0022980645298957825
01570,storage-tank,scale_prior,8,3,31,0,39,11,0.20512820512820512,0.7272727272727273,0.32,10,1.326661303639412,0.002262277528643608
01570,storage-tank,matched,8,3,31,0,39,11,0.20512820512820512,0.7272727272727273,0.32,10,1.326661303639412,0.0022697672247886658
01570,storage-tank,dense_1024,28,5,11,0,39,33,0.717948717948718,0.8484848484848485,0.7777777777777778,24,3.0267308857291937,0.006978744640946388
01570,storage-tank,dense_both,33,12,6,0,39,45,0.8461538461538461,0.7333333333333333,0.7857142857142857,115,14.534068485721946,0.012372486293315887
01571,airplane,prompt,43,9,59,0,102,52,0.4215686274509804,0.8269230769230769,0.5584415584415584,10,1.2208121567964554,0.011098664253950119
01571,airplane,full,54,21,48,0,102,75,0.5294117647058824,0.72,0.6101694915254238,10,1.2197550889104605,0.01863679103553295
01571,airplane,scale_prior,55,21,47,0,102,76,0.5392156862745098,0.7236842105263158,0.6179775280898876,10,1.2272580619901419,0.016728028655052185
01571,airplane,matched,55,21,47,0,102,76,0.5392156862745098,0.7236842105263158,0.6179775280898876,10,1.2272580619901419,0.016654644161462784
01571,airplane,dense_1024,78,26,24,0,102,104,0.7647058823529411,0.75,0.7572815533980582,24,3.2387245390564203,0.025457065552473068
01571,airplane,dense_both,92,27,10,0,102,119,0.9019607843137255,0.773109243697479,0.832579185520362,128,16.723375234752893,0.03630686178803444
01571,storage-tank,prompt,0,2,12,0,12,2,0.0,0.0,0.0,10,1.366117237135768,0.0002900194376707077
01571,storage-tank,full,0,1,12,0,12,1,0.0,0.0,0.0,10,1.484282361343503,0.0002602729946374893
01571,storage-tank,scale_prior,0,1,12,0,12,1,0.0,0.0,0.0,10,1.5822167713195086,0.00018336810171604156
01571,storage-tank,matched,0,1,12,0,12,1,0.0,0.0,0.0,10,1.5822167713195086,0.00017888471484184265
01571,storage-tank,dense_1024,9,8,3,0,12,17,0.75,0.5294117647058824,0.6206896551724138,24,3.2387245390564203,0.0034629367291927338
01571,storage-tank,dense_both,12,24,0,0,12,36,1.0,0.3333333333333333,0.5,128,16.723375234752893,0.006427789106965065
01575,ship,prompt,3,54,7,0,10,57,0.3,0.05263157894736842,0.08955223880597014,10,1.3324178345501423,0.010067742317914963
01575,ship,full,3,52,7,0,10,55,0.3,0.05454545454545454,0.09230769230769231,10,1.322091393172741,0.008606132119894028
01575,ship,scale_prior,4,41,6,0,10,45,0.4,0.08888888888888889,0.14545454545454545,10,1.3330563306808472,0.006690852344036102
01575,ship,matched,3,52,7,0,10,55,0.3,0.05454545454545454,0.09230769230769231,10,1.3214618898928165,0.008709199726581573
01575,ship,dense_1024,5,30,5,1,10,36,0.5,0.14285714285714285,0.2222222222222222,24,3.064112465828657,0.005527237430214882
01575,ship,dense_both,8,107,2,1,10,116,0.8,0.06956521739130435,0.128,128,16.668346168473363,0.021362191066145897
01575,small-vehicle,prompt,0,63,1,0,1,63,0.0,0.0,0.0,10,1.3231806755065918,0.007055409252643585
01575,small-vehicle,full,0,27,1,0,1,27,0.0,0.0,0.0,10,1.2189116794615984,0.003262169659137726
01575,small-vehicle,scale_prior,0,24,1,0,1,24,0.0,0.0,0.0,10,1.2282679006457329,0.002925790846347809
01575,small-vehicle,matched,0,24,1,0,1,24,0.0,0.0,0.0,10,1.2282679006457329,0.0029272008687257767
01575,small-vehicle,dense_1024,1,33,0,0,1,34,1.0,0.029411764705882353,0.05714285714285714,24,3.064112465828657,0.004607051610946655
01575,small-vehicle,dense_both,1,225,0,0,1,226,1.0,0.004424778761061947,0.00881057268722467,128,16.668346168473363,0.03466501273214817
01575,storage-tank,prompt,88,25,17,0,105,113,0.8380952380952381,0.7787610619469026,0.8073394495412844,10,1.0885813999921083,0.0226193368434906
01575,storage-tank,full,84,23,21,0,105,107,0.8,0.7850467289719626,0.7924528301886793,10,1.099971778690815,0.021282797679305077
01575,storage-tank,scale_prior,89,21,16,0,105,110,0.8476190476190476,0.8090909090909091,0.827906976744186,10,1.4105055704712868,0.020490676164627075
01575,storage-tank,matched,88,14,17,0,105,102,0.8380952380952381,0.8627450980392157,0.8502415458937198,10,1.411945777013898,0.017524542286992073
01575,storage-tank,dense_1024,86,20,19,0,105,106,0.819047619047619,0.8113207547169812,0.8151658767772512,24,3.064112465828657,0.020100971683859825
01575,storage-tank,dense_both,93,38,12,0,105,131,0.8857142857142857,0.7099236641221374,0.788135593220339,128,16.668346168473363,0.02951992116868496
01578,small-vehicle,prompt,57,59,94,0,151,116,0.37748344370860926,0.49137931034482757,0.42696629213483145,10,1.2124845534563065,0.019904548302292824
01578,small-vehicle,full,74,64,77,2,151,140,0.4900662251655629,0.5362318840579711,0.5121107266435986,10,1.0947041027247906,0.02665776200592518
01578,small-vehicle,scale_prior,73,74,78,0,151,147,0.48344370860927155,0.4965986394557823,0.4899328859060403,10,1.1976752001792192,0.022977713495492935
01578,small-vehicle,matched,69,78,82,0,151,147,0.45695364238410596,0.46938775510204084,0.46308724832214765,10,1.0929969381541014,0.024850161746144295
01578,small-vehicle,dense_1024,114,120,37,2,151,236,0.7549668874172185,0.48717948717948717,0.5922077922077922,24,2.8983286805450916,0.04589444026350975
01578,small-vehicle,dense_both,134,236,17,2,151,372,0.8874172185430463,0.3621621621621622,0.5143953934740882,115,14.176109943538904,0.08127820678055286
01578,storage-tank,prompt,2,0,0,2,2,4,1.0,1.0,1.0,10,1.202816078439355,0.000815248116850853
01578,storage-tank,full,2,0,0,0,2,2,1.0,1.0,1.0,10,1.2028640545904636,0.0003499649465084076
01578,storage-tank,scale_prior,0,0,2,2,2,2,0.0,0.0,0.0,10,1.1986694298684597,0.0004516337066888809
01578,storage-tank,matched,0,0,2,2,2,2,0.0,0.0,0.0,10,1.2001336347311735,0.00047280453145504
01578,storage-tank,dense_1024,2,6,0,4,2,12,1.0,0.25,0.4,24,2.8983286805450916,0.002081405371427536
01578,storage-tank,dense_both,2,11,0,4,2,17,1.0,0.15384615384615385,0.26666666666666666,115,14.176109943538904,0.0029847081750631332
01578,swimming-pool,prompt,27,15,43,0,70,42,0.38571428571428573,0.6428571428571429,0.48214285714285715,10,0.9793334361165762,0.006159592419862747
01578,swimming-pool,full,47,31,23,0,70,78,0.6714285714285714,0.6025641025641025,0.6351351351351351,10,0.992539469152689,0.012866651639342308
01578,swimming-pool,scale_prior,34,24,36,0,70,58,0.4857142857142857,0.5862068965517241,0.53125,10,0.9871078580617905,0.009578002616763115
01578,swimming-pool,matched,40,25,30,0,70,65,0.5714285714285714,0.6153846153846154,0.5925925925925926,10,0.9933113288134336,0.01149323582649231
01578,swimming-pool,dense_1024,67,44,3,0,70,111,0.9571428571428572,0.6036036036036037,0.7403314917127072,24,2.8983286805450916,0.02147132344543934
01578,swimming-pool,dense_both,66,70,4,0,70,136,0.9428571428571428,0.4852941176470588,0.6407766990291263,115,14.176109943538904,0.03122018650174141
01579,airplane,prompt,0,0,2,0,2,0,0.0,0.0,0.0,10,1.2242988720536232,4.3606385588645935e-05
01579,airplane,full,0,0,2,0,2,0,0.0,0.0,0.0,10,1.1157195903360844,2.7067959308624268e-05
01579,airplane,scale_prior,0,0,2,0,2,0,0.0,0.0,0.0,10,1.2186113893985748,2.3351982235908508e-05
01579,airplane,matched,0,0,2,0,2,0,0.0,0.0,0.0,10,1.2186113893985748,2.19736248254776e-05
01579,airplane,dense_1024,2,0,0,0,2,2,1.0,1.0,1.0,24,2.960573585703969,0.00040131621062755585
01579,airplane,dense_both,2,1,0,0,2,3,1.0,0.6666666666666666,0.8,115,15.012619124725461,0.0006203316152095795
01580,airplane,prompt,7,6,3,1,10,14,0.7,0.5384615384615384,0.6086956521739131,10,1.3232847768813372,0.003715910017490387
01580,airplane,full,7,5,3,1,10,13,0.7,0.5833333333333334,0.6363636363636364,10,1.4268140960484743,0.0034655462950468063
01580,airplane,scale_prior,8,3,2,1,10,12,0.8,0.7272727272727273,0.7619047619047619,10,1.3170745428651571,0.003230048343539238
01580,airplane,matched,7,6,3,1,10,14,0.7,0.5384615384615384,0.6086956521739131,10,1.21845942735672,0.0035485252737998962
01580,airplane,dense_1024,8,3,2,1,10,12,0.8,0.7272727272727273,0.7619047619047619,24,3.050782637670636,0.002969777211546898
01580,airplane,dense_both,8,10,2,1,10,19,0.8,0.4444444444444444,0.5714285714285714,115,14.654141834005713,0.004737723618745804
01580,large-vehicle,prompt,5,15,30,0,35,20,0.14285714285714285,0.25,0.18181818181818182,10,1.3313905093818903,0.003282889723777771
01580,large-vehicle,full,1,18,34,0,35,19,0.02857142857142857,0.05263157894736842,0.037037037037037035,10,1.3230639956891537,0.002400588244199753
01580,large-vehicle,scale_prior,0,41,35,0,35,41,0.0,0.0,0.0,10,1.222562737762928,0.006131893023848534
01580,large-vehicle,matched,0,41,35,0,35,41,0.0,0.0,0.0,10,1.222562737762928,0.006167473271489143
01580,large-vehicle,dense_1024,1,105,34,0,35,106,0.02857142857142857,0.009433962264150943,0.014184397163120567,24,3.050782637670636,0.022407302632927895
01580,large-vehicle,dense_both,8,136,27,0,35,144,0.22857142857142856,0.05555555555555555,0.0893854748603352,115,14.654141834005713,0.03309842757880688
01580,small-vehicle,prompt,159,179,1286,0,1445,338,0.11003460207612457,0.47041420118343197,0.1783510936623668,10,1.1237804405391216,0.06580541282892227
01580,small-vehicle,full,12,85,1433,0,1445,97,0.008304498269896194,0.12371134020618557,0.01556420233463035,10,1.324493506923318,0.022893846035003662
01580,small-vehicle,scale_prior,12,98,1433,0,1445,110,0.008304498269896194,0.10909090909090909,0.015434083601286173,10,1.3214926663786173,0.027274975553154945
01580,small-vehicle,matched,12,98,1433,0,1445,110,0.008304498269896194,0.10909090909090909,0.015434083601286173,10,1.3214926663786173,0.02730662003159523
01580,small-vehicle,dense_1024,7,220,1438,0,1445,227,0.004844290657439446,0.030837004405286344,0.008373205741626795,24,3.050782637670636,0.06661331281065941
01580,small-vehicle,dense_both,808,1114,637,0,1445,1922,0.5591695501730104,0.42039542143600417,0.47995247995247997,115,14.654141834005713,0.4534026402980089
01580,storage-tank,prompt,1,3,0,0,1,4,1.0,0.25,0.4,10,1.3347166888415813,0.0006799418479204178
01580,storage-tank,full,1,3,0,0,1,4,1.0,0.25,0.4,10,1.2189370039850473,0.0006418265402317047
01580,storage-tank,scale_prior,1,2,0,0,1,3,1.0,0.3333333333333333,0.5,10,1.2223662119358778,0.0005071889609098434
01580,storage-tank,matched,1,2,0,0,1,3,1.0,0.3333333333333333,0.5,10,1.1206276305019855,0.0005173869431018829
01580,storage-tank,dense_1024,1,6,0,0,1,7,1.0,0.14285714285714285,0.25,24,3.050782637670636,0.001240042969584465
01580,storage-tank,dense_both,1,9,0,0,1,10,1.0,0.1,0.18181818181818182,115,14.654141834005713,0.0019657444208860397
01580,swimming-pool,prompt,15,18,21,0,36,33,0.4166666666666667,0.45454545454545453,0.43478260869565216,10,1.0131989903748035,0.004788288846611977
01580,swimming-pool,full,20,14,16,0,36,34,0.5555555555555556,0.5882352941176471,0.5714285714285714,10,1.320707730948925,0.005792427808046341
01580,swimming-pool,scale_prior,20,13,16,0,36,33,0.5555555555555556,0.6060606060606061,0.5797101449275363,10,1.3211125526577234,0.005427563562989235
01580,swimming-pool,matched,20,13,16,0,36,33,0.5555555555555556,0.6060606060606061,0.5797101449275363,10,1.3211125526577234,0.005424497649073601
01580,swimming-pool,dense_1024,19,15,17,0,36,34,0.5277777777777778,0.5588235294117647,0.5428571428571428,24,3.050782637670636,0.005971655249595642
01580,swimming-pool,dense_both,28,37,8,0,36,65,0.7777777777777778,0.4307692307692308,0.5544554455445545,115,14.654141834005713,0.014042971655726433
01581,ship,prompt,0,11,1,1,1,12,0.0,0.0,0.0,10,1.1793350204825401,0.0026700757443904877
01581,ship,full,0,10,1,1,1,11,0.0,0.0,0.0,10,1.0346777494996786,0.0026405733078718185
01581,ship,scale_prior,0,6,1,1,1,7,0.0,0.0,0.0,10,1.3412930946797132,0.0015413537621498108
01581,ship,matched,0,11,1,1,1,12,0.0,0.0,0.0,10,1.1793350204825401,0.0025417450815439224
01581,ship,dense_1024,0,7,1,1,1,8,0.0,0.0,0.0,24,3.3131556436419487,0.001643884927034378
01581,ship,dense_both,0,27,1,1,1,28,0.0,0.0,0.0,115,14.610710132867098,0.004784718155860901
01581,storage-tank,prompt,54,16,22,0,76,70,0.7105263157894737,0.7714285714285715,0.7397260273972602,10,1.2633138839155436,0.017383703961968422
01581,storage-tank,full,54,15,22,0,76,69,0.7105263157894737,0.782608695652174,0.7448275862068966,10,1.2625510077923536,0.0167057067155838
01581,storage-tank,scale_prior,52,14,24,0,76,66,0.6842105263157895,0.7878787878787878,0.7323943661971831,10,1.2647616397589445,0.014826901257038116
01581,storage-tank,matched,54,15,22,0,76,69,0.7105263157894737,0.782608695652174,0.7448275862068966,10,1.2613083515316248,0.016826726496219635
01581,storage-tank,dense_1024,54,14,22,1,76,69,0.7105263157894737,0.7941176470588235,0.75,24,3.3131556436419487,0.015226922929286957
01581,storage-tank,dense_both,58,20,18,1,76,79,0.7631578947368421,0.7435897435897436,0.7532467532467533,115,14.610710132867098,0.021361084654927254
01583,ship,prompt,6,25,9,0,15,31,0.4,0.1935483870967742,0.2608695652173913,10,1.321666831150651,0.004180148243904114
01583,ship,full,6,32,9,0,15,38,0.4,0.15789473684210525,0.22641509433962265,10,1.3220599312335253,0.0054024588316679
01583,ship,scale_prior,5,27,10,0,15,32,0.3333333333333333,0.15625,0.2127659574468085,10,1.1182834841310978,0.004816800355911255
01583,ship,matched,5,27,10,0,15,32,0.3333333333333333,0.15625,0.2127659574468085,10,1.221388828009367,0.0044452231377363205
01583,ship,dense_1024,5,25,10,0,15,30,0.3333333333333333,0.16666666666666666,0.2222222222222222,24,3.0337624214589596,0.004990043118596077
01583,ship,dense_both,6,56,9,0,15,62,0.4,0.0967741935483871,0.15584415584415584,115,14.474997082725167,0.010771356523036957
01583,storage-tank,prompt,100,19,90,0,190,119,0.5263157894736842,0.8403361344537815,0.6472491909385113,10,1.1841279361397028,0.031721996143460274
01583,storage-tank,full,96,19,94,0,190,115,0.5052631578947369,0.8347826086956521,0.6295081967213115,10,1.20179252512753,0.02748570591211319
01583,storage-tank,scale_prior,94,14,96,0,190,108,0.49473684210526314,0.8703703703703703,0.6308724832214765,10,1.1935638468712568,0.02604522369801998
01583,storage-tank,matched,94,14,96,0,190,108,0.49473684210526314,0.8703703703703703,0.6308724832214765,10,1.1935638468712568,0.02623322792351246
01583,storage-tank,dense_1024,102,31,88,0,190,133,0.5368421052631579,0.7669172932330827,0.631578947368421,24,3.0337624214589596,0.03235516510903835
01583,storage-tank,dense_both,157,79,33,0,190,236,0.8263157894736842,0.6652542372881356,0.7370892018779343,115,14.474997082725167,0.07279506325721741
01584,small-vehicle,prompt,15,131,309,40,324,186,0.046296296296296294,0.10273972602739725,0.06382978723404255,10,1.3434547800570726,0.033599309623241425
01584,small-vehicle,full,0,15,324,0,324,15,0.0,0.0,0.0,10,1.5334011353552341,0.0026880819350481033
01584,small-vehicle,scale_prior,0,31,324,40,324,71,0.0,0.0,0.0,10,1.4452238325029612,0.010915582999587059
01584,small-vehicle,matched,0,25,324,40,324,65,0.0,0.0,0.0,10,1.2404735889285803,0.010387156158685684
01584,small-vehicle,dense_1024,0,17,324,9,324,26,0.0,0.0,0.0,24,3.1795356888324022,0.00475667230784893
01584,small-vehicle,dense_both,25,304,299,48,324,377,0.07716049382716049,0.07598784194528875,0.07656967840735068,128,17.02251691184938,0.07937051169574261
01584,storage-tank,prompt,2,3,2,0,4,5,0.5,0.4,0.4444444444444444,10,1.2320625893771648,0.0007087960839271545
01584,storage-tank,full,2,4,2,0,4,6,0.5,0.3333333333333333,0.4,10,1.4274773355573416,0.0009743086993694305
01584,storage-tank,scale_prior,2,4,2,0,4,6,0.5,0.3333333333333333,0.4,10,1.2283516600728035,0.0009843017905950546
01584,storage-tank,matched,2,4,2,0,4,6,0.5,0.3333333333333333,0.4,10,1.3266056422144175,0.0008667204529047012
01584,storage-tank,dense_1024,4,6,0,0,4,10,1.0,0.4,0.5714285714285714,24,3.1795356888324022,0.001913631334900856
01584,storage-tank,dense_both,4,8,0,0,4,12,1.0,0.3333333333333333,0.5,128,17.02251691184938,0.002427363768219948
01584,swimming-pool,prompt,0,3,1,0,1,3,0.0,0.0,0.0,10,1.5396156758069992,0.0003410074859857559
01584,swimming-pool,full,0,4,1,0,1,4,0.0,0.0,0.0,10,1.42978803999722,0.0006279591470956802
01584,swimming-pool,scale_prior,0,1,1,0,1,1,0.0,0.0,0.0,10,1.428439386188984,0.00022931955754756927
01584,swimming-pool,matched,0,1,1,0,1,1,0.0,0.0,0.0,10,1.428439386188984,0.00019596517086029053
01584,swimming-pool,dense_1024,0,1,1,0,1,1,0.0,0.0,0.0,24,3.1795356888324022,0.00035617686808109283
01584,swimming-pool,dense_both,1,7,0,0,1,8,1.0,0.125,0.2222222222222222,128,17.02251691184938,0.0015486925840377808
01587,airplane,prompt,15,11,42,0,57,26,0.2631578947368421,0.5769230769230769,0.3614457831325301,10,1.1889266446232796,0.0049345120787620544
01587,airplane,full,15,11,42,0,57,26,0.2631578947368421,0.5769230769230769,0.3614457831325301,10,1.296144027262926,0.005113936960697174
01587,airplane,scale_prior,18,8,39,0,57,26,0.3157894736842105,0.6923076923076923,0.43373493975903615,10,1.3869807105511427,0.0068314168602228165
01587,airplane,matched,15,11,42,0,57,26,0.2631578947368421,0.5769230769230769,0.3614457831325301,10,1.3931444846093655,0.0048689041286706924
01587,airplane,dense_1024,31,15,26,0,57,46,0.543859649122807,0.6739130434782609,0.6019417475728155,24,3.0060284323990345,0.011804388836026192
01587,airplane,dense_both,38,29,19,0,57,67,0.6666666666666666,0.5671641791044776,0.6129032258064516,115,14.240835117176175,0.019885728135704994
01587,helicopter,prompt,0,2,1,0,1,2,0.0,0.0,0.0,10,1.1932277493178844,0.0003835875540971756
01587,helicopter,full,0,1,1,0,1,1,0.0,0.0,0.0,10,1.301469448953867,0.0002540815621614456
01587,helicopter,scale_prior,0,4,1,0,1,4,0.0,0.0,0.0,10,1.3894433360546827,0.0006604492664337158
01587,helicopter,matched,0,4,1,0,1,4,0.0,0.0,0.0,10,1.3894433360546827,0.0006524678319692612
01587,helicopter,dense_1024,0,5,1,0,1,5,0.0,0.0,0.0,24,3.0060284323990345,0.0008187107741832733
01587,helicopter,dense_both,1,16,0,0,1,17,1.0,0.058823529411764705,0.1111111111111111,115,14.240835117176175,0.002887338399887085
01587,large-vehicle,prompt,1,12,14,0,15,13,0.06666666666666667,0.07692307692307693,0.07142857142857142,10,1.2945826761424541,0.0015768874436616898
01587,large-vehicle,full,1,14,14,0,15,15,0.06666666666666667,0.06666666666666667,0.06666666666666667,10,1.2096464894711971,0.0022277645766735077
01587,large-vehicle,scale_prior,1,14,14,0,15,15,0.06666666666666667,0.06666666666666667,0.06666666666666667,10,1.419325489550829,0.0021174028515815735
01587,large-vehicle,matched,1,15,14,0,15,16,0.06666666666666667,0.0625,0.06451612903225806,10,1.3129418585449457,0.002442440018057823
01587,large-vehicle,dense_1024,1,19,14,0,15,20,0.06666666666666667,0.05,0.05714285714285714,24,3.0060284323990345,0.003254437819123268
01587,large-vehicle,dense_both,2,33,13,0,15,35,0.13333333333333333,0.05714285714285714,0.08,115,14.240835117176175,0.005489137023687363
01587,small-vehicle,prompt,0,94,28,3,28,97,0.0,0.0,0.0,10,1.1946603320538998,0.013713158667087555
01587,small-vehicle,full,0,19,28,3,28,22,0.0,0.0,0.0,10,1.3177791815251112,0.0026768501847982407
01587,small-vehicle,scale_prior,0,31,28,3,28,34,0.0,0.0,0.0,10,1.4205094408243895,0.00395209901034832
01587,small-vehicle,matched,0,22,28,3,28,25,0.0,0.0,0.0,10,1.3123541735112667,0.0030529964715242386
01587,small-vehicle,dense_1024,1,32,27,5,28,38,0.03571428571428571,0.030303030303030304,0.03278688524590164,24,3.0060284323990345,0.005292851477861404
01587,small-vehicle,dense_both,11,300,17,77,28,388,0.39285714285714285,0.03536977491961415,0.06489675516224189,115,14.240835117176175,0.07256872206926346
01587,storage-tank,prompt,4,2,9,0,13,6,0.3076923076923077,0.6666666666666666,0.42105263157894735,10,0.9856271091848612,0.0010760091245174408
01587,storage-tank,full,7,0,6,0,13,7,0.5384615384615384,1.0,0.7,10,1.0947660505771637,0.0015037693083286285
01587,storage-tank,scale_prior,7,0,6,0,13,7,0.5384615384615384,1.0,0.7,10,1.0965987090021372,0.0015098396688699722
01587,storage-tank,matched,7,0,6,0,13,7,0.5384615384615384,1.0,0.7,10,1.0959259197115898,0.001538209617137909
01587,storage-tank,dense_1024,7,0,6,0,13,7,0.5384615384615384,1.0,0.7,24,3.0060284323990345,0.001245357096195221
01587,storage-tank,dense_both,10,3,3,0,13,13,0.7692307692307693,0.7692307692307693,0.7692307692307693,115,14.240835117176175,0.003353055566549301
01588,airplane,prompt,1,2,24,0,25,3,0.04,0.3333333333333333,0.07142857142857142,10,1.3263267017900944,0.0005581267178058624
01588,airplane,full,0,0,25,0,25,0,0.0,0.0,0.0,10,1.319903327152133,7.42599368095398e-05
01588,airplane,scale_prior,0,1,25,0,25,1,0.0,0.0,0.0,10,1.3244797810912132,0.0002126358449459076
01588,airplane,matched,0,0,25,0,25,0,0.0,0.0,0.0,10,1.3231627438217402,5.8978796005249023e-05
01588,airplane,dense_1024,14,1,11,0,25,15,0.56,0.9333333333333333,0.7,24,3.1398747731000185,0.0028159581124782562
01588,airplane,dense_both,19,14,6,0,25,33,0.76,0.5757575757575758,0.6551724137931034,115,14.729265319183469,0.00679408572614193
01588,storage-tank,prompt,1,1,7,0,8,2,0.125,0.5,0.2,10,1.3197141084820032,0.00033762864768505096
01588,storage-tank,full,1,1,7,0,8,2,0.125,0.5,0.2,10,1.2193311285227537,0.0003620367497205734
01588,storage-tank,scale_prior,1,2,7,0,8,3,0.125,0.3333333333333333,0.18181818181818182,10,1.209727667272091,0.0006029084324836731
01588,storage-tank,matched,0,2,8,0,8,2,0.0,0.0,0.0,10,1.3137213848531246,0.00028915517032146454
01588,storage-tank,dense_1024,3,16,5,0,8,19,0.375,0.15789473684210525,0.2222222222222222,24,3.1398747731000185,0.0035295505076646805
01588,storage-tank,dense_both,7,24,1,0,8,31,0.875,0.22580645161290322,0.358974358974359,115,14.729265319183469,0.005334379151463509
01589,storage-tank,prompt,19,7,53,2,72,28,0.2638888888888889,0.7307692307692307,0.3877551020408163,10,1.3092646859586239,0.005802756175398827
01589,storage-tank,full,27,8,45,2,72,37,0.375,0.7714285714285715,0.5046728971962616,10,1.2044731676578522,0.007390152662992477
01589,storage-tank,scale_prior,25,6,47,2,72,33,0.3472222222222222,0.8064516129032258,0.4854368932038835,10,1.2143280636519194,0.0064299870282411575
01589,storage-tank,matched,27,8,45,2,72,37,0.375,0.7714285714285715,0.5046728971962616,10,1.2044731676578522,0.007367640733718872
01589,storage-tank,dense_1024,26,5,46,2,72,33,0.3611111111111111,0.8387096774193549,0.5048543689320388,24,3.0634994748979807,0.005635131150484085
01589,storage-tank,dense_both,26,10,46,2,72,38,0.3611111111111111,0.7222222222222222,0.48148148148148145,115,15.19122626632452,0.008545972406864166
01591,storage-tank,prompt,12,2,1,0,13,14,0.9230769230769231,0.8571428571428571,0.8888888888888888,10,1.225595923140645,0.002318715676665306
01591,storage-tank,full,12,6,1,0,13,18,0.9230769230769231,0.6666666666666666,0.7741935483870968,10,1.3277691341936588,0.0023680273443460464
01591,storage-tank,scale_prior,12,6,1,0,13,18,0.9230769230769231,0.6666666666666666,0.7741935483870968,10,1.3251025285571814,0.0023623574525117874
01591,storage-tank,matched,12,6,1,0,13,18,0.9230769230769231,0.6666666666666666,0.7741935483870968,10,1.3251025285571814,0.002418261021375656
01591,storage-tank,dense_1024,12,9,1,0,13,21,0.9230769230769231,0.5714285714285714,0.7058823529411765,24,3.072418423369527,0.0030144192278385162
01591,storage-tank,dense_both,13,11,0,0,13,24,1.0,0.5416666666666666,0.7027027027027027,115,14.948507538065314,0.004447862505912781
01593,large-vehicle,prompt,22,42,21,2,43,66,0.5116279069767442,0.34375,0.411214953271028,10,1.3131796065717936,0.010099036619067192
01593,large-vehicle,full,28,42,15,2,43,72,0.6511627906976745,0.4,0.49557522123893805,10,1.3226924948394299,0.012163439765572548
01593,large-vehicle,scale_prior,25,34,18,2,43,61,0.5813953488372093,0.423728813559322,0.49019607843137253,10,1.3274193238466978,0.010183067992329597
01593,large-vehicle,matched,26,34,17,2,43,62,0.6046511627906976,0.43333333333333335,0.5048543689320388,10,1.3245683871209621,0.010038089007139206
01593,large-vehicle,dense_1024,37,148,6,6,43,191,0.8604651162790697,0.2,0.32456140350877194,24,3.0931861624121666,0.03324706479907036
01593,large-vehicle,dense_both,42,260,1,12,43,314,0.9767441860465116,0.1390728476821192,0.24347826086956523,115,14.73492193594575,0.06582762487232685
01593,ship,prompt,0,1,1,0,1,1,0.0,0.0,0.0,10,1.1196074858307838,0.00019055232405662537
01593,ship,full,0,0,1,0,1,0,0.0,0.0,0.0,10,1.1262925677001476,5.025230348110199e-05
01593,ship,scale_prior,0,1,1,0,1,1,0.0,0.0,0.0,10,1.2341026030480862,0.00016864947974681854
01593,ship,matched,0,0,1,0,1,0,0.0,0.0,0.0,10,1.2250350825488567,4.8490241169929504e-05
01593,ship,dense_1024,1,10,0,0,1,11,1.0,0.09090909090909091,0.16666666666666666,24,3.0931861624121666,0.0014880876988172531
01593,ship,dense_both,1,17,0,0,1,18,1.0,0.05555555555555555,0.10526315789473684,115,14.73492193594575,0.0025029387325048447
01593,small-vehicle,prompt,193,54,385,1,578,248,0.33391003460207613,0.7813765182186235,0.4678787878787879,10,1.4297130182385445,0.04784552566707134
01593,small-vehicle,full,264,60,314,2,578,326,0.45674740484429066,0.8148148148148148,0.5853658536585366,10,1.5340576134622097,0.06136764585971832
01593,small-vehicle,scale_prior,261,51,317,1,578,313,0.4515570934256055,0.8365384615384616,0.5865168539325842,10,1.328240418806672,0.054380008950829506
01593,small-vehicle,matched,196,56,382,1,578,253,0.3391003460207612,0.7777777777777778,0.472289156626506,10,1.5399386268109083,0.04573516361415386
01593,small-vehicle,dense_1024,508,156,70,23,578,687,0.8788927335640139,0.7650602409638554,0.8180354267310789,24,3.0931861624121666,0.14204164780676365
01593,small-vehicle,dense_both,571,272,7,29,578,872,0.9878892733564014,0.6773428232502966,0.8036593947923997,115,14.73492193594575,0.2304252814501524
01593,swimming-pool,prompt,1,1,0,0,1,2,1.0,0.5,0.6666666666666666,10,1.2398144993931055,0.0003572758287191391
01593,swimming-pool,full,0,3,1,0,1,3,0.0,0.0,0.0,10,1.1401146408170462,0.000479966402053833
01593,swimming-pool,scale_prior,0,0,1,0,1,0,0.0,0.0,0.0,10,1.2378614712506533,5.811639130115509e-05
01593,swimming-pool,matched,0,0,1,0,1,0,0.0,0.0,0.0,10,1.138846369460225,5.3063035011291504e-05
01593,swimming-pool,dense_1024,1,4,0,0,1,5,1.0,0.2,0.3333333333333333,24,3.0931861624121666,0.0008783116936683655
01593,swimming-pool,dense_both,1,8,0,0,1,9,1.0,0.1111111111111111,0.2,115,14.73492193594575,0.0016468409448862076
01596,ship,prompt,131,215,589,0,720,346,0.18194444444444444,0.3786127167630058,0.24577861163227016,10,1.2587323877960443,0.06227896362543106
01596,ship,full,304,292,416,0,720,596,0.4222222222222222,0.5100671140939598,0.46200607902735563,10,1.2186379544436932,0.12398685328662395
01596,ship,scale_prior,386,306,334,0,720,692,0.5361111111111111,0.5578034682080925,0.546742209631728,10,1.3151372112333775,0.1535748429596424
01596,ship,matched,313,235,407,0,720,548,0.43472222222222223,0.5711678832116789,0.49369085173501576,10,1.2163422834128141,0.11444957181811333
01596,ship,dense_1024,511,581,209,1,720,1093,0.7097222222222223,0.46794871794871795,0.5640176600441501,24,3.0954644829034805,0.2579763177782297
01596,ship,dense_both,689,983,31,6,720,1678,0.9569444444444445,0.41208133971291866,0.5760869565217391,115,14.686555983498693,0.49221885204315186
01596,small-vehicle,prompt,68,164,138,2,206,234,0.3300970873786408,0.29310344827586204,0.3105022831050228,10,1.0928709991276264,0.031929414719343185
01596,small-vehicle,full,29,88,177,1,206,118,0.1407766990291262,0.24786324786324787,0.17956656346749225,10,1.3773065749555826,0.01621832884848118
01596,small-vehicle,scale_prior,25,40,181,0,206,65,0.12135922330097088,0.38461538461538464,0.18450184501845018,10,1.4802270624786615,0.00913299061357975
01596,small-vehicle,matched,25,40,181,0,206,65,0.12135922330097088,0.38461538461538464,0.18450184501845018,10,1.4802270624786615,0.009146077558398247
01596,small-vehicle,dense_1024,20,89,186,3,206,112,0.0970873786407767,0.1834862385321101,0.12698412698412698,24,3.0954644829034805,0.018230963498353958
01596,small-vehicle,dense_both,183,671,23,6,206,860,0.8883495145631068,0.21428571428571427,0.3452830188679245,115,14.686555983498693,0.15499914437532425
01596,swimming-pool,prompt,14,12,60,0,74,26,0.1891891891891892,0.5384615384615384,0.28,10,1.2494446262717247,0.00489291176199913
01596,swimming-pool,full,33,18,41,0,74,51,0.44594594594594594,0.6470588235294118,0.528,10,1.2665187381207943,0.008836964145302773
01596,swimming-pool,scale_prior,34,18,40,0,74,52,0.4594594594594595,0.6538461538461539,0.5396825396825397,10,1.217987034469843,0.009662719443440437
01596,swimming-pool,matched,32,18,42,0,74,50,0.43243243243243246,0.64,0.5161290322580645,10,1.2676672134548426,0.01043151319026947
01596,swimming-pool,dense_1024,36,23,38,0,74,59,0.4864864864864865,0.6101694915254238,0.5413533834586466,24,3.0954644829034805,0.011037681251764297
01596,swimming-pool,dense_both,55,60,19,0,74,115,0.7432432432432432,0.4782608695652174,0.582010582010582,115,14.686555983498693,0.02586548589169979
01598,airplane,prompt,11,8,4,0,15,19,0.7333333333333333,0.5789473684210527,0.6470588235294118,10,1.3320528641343117,0.0033000949770212173
01598,airplane,full,5,9,10,0,15,14,0.3333333333333333,0.35714285714285715,0.3448275862068966,10,1.3365859258919954,0.0032461807131767273
01598,airplane,scale_prior,2,4,13,0,15,6,0.13333333333333333,0.3333333333333333,0.19047619047619047,10,1.330278979614377,0.0011554770171642303
01598,airplane,matched,2,4,13,0,15,6,0.13333333333333333,0.3333333333333333,0.19047619047619047,10,1.330278979614377,0.0011912621557712555
01598,airplane,dense_1024,5,11,10,0,15,16,0.3333333333333333,0.3125,0.3225806451612903,24,3.0709263272583485,0.0040706004947423935
01598,airplane,dense_both,12,20,3,0,15,32,0.8,0.375,0.5106382978723404,115,15.862554898485541,0.0074278246611356735
01598,storage-tank,prompt,4,0,0,1,4,5,1.0,1.0,1.0,10,1.4406714495271444,0.0014464277774095535
01598,storage-tank,full,4,4,0,1,4,9,1.0,0.5,0.6666666666666666,10,1.444041881710291,0.0017630960792303085
01598,storage-tank,scale_prior,4,4,0,1,4,9,1.0,0.5,0.6666666666666666,10,1.3275750204920769,0.0013621468096971512
01598,storage-tank,matched,4,0,0,1,4,5,1.0,1.0,1.0,10,1.3311947658658028,0.0010800398886203766
01598,storage-tank,dense_1024,4,4,0,3,4,11,1.0,0.5,0.6666666666666666,24,3.0709263272583485,0.001799052581191063
01598,storage-tank,dense_both,4,5,0,3,4,12,1.0,0.4444444444444444,0.6153846153846154,115,15.862554898485541,0.0026056822389364243
01600,airplane,prompt,9,6,18,0,27,15,0.3333333333333333,0.6,0.42857142857142855,10,1.2988003809005022,0.00415421649813652
01600,airplane,full,9,8,18,0,27,17,0.3333333333333333,0.5294117647058824,0.4090909090909091,10,1.2025980856269598,0.003488624468445778
01600,airplane,scale_prior,5,1,22,0,27,6,0.18518518518518517,0.8333333333333334,0.30303030303030304,10,1.2993628215044737,0.0011741351336240768
01600,airplane,matched,5,1,22,0,27,6,0.18518518518518517,0.8333333333333334,0.30303030303030304,10,1.19689504429698,0.0011573191732168198
01600,airplane,dense_1024,16,8,11,0,27,24,0.5925925925925926,0.6666666666666666,0.6274509803921569,24,3.023290168493986,0.004912380129098892
01600,airplane,dense_both,20,11,7,0,27,31,0.7407407407407407,0.6451612903225806,0.6896551724137931,128,16.052904753014445,0.010623706504702568
01600,large-vehicle,prompt,17,51,45,0,62,68,0.27419354838709675,0.25,0.26153846153846155,10,1.3111695535480976,0.009806405752897263
01600,large-vehicle,full,35,123,27,0,62,158,0.5645161290322581,0.22151898734177214,0.3181818181818182,10,1.3017771635204554,0.022206692025065422
01600,large-vehicle,scale_prior,30,117,32,0,62,147,0.4838709677419355,0.20408163265306123,0.28708133971291866,10,1.4065633043646812,0.02108309604227543
01600,large-vehicle,matched,30,117,32,0,62,147,0.4838709677419355,0.20408163265306123,0.28708133971291866,10,1.4065633043646812,0.020009823143482208
01600,large-vehicle,dense_1024,41,152,21,0,62,193,0.6612903225806451,0.21243523316062177,0.3215686274509804,24,3.023290168493986,0.028191527351737022
01600,large-vehicle,dense_both,54,203,8,0,62,257,0.8709677419354839,0.21011673151750973,0.3385579937304075,128,16.052904753014445,0.04522253759205341
01600,ship,prompt,303,42,71,5,374,350,0.8101604278074866,0.8782608695652174,0.8428372739916551,10,1.5597500205039978,0.08236197754740715
01600,ship,full,281,51,93,5,374,337,0.7513368983957219,0.8463855421686747,0.7960339943342776,10,1.351794995367527,0.07955500297248363
01600,ship,scale_prior,281,51,93,5,374,337,0.7513368983957219,0.8463855421686747,0.7960339943342776,10,1.351794995367527,0.07945530861616135
01600,ship,matched,281,51,93,5,374,337,0.7513368983957219,0.8463855421686747,0.7960339943342776,10,1.351794995367527,0.07928265817463398
01600,ship,dense_1024,295,56,79,5,374,356,0.7887700534759359,0.8404558404558404,0.8137931034482758,24,3.023290168493986,0.09316265769302845
01600,ship,dense_both,359,113,15,5,374,477,0.9598930481283422,0.760593220338983,0.8486997635933806,128,16.052904753014445,0.1492229402065277
01600,small-vehicle,prompt,548,189,1567,0,2115,737,0.2591016548463357,0.7435549525101763,0.38429172510518933,10,1.4050681684166193,0.14390362054109573
01600,small-vehicle,full,176,138,1939,0,2115,314,0.08321513002364066,0.5605095541401274,0.14491560312885962,10,1.3040906246751547,0.06026472710072994
01600,small-vehicle,scale_prior,166,129,1949,0,2115,295,0.07848699763593381,0.5627118644067797,0.13775933609958507,10,1.4074893444776535,0.05518943443894386
01600,small-vehicle,matched,166,129,1949,0,2115,295,0.07848699763593381,0.5627118644067797,0.13775933609958507,10,1.4074893444776535,0.05538082867860794
01600,small-vehicle,dense_1024,163,164,1952,0,2115,327,0.07706855791962175,0.4984709480122324,0.1334971334971335,24,3.023290168493986,0.07006892003118992
01600,small-vehicle,dense_both,1668,779,447,0,2115,2447,0.7886524822695036,0.681651001225991,0.7312582200789127,128,16.052904753014445,0.5823936834931374
01601,storage-tank,prompt,2,14,0,0,2,16,1.0,0.125,0.2222222222222222,10,1.5583938267081976,0.003039715811610222
01601,storage-tank,full,2,14,0,0,2,16,1.0,0.125,0.2222222222222222,10,1.56426558829844,0.0035274922847747803
01601,storage-tank,scale_prior,2,14,0,0,2,16,1.0,0.125,0.2222222222222222,10,1.4671667777001858,0.0032370686531066895
01601,storage-tank,matched,2,14,0,0,2,16,1.0,0.125,0.2222222222222222,10,1.4616807997226715,0.0033401232212781906
01601,storage-tank,dense_1024,2,15,0,0,2,17,1.0,0.11764705882352941,0.21052631578947367,24,3.3291170950978994,0.003398379310965538
01601,storage-tank,dense_both,2,15,0,0,2,17,1.0,0.11764705882352941,0.21052631578947367,115,16.11421742849052,0.004277568310499191
01603,large-vehicle,prompt,0,45,1,0,1,45,0.0,0.0,0.0,10,0.9914850126951933,0.005898535251617432
01603,large-vehicle,full,0,49,1,0,1,49,0.0,0.0,0.0,10,1.4295827765017748,0.006017629057168961
01603,large-vehicle,scale_prior,0,43,1,0,1,43,0.0,0.0,0.0,10,1.3249787222594023,0.004908327013254166
01603,large-vehicle,matched,0,43,1,0,1,43,0.0,0.0,0.0,10,1.3249787222594023,0.0049018245190382
01603,large-vehicle,dense_1024,0,61,1,0,1,61,0.0,0.0,0.0,24,3.038857638835907,0.00831323117017746
01603,large-vehicle,dense_both,1,102,0,0,1,103,1.0,0.009708737864077669,0.019230769230769232,115,14.884571433067322,0.01887626200914383
01603,small-vehicle,prompt,300,18,298,0,598,318,0.5016722408026756,0.9433962264150944,0.6550218340611353,10,1.2327260673046112,0.07823028229176998
01603,small-vehicle,full,488,18,110,0,598,506,0.8160535117056856,0.9644268774703557,0.8840579710144928,10,1.3349551856517792,0.1432175487279892
01603,small-vehicle,scale_prior,502,15,96,0,598,517,0.8394648829431438,0.9709864603481625,0.9004484304932735,10,1.328352963551879,0.14524322375655174
01603,small-vehicle,matched,490,10,108,0,598,500,0.8193979933110368,0.98,0.8925318761384335,10,1.326031168922782,0.14560573548078537
01603,small-vehicle,dense_1024,505,29,93,0,598,534,0.8444816053511706,0.9456928838951311,0.892226148409894,24,3.038857638835907,0.1505900863558054
01603,small-vehicle,dense_both,594,63,4,0,598,657,0.9933110367892977,0.9041095890410958,0.9466135458167331,115,14.884571433067322,0.23829983919858932
01606,storage-tank,prompt,39,18,29,1,68,58,0.5735294117647058,0.6842105263157895,0.624,10,1.5252508595585823,0.011044543236494064
01606,storage-tank,full,48,21,20,1,68,70,0.7058823529411765,0.6956521739130435,0.7007299270072993,10,1.4126653112471104,0.01534738577902317
01606,storage-tank,scale_prior,28,17,40,1,68,46,0.4117647058823529,0.6222222222222222,0.49557522123893805,10,1.3405517265200615,0.010364051908254623
01606,storage-tank,matched,48,21,20,1,68,70,0.7058823529411765,0.6956521739130435,0.7007299270072993,10,1.4157002661377192,0.01531773991882801
01606,storage-tank,dense_1024,28,16,40,1,68,45,0.4117647058823529,0.6363636363636364,0.5,24,3.7206975892186165,0.00981086865067482
01606,storage-tank,dense_both,50,27,18,1,68,78,0.7352941176470589,0.6493506493506493,0.6896551724137931,115,16.117027016356587,0.018090074881911278
01606,swimming-pool,prompt,11,31,110,0,121,42,0.09090909090909091,0.2619047619047619,0.13496932515337423,10,1.2629729863256216,0.005927693098783493
01606,swimming-pool,full,9,7,112,0,121,16,0.0743801652892562,0.5625,0.13138686131386862,10,1.4382800720632076,0.0030382853001356125
01606,swimming-pool,scale_prior,6,6,115,0,121,12,0.049586776859504134,0.5,0.09022556390977443,10,1.344357518479228,0.00229048915207386
01606,swimming-pool,matched,6,6,115,0,121,12,0.049586776859504134,0.5,0.09022556390977443,10,1.344357518479228,0.0021690763533115387
01606,swimming-pool,dense_1024,15,13,106,0,121,28,0.12396694214876033,0.5357142857142857,0.20134228187919462,24,3.7206975892186165,0.00499219074845314
01606,swimming-pool,dense_both,58,121,63,0,121,179,0.4793388429752066,0.3240223463687151,0.38666666666666666,115,16.117027016356587,0.03105441853404045
01607,airplane,prompt,57,2,33,9,90,68,0.6333333333333333,0.9661016949152542,0.7651006711409396,10,1.1033546663820744,0.015424516052007675
01607,airplane,full,89,1,1,17,90,107,0.9888888888888889,0.9888888888888889,0.9888888888888889,10,1.1922702249139547,0.027085019275546074
01607,airplane,scale_prior,43,1,47,8,90,52,0.4777777777777778,0.9772727272727273,0.6417910447761194,10,1.2617492768913507,0.01644396223127842
01607,airplane,matched,43,1,47,8,90,52,0.4777777777777778,0.9772727272727273,0.6417910447761194,10,1.2617492768913507,0.016421735286712646
01607,airplane,dense_1024,89,1,1,17,90,107,0.9888888888888889,0.9888888888888889,0.9888888888888889,24,3.0778873786330223,0.03134662285447121
01607,airplane,dense_both,90,17,0,19,90,126,1.0,0.8411214953271028,0.9137055837563451,115,14.87808739952743,0.04562658071517944
01607,storage-tank,prompt,3,4,0,0,3,7,1.0,0.42857142857142855,0.6,10,1.5350133087486029,0.0012191757559776306
01607,storage-tank,full,3,5,0,0,3,8,1.0,0.375,0.5454545454545454,10,1.4890343826264143,0.0013999808579683304
01607,storage-tank,scale_prior,3,4,0,0,3,7,1.0,0.42857142857142855,0.6,10,1.4877131693065166,0.0012890994548797607
01607,storage-tank,matched,3,4,0,0,3,7,1.0,0.42857142857142855,0.6,10,1.4877131693065166,0.0013224296271800995
01607,storage-tank,dense_1024,3,5,0,0,3,8,1.0,0.375,0.5454545454545454,24,3.0778873786330223,0.001482948660850525
01607,storage-tank,dense_both,3,9,0,0,3,12,1.0,0.25,0.4,115,14.87808739952743,0.0023328009992837906
01608,airplane,prompt,73,9,24,1,97,83,0.7525773195876289,0.8902439024390244,0.8156424581005587,10,1.191220436245203,0.01930101588368416
01608,airplane,full,82,8,15,1,97,91,0.845360824742268,0.9111111111111111,0.8770053475935828,10,1.1905270498245955,0.022870471701025963
01608,airplane,scale_prior,75,7,22,3,97,85,0.7731958762886598,0.9146341463414634,0.8379888268156425,10,1.1953285783529282,0.019530819728970528
01608,airplane,matched,75,7,22,3,97,85,0.7731958762886598,0.9146341463414634,0.8379888268156425,10,1.1953285783529282,0.019549747928977013
01608,airplane,dense_1024,82,9,15,4,97,95,0.845360824742268,0.9010989010989011,0.8723404255319149,24,3.0447593238204718,0.023975806310772896
01608,airplane,dense_both,94,17,3,4,97,115,0.9690721649484536,0.8468468468468469,0.9038461538461539,108,13.591102117672563,0.038407664746046066
01608,large-vehicle,prompt,0,18,8,0,8,18,0.0,0.0,0.0,10,1.308241542428732,0.0020080599933862686
01608,large-vehicle,full,6,33,2,0,8,39,0.75,0.15384615384615385,0.2553191489361702,10,1.1025831885635853,0.004745900630950928
01608,large-vehicle,scale_prior,6,37,2,0,8,43,0.75,0.13953488372093023,0.23529411764705882,10,1.2149117309600115,0.005473894998431206
01608,large-vehicle,matched,6,37,2,0,8,43,0.75,0.13953488372093023,0.23529411764705882,10,1.2149117309600115,0.005406457930803299
01608,large-vehicle,dense_1024,6,82,2,0,8,88,0.75,0.06818181818181818,0.125,24,3.0447593238204718,0.013442611321806908
01608,large-vehicle,dense_both,8,139,0,0,8,147,1.0,0.05442176870748299,0.1032258064516129,108,13.591102117672563,0.027924183756113052
01608,small-vehicle,prompt,406,295,312,0,718,701,0.5654596100278552,0.579172610556348,0.5722339675828048,10,1.3190061766654253,0.11915118433535099
01608,small-vehicle,full,256,273,462,0,718,529,0.3565459610027855,0.4839319470699433,0.41058540497193263,10,1.2096916250884533,0.10788044333457947
01608,small-vehicle,scale_prior,333,314,385,0,718,647,0.4637883008356546,0.5146831530139103,0.4879120879120879,10,1.3236861061304808,0.13383632898330688
01608,small-vehicle,matched,277,293,441,0,718,570,0.38579387186629527,0.48596491228070177,0.4301242236024845,10,1.2157864291220903,0.11798905953764915
01608,small-vehicle,dense_1024,329,467,389,0,718,796,0.4582172701949861,0.41331658291457285,0.4346103038309115,24,3.0447593238204718,0.18838980421423912
01608,small-vehicle,dense_both,629,869,89,1,718,1499,0.8760445682451253,0.4198931909212283,0.5676895306859205,108,13.591102117672563,0.38833275996148586
01609,airplane,prompt,6,24,7,0,13,30,0.46153846153846156,0.2,0.27906976744186046,10,1.324438290670514,0.005991902202367783
01609,airplane,full,2,24,11,0,13,26,0.15384615384615385,0.07692307692307693,0.10256410256410256,10,1.3391517288982868,0.004354421049356461
01609,airplane,scale_prior,1,15,12,0,13,16,0.07692307692307693,0.0625,0.06896551724137931,10,1.2233162354677916,0.0028432216495275497
01609,airplane,matched,6,15,7,0,13,21,0.46153846153846156,0.2857142857142857,0.35294117647058826,10,1.2270893715322018,0.0039231497794389725
01609,airplane,dense_1024,1,24,12,0,13,25,0.07692307692307693,0.04,0.05263157894736842,24,3.0686579700559378,0.003894774243235588
01609,airplane,dense_both,6,33,7,0,13,39,0.46153846153846156,0.15384615384615385,0.23076923076923078,115,14.412869915366173,0.008473971858620644
01609,storage-tank,prompt,32,28,2,0,34,60,0.9411764705882353,0.5333333333333333,0.6808510638297872,10,1.087045345455408,0.01195647194981575
01609,storage-tank,full,32,30,2,0,34,62,0.9411764705882353,0.5161290322580645,0.6666666666666666,10,1.2966611459851265,0.01315317489206791
01609,storage-tank,scale_prior,32,30,2,0,34,62,0.9411764705882353,0.5161290322580645,0.6666666666666666,10,1.4234154224395752,0.013483017683029175
01609,storage-tank,matched,32,30,2,0,34,62,0.9411764705882353,0.5161290322580645,0.6666666666666666,10,1.4218125492334366,0.013025986030697823
01609,storage-tank,dense_1024,28,29,6,0,34,57,0.8235294117647058,0.49122807017543857,0.6153846153846154,24,3.0686579700559378,0.01321360096335411
01609,storage-tank,dense_both,33,45,1,0,34,78,0.9705882352941176,0.4230769230769231,0.5892857142857143,115,14.412869915366173,0.018852906301617622
01611,airplane,prompt,5,1,0,0,5,6,1.0,0.8333333333333334,0.9090909090909091,10,1.238948157057166,0.0014819633215665817
01611,airplane,full,5,1,0,0,5,6,1.0,0.8333333333333334,0.9090909090909091,10,1.2318941708654165,0.0013246294111013412
01611,airplane,scale_prior,3,0,2,0,5,3,0.6,1.0,0.75,10,1.3487997204065323,0.0005565937608480453
01611,airplane,matched,5,1,0,0,5,6,1.0,0.8333333333333334,0.9090909090909091,10,1.1273927967995405,0.0015106648206710815
01611,airplane,dense_1024,3,0,2,0,5,3,0.6,1.0,0.75,24,3.154447803273797,0.0005440432578325272
01611,airplane,dense_both,5,2,0,0,5,7,1.0,0.7142857142857143,0.8333333333333334,115,15.600427253171802,0.0018950104713439941
01611,small-vehicle,prompt,15,26,12,0,27,41,0.5555555555555556,0.36585365853658536,0.4411764705882353,10,1.2628102414309978,0.007807103917002678
01611,small-vehicle,full,11,33,16,0,27,44,0.4074074074074074,0.25,0.30985915492957744,10,1.2702883910387754,0.0076481737196445465
01611,small-vehicle,scale_prior,11,34,16,0,27,45,0.4074074074074074,0.24444444444444444,0.3055555555555556,10,1.2444274984300137,0.0077817365527153015
01611,small-vehicle,matched,15,29,12,0,27,44,0.5555555555555556,0.3409090909090909,0.4225352112676056,10,1.1445064786821604,0.006865939125418663
01611,small-vehicle,dense_1024,12,32,15,0,27,44,0.4444444444444444,0.2727272727272727,0.3380281690140845,24,3.154447803273797,0.008004063740372658
01611,small-vehicle,dense_both,25,135,2,0,27,160,0.9259259259259259,0.15625,0.26737967914438504,115,15.600427253171802,0.026667457073926926
01613,airplane,prompt,43,18,24,1,67,62,0.6417910447761194,0.7049180327868853,0.671875,10,1.3873723950237036,0.013350127264857292
01613,airplane,full,66,33,1,2,67,101,0.9850746268656716,0.6666666666666666,0.7951807228915663,10,1.1798632852733135,0.025307219475507736
01613,airplane,scale_prior,66,28,1,2,67,96,0.9850746268656716,0.7021276595744681,0.8198757763975155,10,1.192424912005663,0.022264085710048676
01613,airplane,matched,66,33,1,2,67,101,0.9850746268656716,0.6666666666666666,0.7951807228915663,10,1.1798632852733135,0.025290006771683693
01613,airplane,dense_1024,66,30,1,3,67,99,0.9850746268656716,0.6875,0.8098159509202454,24,3.0454171746969223,0.02200484648346901
01613,airplane,dense_both,67,38,0,2,67,107,1.0,0.638095238095238,0.7790697674418605,115,14.66343853995204,0.033804332837462425
01615,ship,prompt,86,53,11,1,97,140,0.8865979381443299,0.6187050359712231,0.7288135593220338,10,0.9693399779498577,0.03704192489385605
01615,ship,full,88,51,9,1,97,140,0.9072164948453608,0.6330935251798561,0.7457627118644068,10,1.065010229125619,0.04829869419336319
01615,ship,scale_prior,76,35,21,0,97,111,0.7835051546391752,0.6846846846846847,0.7307692307692307,10,1.2778989262878895,0.03406696766614914
01615,ship,matched,85,48,12,1,97,134,0.8762886597938144,0.6390977443609023,0.7391304347826086,10,1.064986240118742,0.04295663721859455
01615,ship,dense_1024,71,34,26,0,97,105,0.7319587628865979,0.6761904761904762,0.7029702970297029,24,2.873110096901655,0.031614502891898155
01615,ship,dense_both,88,147,9,6,97,241,0.9072164948453608,0.37446808510638296,0.5301204819277109,115,13.82972751557827,0.06475871987640858
01615,small-vehicle,prompt,76,104,309,17,385,197,0.1974025974025974,0.4222222222222222,0.26902654867256637,10,1.3899608235806227,0.03390599600970745
01615,small-vehicle,full,135,102,250,19,385,256,0.35064935064935066,0.569620253164557,0.4340836012861736,10,1.3968344777822495,0.05141132324934006
01615,small-vehicle,scale_prior,99,93,286,20,385,212,0.2571428571428571,0.515625,0.3431542461005199,10,1.3952523209154606,0.04184657521545887
01615,small-vehicle,matched,99,93,286,20,385,212,0.2571428571428571,0.515625,0.3431542461005199,10,1.3952523209154606,0.040742455050349236
01615,small-vehicle,dense_1024,172,142,213,40,385,354,0.44675324675324674,0.5477707006369427,0.49213161659513593,24,2.873110096901655,0.077661307528615
01615,small-vehicle,dense_both,296,466,89,91,385,853,0.7688311688311689,0.3884514435695538,0.5161290322580645,115,13.82972751557827,0.20662971027195454
01615,swimming-pool,prompt,4,7,22,1,26,12,0.15384615384615385,0.36363636363636365,0.21621621621621623,10,1.185039233416319,0.0025043319910764694
01615,swimming-pool,full,16,6,10,1,26,23,0.6153846153846154,0.7272727272727273,0.6666666666666666,10,1.0858296118676662,0.004079656675457954
01615,swimming-pool,scale_prior,16,9,10,0,26,25,0.6153846153846154,0.64,0.6274509803921569,10,1.0860246866941452,0.0040366798639297485
01615,swimming-pool,matched,19,6,7,0,26,25,0.7307692307692307,0.76,0.7450980392156863,10,0.9869706518948078,0.00435003824532032
01615,swimming-pool,dense_1024,22,11,4,1,26,34,0.8461538461538461,0.6666666666666666,0.7457627118644068,24,2.873110096901655,0.006556488573551178
01615,swimming-pool,dense_both,24,87,2,2,26,113,0.9230769230769231,0.21621621621621623,0.35036496350364965,115,13.82972751557827,0.020658621564507484
01631,small-vehicle,prompt,37,100,221,0,258,137,0.1434108527131783,0.27007299270072993,0.18734177215189873,10,1.1124630402773619,0.019571438431739807
01631,small-vehicle,full,102,164,156,0,258,266,0.3953488372093023,0.38345864661654133,0.3893129770992366,10,1.3090840205550194,0.043509211391210556
01631,small-vehicle,scale_prior,104,174,154,0,258,278,0.40310077519379844,0.37410071942446044,0.3880597014925373,10,1.3996856324374676,0.04447920061647892
01631,small-vehicle,matched,84,164,174,0,258,248,0.32558139534883723,0.3387096774193548,0.33201581027667987,10,1.3980579916387796,0.04012097604572773
01631,small-vehicle,dense_1024,252,328,6,0,258,580,0.9767441860465116,0.43448275862068964,0.6014319809069213,24,2.986747035756707,0.1024584248661995
01631,small-vehicle,dense_both,257,578,1,1,258,836,0.9961240310077519,0.3077844311377245,0.47026532479414457,115,14.084526060149074,0.1773123200982809
01631,swimming-pool,prompt,49,13,168,1,217,63,0.22580645161290322,0.7903225806451613,0.35125448028673834,10,1.3920296411961317,0.010467104613780975
01631,swimming-pool,full,147,29,70,5,217,181,0.6774193548387096,0.8352272727272727,0.7480916030534351,10,1.2846693117171526,0.03150574117898941
01631,swimming-pool,scale_prior,129,28,88,5,217,162,0.5944700460829493,0.821656050955414,0.6898395721925134,10,1.3779414966702461,0.028811590746045113
01631,swimming-pool,matched,141,29,76,5,217,175,0.6497695852534562,0.8294117647058824,0.7286821705426356,10,1.3905946593731642,0.03108317404985428
01631,swimming-pool,dense_1024,208,43,9,7,217,258,0.9585253456221198,0.8286852589641435,0.8888888888888888,24,2.986747035756707,0.05521709658205509
01631,swimming-pool,dense_both,207,73,10,7,217,287,0.9539170506912442,0.7392857142857143,0.8329979879275654,115,14.084526060149074,0.08311644196510315
01633,ship,prompt,0,5,2,0,2,5,0.0,0.0,0.0,10,1.3238376379013062,0.0007866472005844116
01633,ship,full,0,6,2,0,2,6,0.0,0.0,0.0,10,1.3310817312449217,0.0007816962897777557
01633,ship,scale_prior,0,4,2,0,2,4,0.0,0.0,0.0,10,1.3292806055396795,0.0006162878125905991
01633,ship,matched,0,4,2,0,2,4,0.0,0.0,0.0,10,1.3292806055396795,0.000578615814447403
01633,ship,dense_1024,0,9,2,0,2,9,0.0,0.0,0.0,24,3.0889976415783167,0.0013449955731630325
01633,ship,dense_both,2,34,0,0,2,36,1.0,0.05555555555555555,0.10526315789473684,115,14.712512658908963,0.00529814139008522
01633,small-vehicle,prompt,99,146,419,0,518,245,0.19111969111969113,0.40408163265306124,0.2595019659239843,10,1.415131814777851,0.03707202896475792
01633,small-vehicle,full,252,260,266,0,518,512,0.4864864864864865,0.4921875,0.4893203883495146,10,1.234127601608634,0.07868247479200363
01633,small-vehicle,scale_prior,235,239,283,0,518,474,0.45366795366795365,0.4957805907172996,0.4737903225806452,10,1.3265563566237688,0.071567602455616
01633,small-vehicle,matched,254,259,264,0,518,513,0.49034749034749037,0.4951267056530214,0.492725509214355,10,1.3248005602508783,0.07841365970671177
01633,small-vehicle,dense_1024,451,532,67,0,518,983,0.8706563706563707,0.4587995930824008,0.6009327115256495,24,3.0889976415783167,0.1833390798419714
01633,small-vehicle,dense_both,494,948,24,0,518,1442,0.9536679536679536,0.34257975034674065,0.5040816326530613,115,14.712512658908963,0.3118695244193077
01633,swimming-pool,prompt,32,9,36,0,68,41,0.47058823529411764,0.7804878048780488,0.5871559633027523,10,1.2061693761497736,0.007605234161019325
01633,swimming-pool,full,37,14,31,3,68,54,0.5441176470588235,0.7254901960784313,0.6218487394957983,10,1.216361217200756,0.01027916930615902
01633,swimming-pool,scale_prior,35,9,33,1,68,45,0.5147058823529411,0.7954545454545454,0.625,10,1.1165230702608824,0.008162086829543114
01633,swimming-pool,matched,35,9,33,1,68,45,0.5147058823529411,0.7954545454545454,0.625,10,1.1165230702608824,0.008144732564687729
01633,swimming-pool,dense_1024,63,28,5,4,68,95,0.9264705882352942,0.6923076923076923,0.7924528301886793,24,3.0889976415783167,0.01738826185464859
01633,swimming-pool,dense_both,64,76,4,4,68,144,0.9411764705882353,0.45714285714285713,0.6153846153846154,115,14.712512658908963,0.03224886395037174
01645,airplane,prompt,0,2,5,0,5,2,0.0,0.0,0.0,10,1.2091478761285543,0.0004641767591238022
01645,airplane,full,4,3,1,0,5,7,0.8,0.5714285714285714,0.6666666666666666,10,1.3063762970268726,0.0010107606649398804
01645,airplane,scale_prior,4,3,1,0,5,7,0.8,0.5714285714285714,0.6666666666666666,10,1.410595342516899,0.0010288972407579422
01645,airplane,matched,4,3,1,0,5,7,0.8,0.5714285714285714,0.6666666666666666,10,1.30845757573843,0.00111420638859272
01645,airplane,dense_1024,4,3,1,0,5,7,0.8,0.5714285714285714,0.6666666666666666,24,2.9558729734271765,0.0010839495807886124
01645,airplane,dense_both,4,4,1,0,5,8,0.8,0.5,0.6153846153846154,128,16.50137835368514,0.001784415915608406
01645,helicopter,prompt,3,0,0,0,3,3,1.0,1.0,1.0,10,1.1672935578972101,0.0009859781712293625
01645,helicopter,full,3,0,0,0,3,3,1.0,1.0,1.0,10,1.32035843282938,0.0013792794197797775
01645,helicopter,scale_prior,3,0,0,0,3,3,1.0,1.0,1.0,10,1.221947243437171,0.001169458031654358
01645,helicopter,matched,3,0,0,0,3,3,1.0,1.0,1.0,10,1.221947243437171,0.0012048445641994476
01645,helicopter,dense_1024,3,0,0,0,3,3,1.0,1.0,1.0,24,2.9558729734271765,0.0012782923877239227
01645,helicopter,dense_both,3,2,0,0,3,5,1.0,0.6,0.75,128,16.50137835368514,0.001821868121623993
01645,large-vehicle,prompt,2,16,8,0,10,18,0.2,0.1111111111111111,0.14285714285714285,10,1.1093816962093115,0.0021118950098752975
01645,large-vehicle,full,5,27,5,0,10,32,0.5,0.15625,0.23809523809523808,10,1.3166275210678577,0.004528108984231949
01645,large-vehicle,scale_prior,3,21,7,0,10,24,0.3,0.125,0.17647058823529413,10,1.3191954158246517,0.0038601476699113846
01645,large-vehicle,matched,3,21,7,0,10,24,0.3,0.125,0.17647058823529413,10,1.3191954158246517,0.0038461145013570786
01645,large-vehicle,dense_1024,6,30,4,0,10,36,0.6,0.16666666666666666,0.2608695652173913,24,2.9558729734271765,0.0058940742164850235
01645,large-vehicle,dense_both,9,62,1,0,10,71,0.9,0.1267605633802817,0.2222222222222222,128,16.50137835368514,0.013131652027368546
01645,small-vehicle,prompt,0,23,381,0,381,23,0.0,0.0,0.0,10,1.1059120744466782,0.0031992271542549133
01645,small-vehicle,full,0,22,381,0,381,22,0.0,0.0,0.0,10,1.2141632493585348,0.0036432817578315735
01645,small-vehicle,scale_prior,0,26,381,0,381,26,0.0,0.0,0.0,10,1.218417689204216,0.008348653092980385
01645,small-vehicle,matched,0,26,381,0,381,26,0.0,0.0,0.0,10,1.218417689204216,0.00827336497604847
01645,small-vehicle,dense_1024,0,55,381,0,381,55,0.0,0.0,0.0,24,2.9558729734271765,0.01473982259631157
01645,small-vehicle,dense_both,191,574,190,0,381,765,0.5013123359580053,0.2496732026143791,0.3333333333333333,128,16.50137835368514,0.15537342429161072
01645,swimming-pool,prompt,12,10,29,0,41,22,0.2926829268292683,0.5454545454545454,0.38095238095238093,10,1.440968269482255,0.0038305558264255524
01645,swimming-pool,full,19,17,22,0,41,36,0.4634146341463415,0.5277777777777778,0.4935064935064935,10,1.219410179182887,0.007596220821142197
01645,swimming-pool,scale_prior,20,18,21,0,41,38,0.4878048780487805,0.5263157894736842,0.5063291139240507,10,1.2183387260884047,0.00755300372838974
01645,swimming-pool,matched,21,17,20,0,41,38,0.5121951219512195,0.5526315789473685,0.5316455696202531,10,1.219519555568695,0.007242610678076744
01645,swimming-pool,dense_1024,28,18,13,0,41,46,0.6829268292682927,0.6086956521739131,0.6436781609195402,24,2.9558729734271765,0.009450633078813553
01645,swimming-pool,dense_both,31,25,10,0,41,56,0.7560975609756098,0.5535714285714286,0.6391752577319587,128,16.50137835368514,0.015525754541158676
01661,large-vehicle,prompt,1,84,30,0,31,85,0.03225806451612903,0.011764705882352941,0.017241379310344827,10,1.4595567304641008,0.009328307583928108
01661,large-vehicle,full,13,141,18,0,31,154,0.41935483870967744,0.08441558441558442,0.14054054054054055,10,1.2337266374379396,0.018831616267561913
01661,large-vehicle,scale_prior,15,98,16,0,31,113,0.4838709677419355,0.13274336283185842,0.20833333333333334,10,1.2383501846343279,0.015092847868800163
01661,large-vehicle,matched,12,70,19,0,31,82,0.3870967741935484,0.14634146341463414,0.21238938053097345,10,1.2394938617944717,0.01135941967368126
01661,large-vehicle,dense_1024,26,207,5,0,31,233,0.8387096774193549,0.11158798283261803,0.19696969696969696,24,3.195226091891527,0.03697540797293186
01661,large-vehicle,dense_both,30,544,1,1,31,575,0.967741935483871,0.05226480836236934,0.09917355371900827,115,15.155518716201186,0.10556012205779552
01661,ship,prompt,1,7,0,0,1,8,1.0,0.125,0.2222222222222222,10,1.2288939747959375,0.0011702682822942734
01661,ship,full,1,7,0,0,1,8,1.0,0.125,0.2222222222222222,10,1.3321644738316536,0.0012192316353321075
01661,ship,scale_prior,1,11,0,0,1,12,1.0,0.08333333333333333,0.15384615384615385,10,1.2384552005678415,0.0016758479177951813
01661,ship,matched,1,11,0,0,1,12,1.0,0.08333333333333333,0.15384615384615385,10,1.2384552005678415,0.0016677863895893097
01661,ship,dense_1024,1,17,0,0,1,18,1.0,0.05555555555555555,0.10526315789473684,24,3.195226091891527,0.0027560368180274963
01661,ship,dense_both,1,63,0,0,1,64,1.0,0.015625,0.03076923076923077,115,15.155518716201186,0.009747326374053955
01661,small-vehicle,prompt,295,80,510,0,805,375,0.36645962732919257,0.7866666666666666,0.5,10,1.3397053610533476,0.07198371551930904
01661,small-vehicle,full,439,159,366,0,805,598,0.5453416149068323,0.7341137123745819,0.6258018531717747,10,1.2401577029377222,0.11357457749545574
01661,small-vehicle,scale_prior,269,101,536,0,805,370,0.3341614906832298,0.727027027027027,0.45787234042553193,10,1.1433154717087746,0.07280595600605011
01661,small-vehicle,matched,269,101,536,0,805,370,0.3341614906832298,0.727027027027027,0.45787234042553193,10,1.139870684593916,0.07242639549076557
01661,small-vehicle,dense_1024,569,225,236,2,805,796,0.7068322981366459,0.716624685138539,0.7116948092557849,24,3.195226091891527,0.17159433662891388
01661,small-vehicle,dense_both,781,436,24,2,805,1219,0.9701863354037267,0.6417419884963024,0.7725024727992087,115,15.155518716201186,0.29568420723080635
01661,swimming-pool,prompt,6,2,1,0,7,8,0.8571428571428571,0.75,0.8,10,1.236425394192338,0.0014219116419553757
01661,swimming-pool,full,7,3,0,0,7,10,1.0,0.7,0.8235294117647058,10,1.2425608728080988,0.0018510613590478897
01661,swimming-pool,scale_prior,3,3,4,0,7,6,0.42857142857142855,0.5,0.46153846153846156,10,1.1479339096695185,0.000888558104634285
01661,swimming-pool,matched,3,3,4,0,7,6,0.42857142857142855,0.5,0.46153846153846156,10,1.1479339096695185,0.0008957628160715103
01661,swimming-pool,dense_1024,7,3,0,0,7,10,1.0,0.7,0.8235294117647058,24,3.195226091891527,0.0018232464790344238
01661,swimming-pool,dense_both,7,4,0,0,7,11,1.0,0.6363636363636364,0.7777777777777778,115,15.155518716201186,0.0029326900839805603
01677,large-vehicle,prompt,6,207,8,0,14,213,0.42857142857142855,0.028169014084507043,0.05286343612334802,10,1.3806264717131853,0.031052477657794952
01677,large-vehicle,full,8,167,6,0,14,175,0.5714285714285714,0.045714285714285714,0.08465608465608465,10,1.1952525097876787,0.024612948298454285
01677,large-vehicle,scale_prior,8,234,6,0,14,242,0.5714285714285714,0.03305785123966942,0.0625,10,1.1903031170368195,0.03428336791694164
01677,large-vehicle,matched,8,234,6,0,14,242,0.5714285714285714,0.03305785123966942,0.0625,10,1.1903031170368195,0.03434762358665466
01677,large-vehicle,dense_1024,8,156,6,0,14,164,0.5714285714285714,0.04878048780487805,0.0898876404494382,6,0.6942652314901352,0.0222221277654171
01677,large-vehicle,dense_both,8,273,6,1,14,282,0.5714285714285714,0.028469750889679714,0.05423728813559322,30,3.5672169234603643,0.05222254991531372
01677,small-vehicle,prompt,212,21,101,1,313,234,0.6773162939297125,0.9098712446351931,0.7765567765567766,10,1.2909012977033854,0.049740444868803024
01677,small-vehicle,full,242,21,71,1,313,264,0.7731629392971247,0.9201520912547528,0.8402777777777778,10,1.2004915475845337,0.054669423028826714
01677,small-vehicle,scale_prior,262,23,51,1,313,286,0.8370607028753994,0.9192982456140351,0.8762541806020067,10,1.2837524097412825,0.06729142554104328
01677,small-vehicle,matched,262,23,51,1,313,286,0.8370607028753994,0.9192982456140351,0.8762541806020067,10,1.2837524097412825,0.06752391159534454
01677,small-vehicle,dense_1024,241,16,72,0,313,257,0.7699680511182109,0.9377431906614786,0.8456140350877193,6,0.6942652314901352,0.053043240681290627
01677,small-vehicle,dense_both,282,59,31,17,313,358,0.9009584664536742,0.8269794721407625,0.8623853211009175,30,3.5672169234603643,0.09060266613960266
01683,airplane,prompt,16,2,7,0,23,18,0.6956521739130435,0.8888888888888888,0.7804878048780488,10,1.1940653268247843,0.003888765349984169
01683,airplane,full,20,2,3,0,23,22,0.8695652173913043,0.9090909090909091,0.8888888888888888,10,1.1837843637913465,0.005012525245547295
01683,airplane,scale_prior,19,0,4,0,23,19,0.8260869565217391,1.0,0.9047619047619048,10,1.1933079417794943,0.0043504368513822556
01683,airplane,matched,21,2,2,0,23,23,0.9130434782608695,0.9130434782608695,0.9130434782608695,10,1.0924594160169363,0.005203673616051674
01683,airplane,dense_1024,22,1,1,0,23,23,0.9565217391304348,0.9565217391304348,0.9565217391304348,24,3.011483907699585,0.005150496959686279
01683,airplane,dense_both,23,5,0,0,23,28,1.0,0.8214285714285714,0.9019607843137255,128,15.952250599861145,0.007485486567020416
01683,helicopter,prompt,0,0,1,0,1,0,0.0,0.0,0.0,10,1.2141728270798922,4.823319613933563e-05
01683,helicopter,full,0,0,1,0,1,0,0.0,0.0,0.0,10,1.1024573892354965,3.1286850571632385e-05
01683,helicopter,scale_prior,0,0,1,0,1,0,0.0,0.0,0.0,10,1.1038516592234373,2.7995556592941284e-05
01683,helicopter,matched,0,0,1,0,1,0,0.0,0.0,0.0,10,1.1080972496420145,2.6952475309371948e-05
01683,helicopter,dense_1024,0,0,1,0,1,0,0.0,0.0,0.0,24,3.011483907699585,2.7097761631011963e-05
01683,helicopter,dense_both,0,2,1,0,1,2,0.0,0.0,0.0,128,15.952250599861145,0.0002588685601949692
01683,large-vehicle,prompt,11,21,11,0,22,32,0.5,0.34375,0.4074074074074074,10,1.2099429313093424,0.006155485287308693
01683,large-vehicle,full,15,52,7,0,22,67,0.6818181818181818,0.22388059701492538,0.33707865168539325,10,1.4057472068816423,0.011674968525767326
01683,large-vehicle,scale_prior,16,46,6,0,22,62,0.7272727272727273,0.25806451612903225,0.38095238095238093,10,1.310637729242444,0.010678453370928764
01683,large-vehicle,matched,15,52,7,0,22,67,0.6818181818181818,0.22388059701492538,0.33707865168539325,10,1.4057472068816423,0.011755261570215225
01683,large-vehicle,dense_1024,16,71,6,1,22,88,0.7272727272727273,0.1839080459770115,0.29357798165137616,24,3.011483907699585,0.01545601524412632
01683,large-vehicle,dense_both,19,81,3,1,22,101,0.8636363636363636,0.19,0.3114754098360656,128,15.952250599861145,0.0201365165412426
01683,small-vehicle,prompt,123,131,573,76,696,330,0.17672413793103448,0.484251968503937,0.25894736842105265,10,1.0145454555749893,0.06505917944014072
01683,small-vehicle,full,110,139,586,2,696,251,0.15804597701149425,0.44176706827309237,0.2328042328042328,10,1.3115613721311092,0.04993574321269989
01683,small-vehicle,scale_prior,114,136,582,76,696,326,0.16379310344827586,0.456,0.24101479915433405,10,1.2115964889526367,0.07235301285982132
01683,small-vehicle,matched,114,133,582,76,696,323,0.16379310344827586,0.46153846153846156,0.2417815482502651,10,1.2129499576985836,0.070293378084898
01683,small-vehicle,dense_1024,16,135,680,4,696,155,0.022988505747126436,0.10596026490066225,0.03778040141676505,24,3.011483907699585,0.03525039553642273
01683,small-vehicle,dense_both,476,711,220,90,696,1277,0.6839080459770115,0.401010951979781,0.5055762081784386,128,15.952250599861145,0.3046209514141083
01683,storage-tank,prompt,0,0,1,0,1,0,0.0,0.0,0.0,10,1.1975863724946976,6.541423499584198e-05
01683,storage-tank,full,0,0,1,0,1,0,0.0,0.0,0.0,10,1.3106177020817995,4.451535642147064e-05
01683,storage-tank,scale_prior,1,0,0,0,1,1,1.0,1.0,1.0,10,1.4153284896165133,0.0002177152782678604
01683,storage-tank,matched,0,0,1,0,1,0,0.0,0.0,0.0,10,1.410877663642168,3.646686673164368e-05
01683,storage-tank,dense_1024,1,0,0,0,1,1,1.0,1.0,1.0,24,3.011483907699585,0.0001949705183506012
01683,storage-tank,dense_both,1,0,0,0,1,1,1.0,1.0,1.0,128,15.952250599861145,0.0003126561641693115
01683,swimming-pool,prompt,2,10,3,0,5,12,0.4,0.16666666666666666,0.23529411764705882,10,1.110879199579358,0.002472246065735817
01683,swimming-pool,full,2,10,3,0,5,12,0.4,0.16666666666666666,0.23529411764705882,10,1.3109079245477915,0.002231685444712639
01683,swimming-pool,scale_prior,2,10,3,0,5,12,0.4,0.16666666666666666,0.23529411764705882,10,1.3140593394637108,0.0021954327821731567
01683,swimming-pool,matched,2,10,3,0,5,12,0.4,0.16666666666666666,0.23529411764705882,10,1.3107991572469473,0.0022062547504901886
01683,swimming-pool,dense_1024,4,5,1,0,5,9,0.8,0.4444444444444444,0.5714285714285714,24,3.011483907699585,0.001646086573600769
01683,swimming-pool,dense_both,3,14,2,0,5,17,0.6,0.17647058823529413,0.2727272727272727,128,15.952250599861145,0.004332799464464188
01693,large-vehicle,prompt,12,196,20,3,32,211,0.375,0.057692307692307696,0.1,10,1.2105127405375242,0.030758030712604523
01693,large-vehicle,full,17,166,15,1,32,184,0.53125,0.09289617486338798,0.15813953488372093,10,1.2282731346786022,0.026720143854618073
01693,large-vehicle,scale_prior,15,178,17,3,32,196,0.46875,0.07772020725388601,0.13333333333333333,10,1.3263082280755043,0.0281276386231184
01693,large-vehicle,matched,15,178,17,3,32,196,0.46875,0.07772020725388601,0.13333333333333333,10,1.3263082280755043,0.027861088514328003
01693,large-vehicle,dense_1024,22,250,10,1,32,273,0.6875,0.08088235294117647,0.14473684210526316,24,3.055763127282262,0.047482805326581
01693,large-vehicle,dense_both,30,736,2,2,32,768,0.9375,0.0391644908616188,0.07518796992481203,115,14.467516468837857,0.15383732691407204
01693,small-vehicle,prompt,345,53,89,2,434,400,0.7949308755760369,0.8668341708542714,0.8293269230769231,10,1.3401675261557102,0.08337176777422428
01693,small-vehicle,full,130,85,304,0,434,215,0.2995391705069124,0.6046511627906976,0.40061633281972264,10,1.321467336267233,0.055393943563103676
01693,small-vehicle,scale_prior,103,74,331,0,434,177,0.23732718894009217,0.5819209039548022,0.337152209492635,10,1.2281149718910456,0.040448591113090515
01693,small-vehicle,matched,102,72,332,0,434,174,0.2350230414746544,0.5862068965517241,0.3355263157894737,10,1.3235769495368004,0.04283425770699978
01693,small-vehicle,dense_1024,117,96,317,1,434,214,0.2695852534562212,0.5492957746478874,0.3616692426584235,24,3.055763127282262,0.05292237177491188
01693,small-vehicle,dense_both,364,166,70,2,434,532,0.8387096774193549,0.6867924528301886,0.7551867219917012,115,14.467516468837857,0.13890025950968266
01693,storage-tank,prompt,1,3,1,1,2,5,0.5,0.25,0.3333333333333333,10,1.2101116981357336,0.001113666221499443
01693,storage-tank,full,1,1,1,1,2,3,0.5,0.5,0.5,10,1.4189366456121206,0.0008732713758945465
01693,storage-tank,scale_prior,1,0,1,1,2,2,0.5,1.0,0.6666666666666666,10,1.323922285810113,0.0006349068135023117
01693,storage-tank,matched,1,0,1,1,2,2,0.5,1.0,0.6666666666666666,10,1.4179527927190065,0.0007092133164405823
01693,storage-tank,dense_1024,1,1,1,1,2,3,0.5,0.5,0.5,24,3.055763127282262,0.0007978435605764389
01693,storage-tank,dense_both,1,3,1,1,2,5,0.5,0.25,0.3333333333333333,115,14.467516468837857,0.0016550477594137192
01699,large-vehicle,prompt,21,17,25,0,46,38,0.45652173913043476,0.5526315789473685,0.5,10,1.3026838842779398,0.00573824904859066
01699,large-vehicle,full,37,34,9,0,46,71,0.8043478260869565,0.5211267605633803,0.6324786324786325,10,1.2025971580296755,0.010048167780041695
01699,large-vehicle,scale_prior,14,24,32,0,46,38,0.30434782608695654,0.3684210526315789,0.3333333333333333,10,1.2105108760297298,0.00458165630698204
01699,large-vehicle,matched,14,24,32,0,46,38,0.30434782608695654,0.3684210526315789,0.3333333333333333,10,1.2105108760297298,0.0045836977660655975
01699,large-vehicle,dense_1024,39,38,7,0,46,77,0.8478260869565217,0.5064935064935064,0.6341463414634146,24,3.044284049421549,0.011607492342591286
01699,large-vehicle,dense_both,43,64,3,0,46,107,0.9347826086956522,0.40186915887850466,0.5620915032679739,115,14.713945712894201,0.019906505942344666
01699,small-vehicle,prompt,77,37,295,0,372,114,0.20698924731182797,0.6754385964912281,0.3168724279835391,10,1.1978161334991455,0.018926579505205154
01699,small-vehicle,full,154,56,218,0,372,210,0.41397849462365593,0.7333333333333333,0.5292096219931272,10,1.2052802313119173,0.03435087390244007
01699,small-vehicle,scale_prior,205,61,167,0,372,266,0.5510752688172043,0.7706766917293233,0.6426332288401254,10,1.2061201483011246,0.04441615007817745
01699,small-vehicle,matched,205,61,167,0,372,266,0.5510752688172043,0.7706766917293233,0.6426332288401254,10,1.2061201483011246,0.04433078691363335
01699,small-vehicle,dense_1024,355,83,17,0,372,438,0.9543010752688172,0.8105022831050228,0.8765432098765432,24,3.044284049421549,0.09105717018246651
01699,small-vehicle,dense_both,368,112,4,0,372,480,0.989247311827957,0.7666666666666667,0.863849765258216,115,14.713945712894201,0.14095884002745152
01708,airplane,prompt,26,10,88,1,114,37,0.22807017543859648,0.7222222222222222,0.3466666666666667,10,1.4213817808777094,0.007482629269361496
01708,airplane,full,34,10,80,0,114,44,0.2982456140350877,0.7727272727272727,0.43037974683544306,10,1.1119391229003668,0.00996614433825016
01708,airplane,scale_prior,17,12,97,0,114,29,0.14912280701754385,0.5862068965517241,0.23776223776223776,10,1.2190400138497353,0.0063452646136283875
01708,airplane,matched,17,12,97,0,114,29,0.14912280701754385,0.5862068965517241,0.23776223776223776,10,1.2241172585636377,0.005709271878004074
01708,airplane,dense_1024,72,21,42,1,114,94,0.631578947368421,0.7741935483870968,0.6956521739130435,24,3.0423716474324465,0.020923348143696785
01708,airplane,dense_both,86,36,28,1,114,123,0.7543859649122807,0.7049180327868853,0.7288135593220338,115,14.964848820120096,0.034791139885783195
01708,storage-tank,prompt,4,1,0,0,4,5,1.0,0.8,0.8888888888888888,10,1.232704034075141,0.0007396433502435684
01708,storage-tank,full,4,3,0,0,4,7,1.0,0.5714285714285714,0.7272727272727273,10,1.2266435958445072,0.0011003892868757248
01708,storage-tank,scale_prior,0,3,4,0,4,3,0.0,0.0,0.0,10,1.3319191914051771,0.0004981942474842072
01708,storage-tank,matched,2,3,2,0,4,5,0.5,0.4,0.4444444444444444,10,1.233738448470831,0.0008165538311004639
01708,storage-tank,dense_1024,2,7,2,0,4,9,0.5,0.2222222222222222,0.3076923076923077,24,3.0423716474324465,0.0014176387339830399
01708,storage-tank,dense_both,4,9,0,0,4,13,1.0,0.3076923076923077,0.47058823529411764,115,14.964848820120096,0.002391468733549118
01708,swimming-pool,prompt,0,4,1,0,1,4,0.0,0.0,0.0,10,1.12889108620584,0.00057172030210495
01708,swimming-pool,full,0,3,1,0,1,3,0.0,0.0,0.0,10,1.2241840958595276,0.000393744558095932
01708,swimming-pool,scale_prior,0,1,1,0,1,1,0.0,0.0,0.0,10,1.2214566934853792,0.0001513119786977768
01708,swimming-pool,matched,0,1,1,0,1,1,0.0,0.0,0.0,10,1.1217083428055048,0.00014878250658512115
01708,swimming-pool,dense_1024,0,2,1,0,1,2,0.0,0.0,0.0,24,3.0423716474324465,0.0004189182072877884
01708,swimming-pool,dense_both,0,9,1,0,1,9,0.0,0.0,0.0,115,14.964848820120096,0.0015683900564908981
01717,airplane,prompt,3,1,0,0,3,4,1.0,0.75,0.8571428571428571,10,1.1679161302745342,0.0017444044351577759
01717,airplane,full,3,2,0,0,3,5,1.0,0.6,0.75,10,1.1666611693799496,0.0017641205340623856
01717,airplane,scale_prior,3,2,0,0,3,5,1.0,0.6,0.75,10,1.0804783459752798,0.0015247799456119537
01717,airplane,matched,3,2,0,0,3,5,1.0,0.6,0.75,10,1.0720135997980833,0.0016837362200021744
01717,airplane,dense_1024,2,2,1,0,3,4,0.6666666666666666,0.5,0.5714285714285714,24,3.0286879632622004,0.0009515825659036636
01717,airplane,dense_both,3,2,0,0,3,5,1.0,0.6,0.75,115,14.497209854424,0.0020282436162233353
01717,helicopter,prompt,0,3,1,0,1,3,0.0,0.0,0.0,10,1.2753541264683008,0.0005570370703935623
01717,helicopter,full,0,3,1,0,1,3,0.0,0.0,0.0,10,1.1742630824446678,0.0007525887340307236
01717,helicopter,scale_prior,0,3,1,0,1,3,0.0,0.0,0.0,10,1.0960669126361609,0.000645877793431282
01717,helicopter,matched,0,3,1,0,1,3,0.0,0.0,0.0,10,1.179811092093587,0.0005442481487989426
01717,helicopter,dense_1024,0,3,1,0,1,3,0.0,0.0,0.0,24,3.0286879632622004,0.0006420295685529709
01717,helicopter,dense_both,0,4,1,0,1,4,0.0,0.0,0.0,115,14.497209854424,0.0015177838504314423
01717,large-vehicle,prompt,6,15,0,0,6,21,1.0,0.2857142857142857,0.4444444444444444,10,1.178925210610032,0.004085967317223549
01717,large-vehicle,full,6,11,0,0,6,17,1.0,0.35294117647058826,0.5217391304347826,10,1.1843584757298231,0.0042017195373773575
01717,large-vehicle,scale_prior,6,8,0,0,6,14,1.0,0.42857142857142855,0.6,10,1.0956818349659443,0.0035217050462961197
01717,large-vehicle,matched,6,15,0,0,6,21,1.0,0.2857142857142857,0.4444444444444444,10,1.079421766102314,0.0042454879730939865
01717,large-vehicle,dense_1024,6,8,0,0,6,14,1.0,0.42857142857142855,0.6,24,3.0286879632622004,0.003680843859910965
01717,large-vehicle,dense_both,6,16,0,0,6,22,1.0,0.2727272727272727,0.42857142857142855,115,14.497209854424,0.005583539605140686
01717,small-vehicle,prompt,37,28,56,0,93,65,0.3978494623655914,0.5692307692307692,0.46835443037974683,10,1.0986700654029846,0.014209441840648651
01717,small-vehicle,full,0,9,93,0,93,9,0.0,0.0,0.0,10,1.2024734634906054,0.0029346682131290436
01717,small-vehicle,scale_prior,0,8,93,0,93,8,0.0,0.0,0.0,10,1.3118151780217886,0.002453222870826721
01717,small-vehicle,matched,0,8,93,0,93,8,0.0,0.0,0.0,10,1.3118151780217886,0.002479996532201767
01717,small-vehicle,dense_1024,0,10,93,0,93,10,0.0,0.0,0.0,24,3.0286879632622004,0.0037133600562810898
01717,small-vehicle,dense_both,87,61,6,0,93,148,0.9354838709677419,0.5878378378378378,0.7219917012448133,115,14.497209854424,0.05459895357489586
01717,storage-tank,prompt,0,1,2,0,2,1,0.0,0.0,0.0,10,1.278881672769785,0.0003980696201324463
01717,storage-tank,full,2,2,0,0,2,4,1.0,0.5,0.6666666666666666,10,1.186680480837822,0.0010361559689044952
01717,storage-tank,scale_prior,0,1,2,0,2,1,0.0,0.0,0.0,10,1.1998006533831358,0.00038199126720428467
01717,storage-tank,matched,0,1,2,0,2,1,0.0,0.0,0.0,10,1.290520528331399,0.000372961163520813
01717,storage-tank,dense_1024,2,2,0,0,2,4,1.0,0.5,0.6666666666666666,24,3.0286879632622004,0.0009401366114616394
01717,storage-tank,dense_both,2,3,0,0,2,5,1.0,0.4,0.5714285714285714,115,14.497209854424,0.0017321836203336716
01729,airplane,prompt,135,4,58,0,193,139,0.6994818652849741,0.9712230215827338,0.8132530120481928,10,1.361543083563447,0.029215728864073753
01729,airplane,full,147,10,46,0,193,157,0.7616580310880829,0.9363057324840764,0.84,10,1.2475478183478117,0.03761654905974865
01729,airplane,scale_prior,143,17,50,0,193,160,0.7409326424870466,0.89375,0.8101983002832861,10,1.1555874459445477,0.03571545146405697
01729,airplane,matched,147,10,46,0,193,157,0.7616580310880829,0.9363057324840764,0.84,10,1.2475478183478117,0.037592703476548195
01729,airplane,dense_1024,132,17,61,0,193,149,0.6839378238341969,0.8859060402684564,0.7719298245614035,24,2.853666702285409,0.039541685953736305
01729,airplane,dense_both,171,16,22,0,193,187,0.8860103626943006,0.9144385026737968,0.9,115,14.11469660885632,0.05663979798555374
01740,large-vehicle,prompt,7,50,40,5,47,62,0.14893617021276595,0.12280701754385964,0.1346153846153846,10,1.375908998772502,0.009577721357345581
01740,large-vehicle,full,22,79,25,7,47,108,0.46808510638297873,0.21782178217821782,0.2972972972972973,10,1.3730909619480371,0.020047515630722046
01740,large-vehicle,scale_prior,22,63,25,8,47,93,0.46808510638297873,0.25882352941176473,0.3333333333333333,10,1.3167294412851334,0.019010476768016815
01740,large-vehicle,matched,22,63,25,8,47,93,0.46808510638297873,0.25882352941176473,0.3333333333333333,10,1.3167294412851334,0.019006092101335526
01740,large-vehicle,dense_1024,23,87,24,8,47,118,0.48936170212765956,0.20909090909090908,0.2929936305732484,15,1.8481712266802788,0.023003600537776947
01740,large-vehicle,dense_both,31,138,16,8,47,177,0.6595744680851063,0.1834319526627219,0.28703703703703703,75,9.846651853993535,0.03818170167505741
01740,small-vehicle,prompt,113,17,180,4,293,134,0.3856655290102389,0.8692307692307693,0.5342789598108747,10,1.228073462843895,0.02243184484541416
01740,small-vehicle,full,198,31,95,6,293,235,0.6757679180887372,0.8646288209606987,0.7586206896551724,10,1.3730909619480371,0.044303011149168015
01740,small-vehicle,scale_prior,182,26,111,5,293,213,0.621160409556314,0.875,0.7265469061876247,10,1.3725872617214918,0.04060794599354267
01740,small-vehicle,matched,182,26,111,5,293,213,0.621160409556314,0.875,0.7265469061876247,10,1.3725872617214918,0.04065009765326977
01740,small-vehicle,dense_1024,260,36,33,7,293,303,0.8873720136518771,0.8783783783783784,0.8828522920203735,15,1.8481712266802788,0.06638210080564022
01740,small-vehicle,dense_both,260,162,33,23,293,445,0.8873720136518771,0.6161137440758294,0.7272727272727273,75,9.846651853993535,0.10254080034792423
01750,airplane,prompt,17,2,1,1,18,20,0.9444444444444444,0.8947368421052632,0.918918918918919,10,1.420090764760971,0.004404796287417412
01750,airplane,full,17,1,1,1,18,19,0.9444444444444444,0.9444444444444444,0.9444444444444444,10,1.417562859132886,0.005374100059270859
01750,airplane,scale_prior,17,1,1,1,18,19,0.9444444444444444,0.9444444444444444,0.9444444444444444,10,1.2064411249011755,0.004766413941979408
01750,airplane,matched,17,1,1,1,18,19,0.9444444444444444,0.9444444444444444,0.9444444444444444,10,1.4186490401625633,0.005159694701433182
01750,airplane,dense_1024,17,1,1,1,18,19,0.9444444444444444,0.9444444444444444,0.9444444444444444,24,3.0402405112981796,0.0047679077833890915
01750,airplane,dense_both,18,2,0,1,18,21,1.0,0.9,0.9473684210526315,115,14.787870809435844,0.006442496553063393
01750,large-vehicle,prompt,1,3,4,0,5,4,0.2,0.25,0.2222222222222222,10,1.1250111982226372,0.0006256271153688431
01750,large-vehicle,full,2,9,3,0,5,11,0.4,0.18181818181818182,0.25,10,1.2086507584899664,0.00162602961063385
01750,large-vehicle,scale_prior,2,9,3,0,5,11,0.4,0.18181818181818182,0.25,10,1.1089735757559538,0.0015397649258375168
01750,large-vehicle,matched,2,15,3,0,5,17,0.4,0.11764705882352941,0.18181818181818182,10,1.206920586526394,0.0021448135375976562
01750,large-vehicle,dense_1024,3,23,2,0,5,26,0.6,0.11538461538461539,0.1935483870967742,24,3.0402405112981796,0.0037092361599206924
01750,large-vehicle,dense_both,4,34,1,0,5,38,0.8,0.10526315789473684,0.18604651162790697,115,14.787870809435844,0.006208227947354317
01750,small-vehicle,prompt,41,18,664,0,705,59,0.05815602836879433,0.6949152542372882,0.10732984293193717,10,1.1242418959736824,0.011087857186794281
01750,small-vehicle,full,53,54,652,0,705,107,0.075177304964539,0.4953271028037383,0.13054187192118227,10,1.3209409229457378,0.026074348017573357
01750,small-vehicle,scale_prior,54,35,651,0,705,89,0.07659574468085106,0.6067415730337079,0.13602015113350127,10,1.229313027113676,0.019098874181509018
01750,small-vehicle,matched,113,67,592,0,705,180,0.16028368794326242,0.6277777777777778,0.25536723163841807,10,1.2143560741096735,0.040709955617785454
01750,small-vehicle,dense_1024,225,174,480,0,705,399,0.3191489361702128,0.5639097744360902,0.4076086956521739,24,3.0402405112981796,0.09551679342985153
01750,small-vehicle,dense_both,672,297,33,0,705,969,0.9531914893617022,0.6934984520123839,0.8028673835125448,115,14.787870809435844,0.22409508377313614
01757,large-vehicle,prompt,7,314,18,0,25,321,0.28,0.021806853582554516,0.04046242774566474,10,1.0858672596514225,0.04737483710050583
01757,large-vehicle,full,13,247,12,0,25,260,0.52,0.05,0.0912280701754386,10,1.318890193477273,0.04130434803664684
01757,large-vehicle,scale_prior,11,342,14,0,25,353,0.44,0.031161473087818695,0.0582010582010582,10,1.3187513668090105,0.050923945382237434
01757,large-vehicle,matched,11,342,14,0,25,353,0.44,0.031161473087818695,0.0582010582010582,10,1.3187513668090105,0.050783684477210045
01757,large-vehicle,dense_1024,22,858,3,0,25,880,0.88,0.025,0.04861878453038674,24,3.01345544308424,0.15131930261850357
01757,large-vehicle,dense_both,23,1798,2,0,25,1821,0.92,0.012630422844590884,0.024918743228602384,115,13.992044992744923,0.4339975845068693
01757,small-vehicle,prompt,305,107,141,0,446,412,0.6838565022421524,0.7402912621359223,0.710955710955711,10,1.072089759632945,0.11950128711760044
01757,small-vehicle,full,375,119,71,0,446,494,0.8408071748878924,0.7591093117408907,0.7978723404255319,10,1.4172322377562523,0.13357375003397465
01757,small-vehicle,scale_prior,240,108,206,1,446,349,0.5381165919282511,0.6896551724137931,0.6045340050377834,10,1.3169320970773697,0.0937686562538147
01757,small-vehicle,matched,240,108,206,1,446,349,0.5381165919282511,0.6896551724137931,0.6045340050377834,10,1.3169320970773697,0.09396229311823845
01757,small-vehicle,dense_1024,347,175,99,0,446,522,0.7780269058295964,0.6647509578544061,0.7169421487603306,24,3.01345544308424,0.14910468086600304
01757,small-vehicle,dense_both,416,226,30,0,446,642,0.9327354260089686,0.6479750778816199,0.7647058823529411,115,13.992044992744923,0.23093413561582565
01759,large-vehicle,prompt,0,13,4,0,4,13,0.0,0.0,0.0,10,1.1696096379309893,0.0014332085847854614
01759,large-vehicle,full,1,49,3,0,4,50,0.25,0.02,0.037037037037037035,10,1.3029229901731014,0.005877584218978882
01759,large-vehicle,scale_prior,0,57,4,0,4,57,0.0,0.0,0.0,10,1.2991694193333387,0.006286941468715668
01759,large-vehicle,matched,1,67,3,0,4,68,0.25,0.014705882352941176,0.027777777777777776,10,1.2971571870148182,0.007672911509871483
01759,large-vehicle,dense_1024,1,99,3,0,4,100,0.25,0.01,0.019230769230769232,24,2.8825835548341274,0.013870347291231155
01759,large-vehicle,dense_both,3,157,1,0,4,160,0.75,0.01875,0.036585365853658534,115,13.79279214516282,0.026633843779563904
01759,ship,prompt,644,104,163,0,807,748,0.7980173482032218,0.8609625668449198,0.8282958199356913,10,1.1726492997258902,0.17159321159124374
01759,ship,full,678,74,129,0,807,752,0.8401486988847584,0.901595744680851,0.8697883258499037,10,1.1786434054374695,0.18958008661866188
01759,ship,scale_prior,740,66,67,0,807,806,0.9169764560099133,0.9181141439205955,0.9175449473031618,10,1.0690627302974463,0.20959303341805935
01759,ship,matched,745,77,62,0,807,822,0.9231722428748451,0.9063260340632603,0.9146715776550031,10,1.1739185862243176,0.20300684124231339
01759,ship,dense_1024,725,92,82,0,807,817,0.8983890954151177,0.8873929008567931,0.8928571428571429,24,2.8825835548341274,0.20458249747753143
01759,ship,dense_both,791,212,16,0,807,1003,0.9801734820322181,0.7886340977068793,0.8740331491712707,115,13.79279214516282,0.32207140512764454
01759,small-vehicle,prompt,265,129,804,0,1069,394,0.24789522918615528,0.6725888324873096,0.3622693096377307,10,1.3772731255739927,0.07116564176976681
01759,small-vehicle,full,438,139,631,0,1069,577,0.4097287184284378,0.7590987868284229,0.5321992709599028,10,1.1980091240257025,0.12131005525588989
01759,small-vehicle,scale_prior,456,121,613,0,1069,577,0.42656688493919553,0.7902946273830156,0.5540704738760632,10,1.1915910877287388,0.11036119051277637
01759,small-vehicle,matched,456,121,613,0,1069,577,0.42656688493919553,0.7902946273830156,0.5540704738760632,10,1.1915910877287388,0.10979223623871803
01759,small-vehicle,dense_1024,691,172,378,0,1069,863,0.646398503274088,0.8006952491309386,0.7153209109730849,24,2.8825835548341274,0.19745158776640892
01759,small-vehicle,dense_both,1032,615,37,0,1069,1647,0.9653882132834425,0.6265938069216758,0.759941089837997,115,13.79279214516282,0.417832812294364
01759,swimming-pool,prompt,0,7,2,1,2,8,0.0,0.0,0.0,10,1.1834887992590666,0.0009155906736850739
01759,swimming-pool,full,1,9,1,1,2,11,0.5,0.1,0.16666666666666666,10,1.190605653449893,0.0016657859086990356
01759,swimming-pool,scale_prior,1,6,1,1,2,8,0.5,0.14285714285714285,0.2222222222222222,10,1.1975208912044764,0.0015481431037187576
01759,swimming-pool,matched,1,6,1,1,2,8,0.5,0.14285714285714285,0.2222222222222222,10,1.1937961094081402,0.0015223659574985504
01759,swimming-pool,dense_1024,1,14,1,1,2,16,0.5,0.06666666666666667,0.11764705882352941,24,2.8825835548341274,0.0028640124946832657
01759,swimming-pool,dense_both,2,26,0,1,2,29,1.0,0.07142857142857142,0.13333333333333333,115,13.79279214516282,0.00594630092382431
01764,large-vehicle,prompt,3,122,0,0,3,125,1.0,0.024,0.046875,10,1.2296001333743334,0.017317727208137512
01764,large-vehicle,full,3,121,0,0,3,124,1.0,0.024193548387096774,0.047244094488188976,10,1.222375325858593,0.01696859300136566
01764,large-vehicle,scale_prior,3,121,0,0,3,124,1.0,0.024193548387096774,0.047244094488188976,10,1.2212995272129774,0.016943397000432014
01764,large-vehicle,matched,3,121,0,0,3,124,1.0,0.024193548387096774,0.047244094488188976,10,1.2212995272129774,0.01695682667195797
01764,large-vehicle,dense_1024,3,121,0,0,3,124,1.0,0.024193548387096774,0.047244094488188976,24,3.0649047642946243,0.016984732821583748
01764,large-vehicle,dense_both,3,172,0,0,3,175,1.0,0.017142857142857144,0.033707865168539325,128,16.68994925543666,0.03390148840844631
01764,small-vehicle,prompt,109,7,56,0,165,116,0.6606060606060606,0.9396551724137931,0.7758007117437722,10,1.1287118941545486,0.017900018021464348
01764,small-vehicle,full,118,11,47,0,165,129,0.7151515151515152,0.9147286821705426,0.8027210884353742,10,1.225283095613122,0.02516585774719715
01764,small-vehicle,scale_prior,118,13,47,0,165,131,0.7151515151515152,0.9007633587786259,0.7972972972972973,10,1.2224792279303074,0.025383571162819862
01764,small-vehicle,matched,118,13,47,0,165,131,0.7151515151515152,0.9007633587786259,0.7972972972972973,10,1.225757196545601,0.025356167927384377
01764,small-vehicle,dense_1024,122,18,43,0,165,140,0.7393939393939394,0.8714285714285714,0.8,24,3.0649047642946243,0.026438670232892036
01764,small-vehicle,dense_both,122,31,43,0,165,153,0.7393939393939394,0.7973856209150327,0.7672955974842768,128,16.68994925543666,0.03467883914709091
01780,large-vehicle,prompt,0,6,3,0,3,6,0.0,0.0,0.0,10,1.3985462747514248,0.0007592532783746719
01780,large-vehicle,full,1,18,2,0,3,19,0.3333333333333333,0.05263157894736842,0.09090909090909091,10,1.1028200834989548,0.002032248303294182
01780,large-vehicle,scale_prior,0,9,3,0,3,9,0.0,0.0,0.0,10,1.1938852649182081,0.0009574089199304581
01780,large-vehicle,matched,0,11,3,0,3,11,0.0,0.0,0.0,10,1.1877235863357782,0.0011846479028463364
01780,large-vehicle,dense_1024,1,32,2,0,3,33,0.3333333333333333,0.030303030303030304,0.05555555555555555,24,2.860033180564642,0.004423810169100761
01780,large-vehicle,dense_both,1,39,2,0,3,40,0.3333333333333333,0.025,0.046511627906976744,115,13.71317346021533,0.00538223423063755
01780,ship,prompt,428,46,513,0,941,474,0.45483528161530284,0.9029535864978903,0.6049469964664311,10,1.2660222500562668,0.09913687594234943
01780,ship,full,767,69,174,0,941,836,0.8150903294367694,0.9174641148325359,0.863252673044457,10,1.068879947066307,0.1882536355406046
01780,ship,scale_prior,697,70,244,0,941,767,0.740701381509033,0.9087353324641461,0.8161592505854801,10,1.1688883025199175,0.18328776210546494
01780,ship,matched,754,68,187,0,941,822,0.8012752391073327,0.9172749391727494,0.8553601815087918,10,1.071056203916669,0.18522614240646362
01780,ship,dense_1024,826,106,115,1,941,933,0.8777895855472901,0.8862660944206009,0.8820074746396156,24,2.860033180564642,0.23406013660132885
01780,ship,dense_both,900,237,41,2,941,1139,0.9564293304994687,0.7915567282321899,0.8662175168431184,115,13.71317346021533,0.3740893416106701
01780,small-vehicle,prompt,171,274,683,0,854,445,0.20023419203747073,0.3842696629213483,0.2632794457274827,10,1.1060349773615599,0.06865124963223934
01780,small-vehicle,full,95,157,759,0,854,252,0.11124121779859485,0.376984126984127,0.1717902350813743,10,1.1157847233116627,0.04114474728703499
01780,small-vehicle,scale_prior,126,220,728,0,854,346,0.14754098360655737,0.36416184971098264,0.21,10,1.2131344340741634,0.05200250633060932
01780,small-vehicle,matched,82,148,772,0,854,230,0.09601873536299765,0.3565217391304348,0.15129151291512916,10,1.2070229649543762,0.03656596876680851
01780,small-vehicle,dense_1024,35,77,819,0,854,112,0.040983606557377046,0.3125,0.07246376811594203,24,2.860033180564642,0.023214034736156464
01780,small-vehicle,dense_both,653,894,201,0,854,1547,0.7646370023419203,0.42210730446024564,0.5439400249895877,115,13.71317346021533,0.3011165279895067
01780,swimming-pool,prompt,0,2,1,0,1,2,0.0,0.0,0.0,10,1.1929632872343063,0.0003166273236274719
01780,swimming-pool,full,1,5,0,0,1,6,1.0,0.16666666666666666,0.2857142857142857,10,1.1962821166962385,0.0011287890374660492
01780,swimming-pool,scale_prior,1,6,0,0,1,7,1.0,0.14285714285714285,0.25,10,1.203495992347598,0.0010291580110788345
01780,swimming-pool,matched,1,6,0,0,1,7,1.0,0.14285714285714285,0.25,10,1.1963172014802694,0.0011456701904535294
01780,swimming-pool,dense_1024,1,6,0,0,1,7,1.0,0.14285714285714285,0.25,24,2.860033180564642,0.0011786483228206635
01780,swimming-pool,dense_both,1,12,0,0,1,13,1.0,0.07692307692307693,0.14285714285714285,115,13.71317346021533,0.0020615924149751663
01784,large-vehicle,prompt,10,28,30,0,40,38,0.25,0.2631578947368421,0.2564102564102564,10,1.005262065678835,0.005330361425876617
01784,large-vehicle,full,11,32,29,0,40,43,0.275,0.2558139534883721,0.26506024096385544,10,1.2195589244365692,0.007256513461470604
01784,large-vehicle,scale_prior,12,29,28,0,40,41,0.3,0.2926829268292683,0.2962962962962963,10,1.334309970960021,0.0070403628051280975
01784,large-vehicle,matched,12,29,28,0,40,41,0.3,0.2926829268292683,0.2962962962962963,10,1.334309970960021,0.007016513496637344
01784,large-vehicle,dense_1024,13,49,27,0,40,62,0.325,0.20967741935483872,0.2549019607843137,24,3.044170558452606,0.011469848453998566
01784,large-vehicle,dense_both,26,91,14,0,40,117,0.65,0.2222222222222222,0.33121019108280253,115,14.310631763190031,0.024144820868968964
01784,ship,prompt,143,44,9,4,152,191,0.9407894736842105,0.7647058823529411,0.8436578171091446,10,1.1715299356728792,0.03306993655860424
01784,ship,full,117,64,35,6,152,187,0.7697368421052632,0.6464088397790055,0.7027027027027027,10,1.0865171309560537,0.031607454642653465
01784,ship,scale_prior,144,76,8,6,152,226,0.9473684210526315,0.6545454545454545,0.7741935483870968,10,1.202017918229103,0.03707338869571686
01784,ship,matched,145,73,7,5,152,223,0.9539473684210527,0.6651376146788991,0.7837837837837838,10,1.1992736589163542,0.03787104785442352
01784,ship,dense_1024,143,117,9,9,152,269,0.9407894736842105,0.55,0.6941747572815534,24,3.044170558452606,0.04833884723484516
01784,ship,dense_both,146,175,6,11,152,332,0.9605263157894737,0.45482866043613707,0.6173361522198731,115,14.310631763190031,0.07251429744064808
01784,small-vehicle,prompt,23,47,112,0,135,70,0.17037037037037037,0.32857142857142857,0.22439024390243903,10,1.0112603083252907,0.00968572124838829
01784,small-vehicle,full,42,116,93,0,135,158,0.3111111111111111,0.26582278481012656,0.28668941979522183,10,1.2294206246733665,0.025897232815623283
01784,small-vehicle,scale_prior,42,121,93,0,135,163,0.3111111111111111,0.25766871165644173,0.28187919463087246,10,1.3322917520999908,0.02511933259665966
01784,small-vehicle,matched,46,122,89,0,135,168,0.34074074074074073,0.27380952380952384,0.30363036303630364,10,1.3339164331555367,0.026602407917380333
01784,small-vehicle,dense_1024,100,190,35,0,135,290,0.7407407407407407,0.3448275862068966,0.47058823529411764,24,3.044170558452606,0.05240801349282265
01784,small-vehicle,dense_both,129,284,6,0,135,413,0.9555555555555556,0.31234866828087166,0.4708029197080292,115,14.310631763190031,0.08701944909989834
01784,storage-tank,prompt,22,10,18,0,40,32,0.55,0.6875,0.6111111111111112,10,1.1071406975388527,0.008005887269973755
01784,storage-tank,full,20,8,20,0,40,28,0.5,0.7142857142857143,0.5882352941176471,10,1.112450249493122,0.005482664331793785
01784,storage-tank,scale_prior,20,8,20,0,40,28,0.5,0.7142857142857143,0.5882352941176471,10,1.2199586778879166,0.005659008398652077
01784,storage-tank,matched,20,8,20,0,40,28,0.5,0.7142857142857143,0.5882352941176471,10,1.2199586778879166,0.005664246156811714
01784,storage-tank,dense_1024,21,14,19,0,40,35,0.525,0.6,0.56,24,3.044170558452606,0.008803257718682289
01784,storage-tank,dense_both,24,13,16,0,40,37,0.6,0.6486486486486487,0.6233766233766234,115,14.310631763190031,0.011733323335647583
01785,large-vehicle,prompt,0,6,5,0,5,6,0.0,0.0,0.0,10,1.3599650654941797,0.0007729064673185349
01785,large-vehicle,full,2,14,3,0,5,16,0.4,0.125,0.19047619047619047,10,1.1034950613975525,0.0020335260778665543
01785,large-vehicle,scale_prior,0,0,5,0,5,0,0.0,0.0,0.0,10,1.195483123883605,4.6230852603912354e-05
01785,large-vehicle,matched,0,0,5,0,5,0,0.0,0.0,0.0,10,1.096118537709117,3.6425888538360596e-05
01785,large-vehicle,dense_1024,2,14,3,0,5,16,0.4,0.125,0.19047619047619047,24,2.9224773105233908,0.002338564023375511
01785,large-vehicle,dense_both,2,38,3,0,5,40,0.4,0.05,0.08888888888888889,115,14.618499113246799,0.005926959216594696
01785,ship,prompt,578,159,612,1,1190,738,0.4857142857142857,0.7842605156037992,0.5998962117280747,10,1.1823227293789387,0.15874549560248852
01785,ship,full,644,186,546,0,1190,830,0.5411764705882353,0.7759036144578313,0.6376237623762376,10,1.1947773359715939,0.2101635653525591
01785,ship,scale_prior,600,212,590,0,1190,812,0.5042016806722689,0.7389162561576355,0.5994005994005994,10,1.0950761400163174,0.20365529507398605
01785,ship,matched,653,212,537,0,1190,865,0.5487394957983194,0.7549132947976879,0.6355231143552311,10,1.1885358542203903,0.19505857303738594
01785,ship,dense_1024,733,265,457,2,1190,1000,0.6159663865546219,0.7344689378757515,0.670018281535649,24,2.9224773105233908,0.31117037683725357
01785,ship,dense_both,1061,385,129,4,1190,1450,0.8915966386554622,0.7337482710926694,0.8050075872534143,115,14.618499113246799,0.5192601103335619
01785,small-vehicle,prompt,163,224,415,0,578,387,0.2820069204152249,0.42118863049095606,0.3378238341968912,10,1.3627030812203884,0.06183339282870293
01785,small-vehicle,full,0,5,578,0,578,5,0.0,0.0,0.0,10,1.2047637924551964,0.001818578690290451
01785,small-vehicle,scale_prior,3,12,575,0,578,15,0.005190311418685121,0.2,0.01011804384485666,10,1.194550260901451,0.002965228632092476
01785,small-vehicle,matched,0,4,578,0,578,4,0.0,0.0,0.0,10,1.203445529565215,0.0013750214129686356
01785,small-vehicle,dense_1024,0,7,578,0,578,7,0.0,0.0,0.0,24,2.9224773105233908,0.002260737121105194
01785,small-vehicle,dense_both,379,568,199,0,578,947,0.6557093425605537,0.40021119324181625,0.4970491803278689,115,14.618499113246799,0.18431737460196018
01785,swimming-pool,prompt,0,3,1,0,1,3,0.0,0.0,0.0,10,1.2792256996035576,0.00036986730992794037
01785,swimming-pool,full,1,4,0,0,1,5,1.0,0.2,0.3333333333333333,10,1.2969899829477072,0.0008180662989616394
01785,swimming-pool,scale_prior,0,1,1,0,1,1,0.0,0.0,0.0,10,1.1073829922825098,0.0002524685114622116
01785,swimming-pool,matched,0,1,1,0,1,1,0.0,0.0,0.0,10,1.1073829922825098,0.00023651309311389923
01785,swimming-pool,dense_1024,1,8,0,0,1,9,1.0,0.1111111111111111,0.2,24,2.9224773105233908,0.0018618237227201462
01785,swimming-pool,dense_both,1,14,0,0,1,15,1.0,0.06666666666666667,0.125,115,14.618499113246799,0.002963792532682419
01786,helicopter,prompt,1,1,8,0,9,2,0.1111111111111111,0.5,0.18181818181818182,10,1.3877810947597027,0.0004519931972026825
01786,helicopter,full,5,0,4,0,9,5,0.5555555555555556,1.0,0.7142857142857143,10,1.2229423839598894,0.0009870603680610657
01786,helicopter,scale_prior,0,0,9,0,9,0,0.0,0.0,0.0,10,1.312322672456503,4.704669117927551e-05
01786,helicopter,matched,0,0,9,0,9,0,0.0,0.0,0.0,10,1.3319800086319447,3.5762786865234375e-05
01786,helicopter,dense_1024,6,0,3,0,9,6,0.6666666666666666,1.0,0.8,24,3.198298864066601,0.001828320324420929
01786,helicopter,dense_both,9,3,0,0,9,12,1.0,0.75,0.8571428571428571,115,16.70174595154822,0.003455646336078644
01786,large-vehicle,prompt,0,4,2,0,2,4,0.0,0.0,0.0,10,1.391480104997754,0.0004350561648607254
01786,large-vehicle,full,0,12,2,0,2,12,0.0,0.0,0.0,10,1.424262572079897,0.002004256471991539
01786,large-vehicle,scale_prior,0,9,2,0,2,9,0.0,0.0,0.0,10,1.3538762647658587,0.0012299679219722748
01786,large-vehicle,matched,0,10,2,0,2,10,0.0,0.0,0.0,10,1.3505174107849598,0.0013250000774860382
01786,large-vehicle,dense_1024,0,26,2,0,2,26,0.0,0.0,0.0,24,3.198298864066601,0.004485582932829857
01786,large-vehicle,dense_both,2,29,0,0,2,31,1.0,0.06451612903225806,0.12121212121212122,115,16.70174595154822,0.00567462295293808
01786,small-vehicle,prompt,47,140,229,0,276,187,0.17028985507246377,0.25133689839572193,0.20302375809935205,10,1.5857591461390257,0.031014392152428627
01786,small-vehicle,full,30,132,246,0,276,162,0.10869565217391304,0.18518518518518517,0.136986301369863,10,1.445385467261076,0.025794632732868195
01786,small-vehicle,scale_prior,19,111,257,0,276,130,0.06884057971014493,0.14615384615384616,0.09359605911330049,10,1.3434637133032084,0.019182108342647552
01786,small-vehicle,matched,19,105,257,0,276,124,0.06884057971014493,0.1532258064516129,0.095,10,1.3611365091055632,0.017440838739275932
01786,small-vehicle,dense_1024,18,157,258,0,276,175,0.06521739130434782,0.10285714285714286,0.07982261640798226,24,3.198298864066601,0.03709256090223789
01786,small-vehicle,dense_both,216,608,60,0,276,824,0.782608695652174,0.2621359223300971,0.3927272727272727,115,16.70174595154822,0.17737649381160736
01786,swimming-pool,prompt,0,4,2,0,2,4,0.0,0.0,0.0,10,1.325163345783949,0.00044476985931396484
01786,swimming-pool,full,0,3,2,0,2,3,0.0,0.0,0.0,10,1.2739850971847773,0.00033965520560741425
01786,swimming-pool,scale_prior,0,3,2,0,2,3,0.0,0.0,0.0,10,1.275237875059247,0.0003202371299266815
01786,swimming-pool,matched,0,3,2,0,2,3,0.0,0.0,0.0,10,1.2711924631148577,0.0003284085541963577
01786,swimming-pool,dense_1024,0,3,2,0,2,3,0.0,0.0,0.0,24,3.198298864066601,0.000321168452501297
01786,swimming-pool,dense_both,1,16,1,0,2,17,0.5,0.058823529411764705,0.10526315789473684,115,16.70174595154822,0.002451052889227867
01795,large-vehicle,prompt,5,206,2,0,7,211,0.7142857142857143,0.023696682464454975,0.045871559633027525,10,1.179093699902296,0.03009023144841194
01795,large-vehicle,full,3,97,4,0,7,100,0.42857142857142855,0.03,0.056074766355140186,10,1.2015817742794752,0.01324210874736309
01795,large-vehicle,scale_prior,4,46,3,0,7,50,0.5714285714285714,0.08,0.14035087719298245,10,1.2987935431301594,0.0064355116337537766
01795,large-vehicle,matched,5,103,2,0,7,108,0.7142857142857143,0.046296296296296294,0.08695652173913043,10,1.2927307039499283,0.014376387000083923
01795,large-vehicle,dense_1024,6,65,1,0,7,71,0.8571428571428571,0.08450704225352113,0.15384615384615385,24,3.0067381151020527,0.010806096717715263
01795,large-vehicle,dense_both,7,855,0,1,7,863,1.0,0.008120649651972157,0.01611047180667434,115,14.504010697826743,0.16897948272526264
01795,small-vehicle,prompt,142,34,138,17,280,193,0.5071428571428571,0.8068181818181818,0.6228070175438597,10,1.188055757433176,0.04319589398801327
01795,small-vehicle,full,156,47,124,48,280,251,0.5571428571428572,0.7684729064039408,0.6459627329192547,10,1.2015817742794752,0.06177276000380516
01795,small-vehicle,scale_prior,105,35,175,9,280,149,0.375,0.75,0.5,10,1.1974244732409716,0.029105104506015778
01795,small-vehicle,matched,1,8,279,9,280,18,0.0035714285714285713,0.1111111111111111,0.006920415224913495,10,1.1994384601712227,0.003918223083019257
01795,small-vehicle,dense_1024,156,61,124,48,280,265,0.5571428571428572,0.7188940092165899,0.6277665995975855,24,3.0067381151020527,0.06460164859890938
01795,small-vehicle,dense_both,252,129,28,75,280,456,0.9,0.6614173228346457,0.762481089258699,115,14.504010697826743,0.13769102282822132
01797,airplane,prompt,69,37,88,0,157,106,0.4394904458598726,0.6509433962264151,0.5247148288973384,10,1.3925225473940372,0.020984824746847153
01797,airplane,full,81,37,76,0,157,118,0.5159235668789809,0.6864406779661016,0.5890909090909091,10,1.390990687534213,0.02365211583673954
01797,airplane,scale_prior,81,36,76,0,157,117,0.5159235668789809,0.6923076923076923,0.5912408759124088,10,1.290426254272461,0.02323303185403347
01797,airplane,matched,81,37,76,0,157,118,0.5159235668789809,0.6864406779661016,0.5890909090909091,10,1.292144749313593,0.023354262113571167
01797,airplane,dense_1024,119,49,38,0,157,168,0.7579617834394905,0.7083333333333334,0.7323076923076923,24,3.524197867140174,0.03415284864604473
01797,airplane,dense_both,142,58,15,0,157,200,0.9044585987261147,0.71,0.7955182072829131,115,16.916897017508745,0.05571734346449375
01797,storage-tank,prompt,0,0,39,0,39,0,0.0,0.0,0.0,10,1.3468492329120636,0.00010614469647407532
01797,storage-tank,full,1,0,38,0,39,1,0.02564102564102564,1.0,0.05,10,1.5354946199804544,0.0002712756395339966
01797,storage-tank,scale_prior,0,0,39,0,39,0,0.0,0.0,0.0,10,1.6361512653529644,8.657760918140411e-05
01797,storage-tank,matched,0,0,39,0,39,0,0.0,0.0,0.0,10,1.6450627073645592,8.028745651245117e-05
01797,storage-tank,dense_1024,25,12,14,0,39,37,0.6410256410256411,0.6756756756756757,0.6578947368421053,24,3.524197867140174,0.006120482459664345
01797,storage-tank,dense_both,26,15,13,0,39,41,0.6666666666666666,0.6341463414634146,0.65,115,16.916897017508745,0.008437709882855415
01797,swimming-pool,prompt,1,8,2,0,3,9,0.3333333333333333,0.1111111111111111,0.16666666666666666,10,1.646602699533105,0.0010997187346220016
01797,swimming-pool,full,2,6,1,0,3,8,0.6666666666666666,0.25,0.36363636363636365,10,1.6416244860738516,0.0011087488383054733
01797,swimming-pool,scale_prior,1,4,2,0,3,5,0.3333333333333333,0.2,0.25,10,1.4311782233417034,0.0007120352238416672
01797,swimming-pool,matched,1,4,2,0,3,5,0.3333333333333333,0.2,0.25,10,1.5415094923228025,0.0007306281477212906
01797,swimming-pool,dense_1024,2,3,1,0,3,5,0.6666666666666666,0.4,0.5,24,3.524197867140174,0.0009461734443902969
01797,swimming-pool,dense_both,1,27,2,0,3,28,0.3333333333333333,0.03571428571428571,0.06451612903225806,115,16.916897017508745,0.00434269942343235
01798,airplane,prompt,36,9,58,4,94,49,0.3829787234042553,0.8,0.5179856115107914,10,1.079917086288333,0.012291625142097473
01798,airplane,full,4,8,90,2,94,14,0.0425531914893617,0.3333333333333333,0.07547169811320754,10,1.097042540088296,0.0025003496557474136
01798,airplane,scale_prior,3,7,91,1,94,11,0.031914893617021274,0.3,0.057692307692307696,10,1.0956505164504051,0.0017716065049171448
01798,airplane,matched,3,7,91,1,94,11,0.031914893617021274,0.3,0.057692307692307696,10,1.0956505164504051,0.001748131588101387
01798,airplane,dense_1024,44,19,50,5,94,68,0.46808510638297873,0.6984126984126984,0.5605095541401274,24,2.889849504455924,0.014938613399863243
01798,airplane,dense_both,51,34,43,5,94,90,0.5425531914893617,0.6,0.5698324022346368,115,14.3313969951123,0.024019401520490646
01798,storage-tank,prompt,7,1,1,0,8,8,0.875,0.875,0.875,10,1.2040741443634033,0.0014338083565235138
01798,storage-tank,full,7,0,1,0,8,7,0.875,1.0,0.9333333333333333,10,1.1972181014716625,0.0014801565557718277
01798,storage-tank,scale_prior,7,0,1,0,8,7,0.875,1.0,0.9333333333333333,10,1.2961131073534489,0.0012544598430395126
01798,storage-tank,matched,7,0,1,0,8,7,0.875,1.0,0.9333333333333333,10,1.2961131073534489,0.0012470632791519165
01798,storage-tank,dense_1024,8,2,0,0,8,10,1.0,0.8,0.8888888888888888,24,2.889849504455924,0.0018682442605495453
01798,storage-tank,dense_both,8,5,0,0,8,13,1.0,0.6153846153846154,0.7619047619047619,115,14.3313969951123,0.0028270725160837173
01798,swimming-pool,prompt,1,1,0,0,1,2,1.0,0.5,0.6666666666666666,10,1.4098082315176725,0.0005352087318897247
01798,swimming-pool,full,1,1,0,0,1,2,1.0,0.5,0.6666666666666666,10,1.401012483984232,0.00039751268923282623
01798,swimming-pool,scale_prior,1,0,0,0,1,1,1.0,1.0,1.0,10,1.3917745687067509,0.0002708602696657181
01798,swimming-pool,matched,1,1,0,0,1,2,1.0,0.5,0.6666666666666666,10,1.4918155204504728,0.0004406347870826721
01798,swimming-pool,dense_1024,1,1,0,0,1,2,1.0,0.5,0.6666666666666666,24,2.889849504455924,0.0003943890333175659
01798,swimming-pool,dense_both,1,10,0,0,1,11,1.0,0.09090909090909091,0.16666666666666666,115,14.3313969951123,0.0017927326261997223
01812,large-vehicle,prompt,10,48,7,0,17,58,0.5882352941176471,0.1724137931034483,0.26666666666666666,10,1.3461308125406504,0.007287299260497093
01812,large-vehicle,full,10,55,7,0,17,65,0.5882352941176471,0.15384615384615385,0.24390243902439024,10,1.1534426752477884,0.009811075404286385
01812,large-vehicle,scale_prior,10,55,7,0,17,65,0.5882352941176471,0.15384615384615385,0.24390243902439024,10,1.1727962680161,0.009704086929559708
01812,large-vehicle,matched,10,47,7,0,17,57,0.5882352941176471,0.17543859649122806,0.2702702702702703,10,1.2634293679147959,0.00892353244125843
01812,large-vehicle,dense_1024,15,121,2,0,17,136,0.8823529411764706,0.11029411764705882,0.19607843137254902,24,3.211457686498761,0.020904092118144035
01812,large-vehicle,dense_both,15,170,2,0,17,185,0.8823529411764706,0.08108108108108109,0.1485148514851485,115,15.593453537672758,0.03458804823458195
01812,small-vehicle,prompt,213,91,347,0,560,304,0.38035714285714284,0.7006578947368421,0.4930555555555556,10,1.2295623514801264,0.05590582825243473
01812,small-vehicle,full,368,121,192,0,560,489,0.6571428571428571,0.7525562372188139,0.7016205910390848,10,1.2562110144644976,0.09651069901883602
01812,small-vehicle,scale_prior,343,115,217,0,560,458,0.6125,0.7489082969432315,0.6738703339882122,10,1.1635475754737854,0.09196206368505955
01812,small-vehicle,matched,343,115,217,0,560,458,0.6125,0.7489082969432315,0.6738703339882122,10,1.1635475754737854,0.09229894913733006
01812,small-vehicle,dense_1024,516,216,44,0,560,732,0.9214285714285714,0.7049180327868853,0.7987616099071208,24,3.211457686498761,0.1520019769668579
01812,small-vehicle,dense_both,543,354,17,0,560,897,0.9696428571428571,0.6053511705685619,0.7453671928620453,115,15.593453537672758,0.23762410506606102
01812,swimming-pool,prompt,50,6,27,0,77,56,0.6493506493506493,0.8928571428571429,0.7518796992481203,10,1.4269728250801563,0.011771643534302711
01812,swimming-pool,full,46,9,31,0,77,55,0.5974025974025974,0.8363636363636363,0.696969696969697,10,1.4427325390279293,0.012674622237682343
01812,swimming-pool,scale_prior,49,9,28,0,77,58,0.6363636363636364,0.8448275862068966,0.725925925925926,10,1.3739049565047026,0.01118733361363411
01812,swimming-pool,matched,42,6,35,0,77,48,0.5454545454545454,0.875,0.672,10,1.4392406232655048,0.010808445513248444
01812,swimming-pool,dense_1024,74,11,3,0,77,85,0.961038961038961,0.8705882352941177,0.9135802469135802,24,3.211457686498761,0.016490831971168518
01812,swimming-pool,dense_both,75,17,2,0,77,92,0.974025974025974,0.8152173913043478,0.8875739644970414,115,15.593453537672758,0.025689616799354553
01816,ship,prompt,16,41,38,8,54,65,0.2962962962962963,0.2807017543859649,0.2882882882882883,10,1.0887089390307665,0.014223866164684296
01816,ship,full,15,33,39,10,54,58,0.2777777777777778,0.3125,0.29411764705882354,10,1.1851310152560472,0.012023726478219032
01816,ship,scale_prior,14,24,40,9,54,47,0.25925925925925924,0.3684210526315789,0.30434782608695654,10,1.1878833156079054,0.010547040030360222
01816,ship,matched,15,34,39,10,54,59,0.2777777777777778,0.30612244897959184,0.2912621359223301,10,1.18389355763793,0.012406378984451294
01816,ship,dense_1024,14,25,40,9,54,48,0.25925925925925924,0.358974358974359,0.3010752688172043,24,3.020475946366787,0.010884733870625496
01816,ship,dense_both,26,103,28,11,54,140,0.48148148148148145,0.20155038759689922,0.28415300546448086,115,14.292449034750462,0.03565459884703159
01816,storage-tank,prompt,492,60,958,0,1450,552,0.3393103448275862,0.8913043478260869,0.4915084915084915,10,1.3761379029601812,0.10300999693572521
01816,storage-tank,full,566,75,884,0,1450,641,0.3903448275862069,0.8829953198127926,0.5413677666188427,10,1.2983341198414564,0.12986574694514275
01816,storage-tank,scale_prior,529,66,921,0,1450,595,0.36482758620689654,0.8890756302521008,0.517359413202934,10,1.3966033793985844,0.10761740058660507
01816,storage-tank,matched,567,72,883,0,1450,639,0.3910344827586207,0.8873239436619719,0.5428434657730972,10,1.5015498138964176,0.1254040952771902
01816,storage-tank,dense_1024,706,129,744,0,1450,835,0.4868965517241379,0.8455089820359282,0.6179431072210065,24,3.020475946366787,0.17209285497665405
01816,storage-tank,dense_both,1072,294,378,0,1450,1366,0.7393103448275862,0.7847730600292826,0.7613636363636364,115,14.292449034750462,0.3400814365595579
01830,airplane,prompt,6,0,1,0,7,6,0.8571428571428571,1.0,0.9230769230769231,10,1.3177794832736254,0.0013521034270524979
01830,airplane,full,7,1,0,0,7,8,1.0,0.875,0.9333333333333333,10,1.4292770083993673,0.0014721117913722992
01830,airplane,scale_prior,6,1,1,0,7,7,0.8571428571428571,0.8571428571428571,0.8571428571428571,10,1.433007014915347,0.000923745334148407
01830,airplane,matched,6,1,1,0,7,7,0.8571428571428571,0.8571428571428571,0.8571428571428571,10,1.432257704436779,0.001040976494550705
01830,airplane,dense_1024,7,2,0,0,7,9,1.0,0.7777777777777778,0.875,24,3.545363551005721,0.0015151835978031158
01830,airplane,dense_both,7,2,0,0,7,9,1.0,0.7777777777777778,0.875,128,18.943708451464772,0.002498786896467209
01830,large-vehicle,prompt,2,6,2,0,4,8,0.5,0.25,0.3333333333333333,10,1.4062789138406515,0.0015339870005846024
01830,large-vehicle,full,3,10,1,0,4,13,0.75,0.23076923076923078,0.35294117647058826,10,1.4074079431593418,0.002268018200993538
01830,large-vehicle,scale_prior,3,11,1,0,4,14,0.75,0.21428571428571427,0.3333333333333333,10,1.4184852447360754,0.0022987350821495056
01830,large-vehicle,matched,2,10,2,0,4,12,0.5,0.16666666666666666,0.25,10,1.3082475438714027,0.002088623121380806
01830,large-vehicle,dense_1024,3,9,1,0,4,12,0.75,0.25,0.375,24,3.545363551005721,0.0019067171961069107
01830,large-vehicle,dense_both,3,14,1,0,4,17,0.75,0.17647058823529413,0.2857142857142857,128,18.943708451464772,0.0030138641595840454
01830,small-vehicle,prompt,36,123,51,0,87,159,0.41379310344827586,0.22641509433962265,0.2926829268292683,10,1.326801661401987,0.022529609501361847
01830,small-vehicle,full,17,93,70,0,87,110,0.19540229885057472,0.15454545454545454,0.17258883248730963,10,1.331975756213069,0.0152826476842165
01830,small-vehicle,scale_prior,11,64,76,0,87,75,0.12643678160919541,0.14666666666666667,0.13580246913580246,10,1.4386514127254486,0.010653847828507423
01830,small-vehicle,matched,32,103,55,0,87,135,0.367816091954023,0.23703703703703705,0.2882882882882883,10,1.2271872498095036,0.01946224458515644
01830,small-vehicle,dense_1024,9,50,78,0,87,59,0.10344827586206896,0.15254237288135594,0.1232876712328767,24,3.545363551005721,0.008594764396548271
01830,small-vehicle,dense_both,80,349,7,0,87,429,0.9195402298850575,0.1864801864801865,0.31007751937984496,128,18.943708451464772,0.08188844472169876
01830,storage-tank,prompt,1,0,0,0,1,1,1.0,1.0,1.0,10,1.5042548403143883,0.00033974088728427887
01830,storage-tank,full,1,0,0,0,1,1,1.0,1.0,1.0,10,1.4043925311416388,0.0003257729113101959
01830,storage-tank,scale_prior,1,0,0,0,1,1,1.0,1.0,1.0,10,1.4194662738591433,0.000329039990901947
01830,storage-tank,matched,1,0,0,0,1,1,1.0,1.0,1.0,10,1.5092202704399824,0.0003179330378770828
01830,storage-tank,dense_1024,1,1,0,0,1,2,1.0,0.5,0.6666666666666666,24,3.545363551005721,0.00033497437834739685
01830,storage-tank,dense_both,1,2,0,0,1,3,1.0,0.3333333333333333,0.5,128,18.943708451464772,0.0006417781114578247
01830,swimming-pool,prompt,5,9,19,0,24,14,0.20833333333333334,0.35714285714285715,0.2631578947368421,10,1.3239790350198746,0.001928640529513359
01830,swimming-pool,full,7,9,17,0,24,16,0.2916666666666667,0.4375,0.35,10,1.528727138414979,0.0029128994792699814
01830,swimming-pool,scale_prior,7,7,17,0,24,14,0.2916666666666667,0.5,0.3684210526315789,10,1.6342202797532082,0.0025623925030231476
01830,swimming-pool,matched,7,11,17,0,24,18,0.2916666666666667,0.3888888888888889,0.3333333333333333,10,1.63347096927464,0.0029145609587430954
01830,swimming-pool,dense_1024,10,10,14,0,24,20,0.4166666666666667,0.5,0.45454545454545453,24,3.545363551005721,0.0034535881131887436
01830,swimming-pool,dense_both,16,30,8,0,24,46,0.6666666666666666,0.34782608695652173,0.45714285714285713,128,18.943708451464772,0.00982959009706974
01865,airplane,prompt,89,13,57,0,146,102,0.6095890410958904,0.8725490196078431,0.717741935483871,10,1.0545039121061563,0.02141745574772358
01865,airplane,full,140,9,6,0,146,149,0.958904109589041,0.9395973154362416,0.9491525423728814,10,1.0454002805054188,0.03961276449263096
01865,airplane,scale_prior,140,9,6,0,146,149,0.958904109589041,0.9395973154362416,0.9491525423728814,10,1.1496253479272127,0.03886371850967407
01865,airplane,matched,140,8,6,0,146,148,0.958904109589041,0.9459459459459459,0.9523809523809523,10,1.0503925159573555,0.03769375570118427
01865,airplane,dense_1024,144,8,2,0,146,152,0.9863013698630136,0.9473684210526315,0.9664429530201343,24,2.862787801772356,0.04257570765912533
01865,airplane,dense_both,143,29,3,0,146,172,0.9794520547945206,0.8313953488372093,0.89937106918239,115,14.366111693903804,0.05985051579773426
01865,storage-tank,prompt,0,8,10,0,10,8,0.0,0.0,0.0,10,1.1984281465411186,0.001104116439819336
01865,storage-tank,full,10,11,0,0,10,21,1.0,0.47619047619047616,0.6451612903225806,10,1.1759802531450987,0.0035086441785097122
01865,storage-tank,scale_prior,10,10,0,0,10,20,1.0,0.5,0.6666666666666666,10,1.272612364962697,0.003386572003364563
01865,storage-tank,matched,10,10,0,0,10,20,1.0,0.5,0.6666666666666666,10,1.272612364962697,0.0033819209784269333
01865,storage-tank,dense_1024,10,11,0,0,10,21,1.0,0.47619047619047616,0.6451612903225806,24,2.862787801772356,0.004403499886393547
01865,storage-tank,dense_both,10,25,0,0,10,35,1.0,0.2857142857142857,0.4444444444444444,115,14.366111693903804,0.006655760109424591
01875,small-vehicle,prompt,115,79,494,2,609,196,0.18883415435139572,0.5927835051546392,0.286425902864259,10,1.3737181928008795,0.03133738785982132
01875,small-vehicle,full,259,117,350,8,609,384,0.42528735632183906,0.6888297872340425,0.5258883248730964,10,1.6141627710312605,0.06624041311442852
01875,small-vehicle,scale_prior,221,120,388,26,609,367,0.36288998357963875,0.6480938416422287,0.4652631578947368,10,1.3963445872068405,0.05962061695754528
01875,small-vehicle,matched,241,120,368,24,609,385,0.3957307060755337,0.667590027700831,0.49690721649484537,10,1.4039133079349995,0.06489873491227627
01875,small-vehicle,dense_1024,552,230,57,24,609,806,0.9064039408866995,0.7058823529411765,0.7936736161035226,24,3.5321242064237595,0.15924312733113766
01875,small-vehicle,dense_both,590,615,19,36,609,1241,0.9688013136288999,0.4896265560165975,0.6504961411245865,115,16.466786090284586,0.2892880216240883
01875,swimming-pool,prompt,29,15,70,3,99,47,0.29292929292929293,0.6590909090909091,0.40559440559440557,10,1.3822685461491346,0.006845107302069664
01875,swimming-pool,full,45,17,54,2,99,64,0.45454545454545453,0.7258064516129032,0.5590062111801242,10,1.5013319943100214,0.01043960452079773
01875,swimming-pool,scale_prior,40,20,59,2,99,62,0.40404040404040403,0.6666666666666666,0.5031446540880503,10,1.4004759192466736,0.009541284292936325
01875,swimming-pool,matched,42,20,57,2,99,64,0.42424242424242425,0.6774193548387096,0.5217391304347826,10,1.5031146295368671,0.01007140800356865
01875,swimming-pool,dense_1024,98,33,1,3,99,134,0.98989898989899,0.7480916030534351,0.8521739130434782,24,3.5321242064237595,0.025801844894886017
01875,swimming-pool,dense_both,98,73,1,3,99,174,0.98989898989899,0.5730994152046783,0.725925925925926,115,16.466786090284586,0.04218854755163193
01877,airplane,prompt,70,9,56,4,126,83,0.5555555555555556,0.8860759493670886,0.6829268292682927,10,1.1877181623131037,0.013000443577766418
01877,airplane,full,24,9,102,4,126,37,0.19047619047619047,0.7272727272727273,0.3018867924528302,10,1.2911509741097689,0.00684339739382267
01877,airplane,scale_prior,97,10,29,4,126,111,0.7698412698412699,0.9065420560747663,0.8326180257510729,10,1.3475163169205189,0.018712036311626434
01877,airplane,matched,97,12,29,4,126,113,0.7698412698412699,0.8899082568807339,0.825531914893617,10,1.3481911979615688,0.018800068646669388
01877,airplane,dense_1024,97,18,29,4,126,119,0.7698412698412699,0.8434782608695652,0.8049792531120332,24,3.2104008197784424,0.02292749658226967
01877,airplane,dense_both,122,31,4,4,126,157,0.9682539682539683,0.7973856209150327,0.8745519713261649,115,14.610756605863571,0.03773432411253452
01877,small-vehicle,prompt,1,9,1074,0,1075,10,0.0009302325581395349,0.1,0.0018433179723502304,10,1.6117740161716938,0.0034634359180927277
01877,small-vehicle,full,0,16,1075,0,1075,16,0.0,0.0,0.0,10,1.601779406890273,0.003832109272480011
01877,small-vehicle,scale_prior,2,13,1073,0,1075,15,0.0018604651162790699,0.13333333333333333,0.003669724770642202,10,1.6063063573092222,0.003956899046897888
01877,small-vehicle,matched,2,5,1073,0,1075,7,0.0018604651162790699,0.2857142857142857,0.0036968576709796672,10,1.505272662267089,0.0030124373733997345
01877,small-vehicle,dense_1024,47,67,1028,0,1075,114,0.04372093023255814,0.41228070175438597,0.07905803195962995,24,3.2104008197784424,0.030308477580547333
01877,small-vehicle,dense_both,617,231,458,0,1075,848,0.573953488372093,0.7275943396226415,0.641705668226729,115,14.610756605863571,0.22250305861234665
01877,storage-tank,prompt,2,2,2,0,4,4,0.5,0.5,0.5,10,1.44811930693686,0.0009537041187286377
01877,storage-tank,full,2,2,2,0,4,4,0.5,0.5,0.5,10,1.3033367786556482,0.0008744150400161743
01877,storage-tank,scale_prior,4,3,0,0,4,7,1.0,0.5714285714285714,0.7272727272727273,10,1.4060597140341997,0.0012882724404335022
01877,storage-tank,matched,2,2,2,0,4,4,0.5,0.5,0.5,10,1.401362806558609,0.0010336972773075104
01877,storage-tank,dense_1024,4,4,0,0,4,8,1.0,0.5,0.6666666666666666,24,3.2104008197784424,0.0016477331519126892
01877,storage-tank,dense_both,4,5,0,0,4,9,1.0,0.4444444444444444,0.6153846153846154,115,14.610756605863571,0.002357892692089081
01878,airplane,prompt,65,2,28,0,93,67,0.6989247311827957,0.9701492537313433,0.8125,10,1.4979130178689957,0.017990490421652794
01878,airplane,full,65,3,28,0,93,68,0.6989247311827957,0.9558823529411765,0.8074534161490683,10,1.3890608102083206,0.01840764284133911
01878,airplane,scale_prior,65,3,28,0,93,68,0.6989247311827957,0.9558823529411765,0.8074534161490683,10,1.5143247731029987,0.01667497679591179
01878,airplane,matched,62,4,31,0,93,66,0.6666666666666666,0.9393939393939394,0.779874213836478,10,1.2845646049827337,0.016961408779025078
01878,airplane,dense_1024,79,3,14,0,93,82,0.8494623655913979,0.9634146341463414,0.9028571428571428,24,3.4375695642083883,0.021633654832839966
01878,airplane,dense_both,87,4,6,0,93,91,0.9354838709677419,0.9560439560439561,0.9456521739130435,115,17.063636668026447,0.03222908452153206
01878,storage-tank,prompt,10,4,0,0,10,14,1.0,0.7142857142857143,0.8333333333333334,10,1.4448377788066864,0.003193337470293045
01878,storage-tank,full,10,0,0,0,10,10,1.0,1.0,1.0,10,1.4231105241924524,0.002150377258658409
01878,storage-tank,scale_prior,10,0,0,0,10,10,1.0,1.0,1.0,10,1.6422465071082115,0.0021578148007392883
01878,storage-tank,matched,10,0,0,0,10,10,1.0,1.0,1.0,10,1.6422465071082115,0.0021450072526931763
01878,storage-tank,dense_1024,10,1,0,0,10,11,1.0,0.9090909090909091,0.9523809523809523,24,3.4375695642083883,0.0022647958248853683
01878,storage-tank,dense_both,10,8,0,0,10,18,1.0,0.5555555555555556,0.7142857142857143,115,17.063636668026447,0.00465763732790947
01879,small-vehicle,prompt,79,49,300,0,379,128,0.20844327176781002,0.6171875,0.3116370808678501,10,1.2965715415775776,0.020572973415255547
01879,small-vehicle,full,185,76,194,0,379,261,0.48812664907651715,0.7088122605363985,0.578125,10,1.215641064569354,0.044296449050307274
01879,small-vehicle,scale_prior,195,83,184,0,379,278,0.5145118733509235,0.7014388489208633,0.593607305936073,10,1.3110925164073706,0.04544212110340595
01879,small-vehicle,matched,195,83,184,0,379,278,0.5145118733509235,0.7014388489208633,0.593607305936073,10,1.3110925164073706,0.0452786460518837
01879,small-vehicle,dense_1024,323,177,56,0,379,500,0.8522427440633246,0.646,0.7349260523321957,24,3.02322787232697,0.09474140778183937
01879,small-vehicle,dense_both,350,370,29,0,379,720,0.9234828496042217,0.4861111111111111,0.6369426751592356,115,14.276864308863878,0.15874391980469227
01879,swimming-pool,prompt,37,15,50,3,87,55,0.42528735632183906,0.7115384615384616,0.5323741007194245,10,1.286615865305066,0.009193029254674911
01879,swimming-pool,full,61,18,26,3,87,82,0.7011494252873564,0.7721518987341772,0.7349397590361446,10,1.3031787257641554,0.015532055869698524
01879,swimming-pool,scale_prior,54,13,33,3,87,70,0.6206896551724138,0.8059701492537313,0.7012987012987013,10,1.4079327639192343,0.013251839205622673
01879,swimming-pool,matched,54,13,33,3,87,70,0.6206896551724138,0.8059701492537313,0.7012987012987013,10,1.4079327639192343,0.01345290057361126
01879,swimming-pool,dense_1024,85,25,2,4,87,114,0.9770114942528736,0.7727272727272727,0.8629441624365483,24,3.02322787232697,0.02396472357213497
01879,swimming-pool,dense_both,84,60,3,4,87,148,0.9655172413793104,0.5833333333333334,0.7272727272727273,115,14.276864308863878,0.03937993757426739
01885,large-vehicle,prompt,4,7,6,0,10,11,0.4,0.36363636363636365,0.38095238095238093,10,1.4947324581444263,0.0017851721495389938
01885,large-vehicle,full,5,4,5,0,10,9,0.5,0.5555555555555556,0.5263157894736842,10,1.5066983606666327,0.001399332657456398
01885,large-vehicle,scale_prior,4,4,6,0,10,8,0.4,0.5,0.4444444444444444,10,1.712236499413848,0.0012513846158981323
01885,large-vehicle,matched,4,4,6,0,10,8,0.4,0.5,0.4444444444444444,10,1.712236499413848,0.0012420471757650375
01885,large-vehicle,dense_1024,8,5,2,0,10,13,0.8,0.6153846153846154,0.6956521739130435,24,3.5342363826930523,0.0018276739865541458
01885,large-vehicle,dense_both,9,20,1,0,10,29,0.9,0.3103448275862069,0.46153846153846156,128,19.024829065427184,0.005106428638100624
01885,ship,prompt,518,71,137,0,655,589,0.7908396946564885,0.8794567062818336,0.8327974276527331,10,1.3908557463437319,0.11859952472150326
01885,ship,full,485,71,170,0,655,556,0.7404580152671756,0.8723021582733813,0.800990916597853,10,1.40743001177907,0.11596162989735603
01885,ship,scale_prior,354,67,301,0,655,421,0.5404580152671755,0.8408551068883611,0.6579925650557621,10,1.5103590488433838,0.0881339069455862
01885,ship,matched,477,70,178,0,655,547,0.7282442748091603,0.8720292504570384,0.7936772046589018,10,1.6136651150882244,0.09898597560822964
01885,ship,dense_1024,383,82,272,0,655,465,0.5847328244274809,0.8236559139784946,0.6839285714285714,24,3.5342363826930523,0.11823338828980923
01885,ship,dense_both,603,132,52,0,655,735,0.9206106870229007,0.8204081632653061,0.8676258992805755,128,19.024829065427184,0.2792507018893957
01885,small-vehicle,prompt,61,31,186,0,247,92,0.24696356275303644,0.6630434782608695,0.35988200589970504,10,1.51047870144248,0.019032228738069534
01885,small-vehicle,full,57,29,190,0,247,86,0.23076923076923078,0.6627906976744186,0.34234234234234234,10,1.619808852672577,0.01502414420247078
01885,small-vehicle,scale_prior,56,26,191,0,247,82,0.22672064777327935,0.6829268292682927,0.3404255319148936,10,1.4270359426736832,0.012827806174755096
01885,small-vehicle,matched,56,27,191,0,247,83,0.22672064777327935,0.6746987951807228,0.3393939393939394,10,1.5251883268356323,0.014899425208568573
01885,small-vehicle,dense_1024,5,12,242,0,247,17,0.020242914979757085,0.29411764705882354,0.03787878787878788,24,3.5342363826930523,0.002871289849281311
01885,small-vehicle,dense_both,206,161,41,0,247,367,0.8340080971659919,0.5613079019073569,0.6710097719869706,128,19.024829065427184,0.09019067510962486
01885,swimming-pool,prompt,2,3,1,0,3,5,0.6666666666666666,0.4,0.5,10,1.5102641303092241,0.0010153111070394516
01885,swimming-pool,full,2,3,1,0,3,5,0.6666666666666666,0.4,0.5,10,1.4066651947796345,0.0012380611151456833
01885,swimming-pool,scale_prior,2,2,1,0,3,4,0.6666666666666666,0.5,0.5714285714285714,10,1.6283446718007326,0.000978788360953331
01885,swimming-pool,matched,2,2,1,0,3,4,0.6666666666666666,0.5,0.5714285714285714,10,1.6283446718007326,0.0009609106928110123
01885,swimming-pool,dense_1024,3,2,0,0,3,5,1.0,0.6,0.75,24,3.5342363826930523,0.001323191449046135
01885,swimming-pool,dense_both,3,4,0,0,3,7,1.0,0.42857142857142855,0.6,128,19.024829065427184,0.0020594466477632523
01889,airplane,prompt,9,5,2,0,11,14,0.8181818181818182,0.6428571428571429,0.72,10,1.5206676218658686,0.0028922948986291885
01889,airplane,full,10,2,1,0,11,12,0.9090909090909091,0.8333333333333334,0.8695652173913043,10,1.2239040080457926,0.002602711319923401
01889,airplane,scale_prior,10,2,1,0,11,12,0.9090909090909091,0.8333333333333334,0.8695652173913043,10,1.2288816589862108,0.0025248248130083084
01889,airplane,matched,10,2,1,0,11,12,0.9090909090909091,0.8333333333333334,0.8695652173913043,10,1.2279326226562262,0.0025613736361265182
01889,airplane,dense_1024,10,2,1,0,11,12,0.9090909090909091,0.8333333333333334,0.8695652173913043,24,3.2188817132264376,0.002533853054046631
01889,airplane,dense_both,10,4,1,0,11,14,0.9090909090909091,0.7142857142857143,0.8,115,15.278167959302664,0.0036572571843862534
01889,large-vehicle,prompt,0,0,3,0,3,0,0.0,0.0,0.0,10,1.1299456469714642,3.736838698387146e-05
01889,large-vehicle,full,0,1,3,0,3,1,0.0,0.0,0.0,10,1.2366543672978878,0.00025310367345809937
01889,large-vehicle,scale_prior,0,2,3,0,3,2,0.0,0.0,0.0,10,1.3404782507568598,0.0002795513719320297
01889,large-vehicle,matched,0,2,3,0,3,2,0.0,0.0,0.0,10,1.3442192524671555,0.0002730768173933029
01889,large-vehicle,dense_1024,0,2,3,0,3,2,0.0,0.0,0.0,24,3.2188817132264376,0.00035392865538597107
01889,large-vehicle,dense_both,0,6,3,0,3,6,0.0,0.0,0.0,115,15.278167959302664,0.0008310936391353607
01889,small-vehicle,prompt,40,19,68,0,108,59,0.37037037037037035,0.6779661016949152,0.47904191616766467,10,1.1328205317258835,0.010113818570971489
01889,small-vehicle,full,5,35,103,0,108,40,0.046296296296296294,0.125,0.06756756756756757,10,1.3471292685717344,0.012634200975298882
01889,small-vehicle,scale_prior,0,8,108,0,108,8,0.0,0.0,0.0,10,1.2517617996782064,0.0011540073901414871
01889,small-vehicle,matched,0,8,108,0,108,8,0.0,0.0,0.0,10,1.2517617996782064,0.0011460483074188232
01889,small-vehicle,dense_1024,11,65,97,0,108,76,0.10185185185185185,0.14473684210526316,0.11956521739130435,24,3.2188817132264376,0.01961234211921692
01889,small-vehicle,dense_both,87,94,21,0,108,181,0.8055555555555556,0.48066298342541436,0.6020761245674741,115,15.278167959302664,0.040212854743003845
01902,airplane,prompt,7,6,0,0,7,13,1.0,0.5384615384615384,0.7,10,1.179091665893793,0.002684377133846283
01902,airplane,full,7,7,0,0,7,14,1.0,0.5,0.6666666666666666,10,1.3613404892385006,0.002628359943628311
01902,airplane,scale_prior,7,6,0,0,7,13,1.0,0.5384615384615384,0.7,10,1.5264573954045773,0.0025659166276454926
01902,airplane,matched,7,8,0,0,7,15,1.0,0.4666666666666667,0.6363636363636364,10,1.4397439137101173,0.003025708720088005
01902,airplane,dense_1024,7,6,0,0,7,13,1.0,0.5384615384615384,0.7,24,3.525644915178418,0.0026270151138305664
01902,airplane,dense_both,7,8,0,0,7,15,1.0,0.4666666666666667,0.6363636363636364,115,15.368423782289028,0.003174932673573494
01902,large-vehicle,prompt,0,7,7,0,7,7,0.0,0.0,0.0,10,1.324411915615201,0.001136014237999916
01902,large-vehicle,full,0,13,7,0,7,13,0.0,0.0,0.0,10,1.6312855314463377,0.001641940325498581
01902,large-vehicle,scale_prior,0,9,7,0,7,9,0.0,0.0,0.0,10,1.6360537521541119,0.0011649932712316513
01902,large-vehicle,matched,0,9,7,0,7,9,0.0,0.0,0.0,10,1.6370177138596773,0.0011615324765443802
01902,large-vehicle,dense_1024,0,19,7,0,7,19,0.0,0.0,0.0,24,3.525644915178418,0.0026940815150737762
01902,large-vehicle,dense_both,0,49,7,0,7,49,0.0,0.0,0.0,115,15.368423782289028,0.006766427308320999
01909,airplane,prompt,15,2,2,1,17,18,0.8823529411764706,0.8823529411764706,0.8823529411764706,10,1.2090055793523788,0.00366390123963356
01909,airplane,full,12,4,5,1,17,17,0.7058823529411765,0.75,0.7272727272727273,10,1.1249372698366642,0.0046116989105939865
01909,airplane,scale_prior,12,4,5,1,17,17,0.7058823529411765,0.75,0.7272727272727273,10,1.313634341582656,0.0045548249036073685
01909,airplane,matched,12,4,5,1,17,17,0.7058823529411765,0.75,0.7272727272727273,10,1.313634341582656,0.004551220685243607
01909,airplane,dense_1024,12,5,5,1,17,18,0.7058823529411765,0.7058823529411765,0.7058823529411765,24,3.05249341763556,0.004955356940627098
01909,airplane,dense_both,16,8,1,1,17,25,0.9411764705882353,0.6666666666666666,0.7804878048780488,108,13.956335857510567,0.007088117301464081
01909,large-vehicle,prompt,2,17,4,0,6,19,0.3333333333333333,0.10526315789473684,0.16,10,1.3362621180713177,0.002214329317212105
01909,large-vehicle,full,3,31,3,2,6,36,0.5,0.08823529411764706,0.15,10,1.23159415461123,0.005028223618865013
01909,large-vehicle,scale_prior,3,27,3,2,6,32,0.5,0.1,0.16666666666666666,10,1.3319870196282864,0.0037400983273983
01909,large-vehicle,matched,3,25,3,2,6,30,0.5,0.10714285714285714,0.17647058823529413,10,1.234032778069377,0.0036399178206920624
01909,large-vehicle,dense_1024,5,56,1,2,6,63,0.8333333333333334,0.08196721311475409,0.14925373134328357,24,3.05249341763556,0.011485831812024117
01909,large-vehicle,dense_both,4,93,2,2,6,99,0.6666666666666666,0.041237113402061855,0.07766990291262135,108,13.956335857510567,0.018008463084697723
01909,small-vehicle,prompt,452,167,920,6,1372,625,0.3294460641399417,0.7302100161550888,0.4540431943746861,10,1.2421555239707232,0.18303860537707806
01909,small-vehicle,full,35,113,1337,12,1372,160,0.025510204081632654,0.23648648648648649,0.046052631578947366,10,1.231693733483553,0.06497287563979626
01909,small-vehicle,scale_prior,293,134,1079,12,1372,439,0.21355685131195334,0.6861826697892272,0.3257365202890495,10,1.3370044939219952,0.11155355349183083
01909,small-vehicle,matched,17,59,1355,12,1372,88,0.01239067055393586,0.2236842105263158,0.023480662983425413,10,1.3387264143675566,0.02045065350830555
01909,small-vehicle,dense_1024,60,158,1312,13,1372,231,0.043731778425655975,0.27522935779816515,0.07547169811320754,24,3.05249341763556,0.09918780252337456
01909,small-vehicle,dense_both,715,469,657,18,1372,1202,0.5211370262390671,0.6038851351351351,0.5594679186228482,108,13.956335857510567,0.42411384359002113
01916,large-vehicle,prompt,58,30,29,0,87,88,0.6666666666666666,0.6590909090909091,0.6628571428571428,10,1.3058581594377756,0.020810885354876518
01916,large-vehicle,full,70,49,17,0,87,119,0.8045977011494253,0.5882352941176471,0.6796116504854369,10,1.2199554909020662,0.02605542540550232
01916,large-vehicle,scale_prior,54,54,33,0,87,108,0.6206896551724138,0.5,0.5538461538461539,10,1.2294910103082657,0.021634267643094063
01916,large-vehicle,matched,54,54,33,0,87,108,0.6206896551724138,0.5,0.5538461538461539,10,1.2294910103082657,0.021815955638885498
01916,large-vehicle,dense_1024,78,73,9,0,87,151,0.896551724137931,0.5165562913907285,0.6554621848739496,24,3.0770323239266872,0.0315904151648283
01916,large-vehicle,dense_both,79,142,8,0,87,221,0.9080459770114943,0.3574660633484163,0.512987012987013,128,16.14219506457448,0.057179536670446396
01916,small-vehicle,prompt,284,66,806,0,1090,350,0.26055045871559634,0.8114285714285714,0.39444444444444443,10,1.3195942994207144,0.06811254844069481
01916,small-vehicle,full,681,115,409,0,1090,796,0.6247706422018349,0.8555276381909548,0.7221633085896076,10,1.21717463247478,0.1696110088378191
01916,small-vehicle,scale_prior,826,111,264,0,1090,937,0.7577981651376147,0.8815368196371398,0.814997533300444,10,1.2294910103082657,0.20715425536036491
01916,small-vehicle,matched,826,111,264,0,1090,937,0.7577981651376147,0.8815368196371398,0.814997533300444,10,1.2294910103082657,0.2076243720948696
01916,small-vehicle,dense_1024,960,192,130,0,1090,1152,0.8807339449541285,0.8333333333333334,0.856378233719893,24,3.0770323239266872,0.28270329535007477
01916,small-vehicle,dense_both,1081,388,9,0,1090,1469,0.9917431192660551,0.7358747447243023,0.8448612739351309,128,16.14219506457448,0.4664589837193489
01916,swimming-pool,prompt,0,1,1,0,1,1,0.0,0.0,0.0,10,1.4369177035987377,0.00035900622606277466
01916,swimming-pool,full,0,5,1,0,1,5,0.0,0.0,0.0,10,1.4345941338688135,0.0006993822753429413
01916,swimming-pool,scale_prior,0,4,1,0,1,4,0.0,0.0,0.0,10,1.2283021844923496,0.0004391409456729889
01916,swimming-pool,matched,0,4,1,0,1,4,0.0,0.0,0.0,10,1.2294121384620667,0.00039990246295928955
01916,swimming-pool,dense_1024,0,5,1,0,1,5,0.0,0.0,0.0,24,3.0770323239266872,0.0006440114229917526
01916,swimming-pool,dense_both,0,8,1,0,1,8,0.0,0.0,0.0,128,16.14219506457448,0.0012501589953899384
01924,airplane,prompt,6,3,36,0,42,9,0.14285714285714285,0.6666666666666666,0.23529411764705882,10,1.1146275736391544,0.002146238461136818
01924,airplane,full,26,4,16,0,42,30,0.6190476190476191,0.8666666666666667,0.7222222222222222,10,1.1073043309152126,0.006404636427760124
01924,airplane,scale_prior,14,4,28,0,42,18,0.3333333333333333,0.7777777777777778,0.4666666666666667,10,1.2747454158961773,0.0034921690821647644
01924,airplane,matched,6,1,36,0,42,7,0.14285714285714285,0.8571428571428571,0.24489795918367346,10,1.1774348840117455,0.0015415772795677185
01924,airplane,dense_1024,32,6,10,0,42,38,0.7619047619047619,0.8421052631578947,0.8,24,3.162165006622672,0.009448675438761711
01924,airplane,dense_both,31,12,11,0,42,43,0.7380952380952381,0.7209302325581395,0.7294117647058823,115,14.983739074319601,0.012568628415465355
01924,helicopter,prompt,0,0,22,0,22,0,0.0,0.0,0.0,10,1.1832748390734196,8.915364742279053e-05
01924,helicopter,full,0,0,22,0,22,0,0.0,0.0,0.0,10,1.2851890344172716,6.333738565444946e-05
01924,helicopter,scale_prior,9,1,13,0,22,10,0.4090909090909091,0.9,0.5625,10,1.2894359193742275,0.0018409360200166702
01924,helicopter,matched,9,1,13,0,22,10,0.4090909090909091,0.9,0.5625,10,1.291052594780922,0.0018323175609111786
01924,helicopter,dense_1024,12,1,10,0,22,13,0.5454545454545454,0.9230769230769231,0.6857142857142857,24,3.162165006622672,0.0035554133355617523
01924,helicopter,dense_both,20,6,2,0,22,26,0.9090909090909091,0.7692307692307693,0.8333333333333334,115,14.983739074319601,0.00792989693582058
01924,large-vehicle,prompt,0,9,6,0,6,9,0.0,0.0,0.0,10,1.2023500185459852,0.0008797012269496918
01924,large-vehicle,full,2,17,4,6,6,25,0.3333333333333333,0.10526315789473684,0.16,10,1.010597787797451,0.0036778301000595093
01924,large-vehicle,scale_prior,0,13,6,6,6,19,0.0,0.0,0.0,10,1.2794161532074213,0.0027475934475660324
01924,large-vehicle,matched,0,13,6,6,6,19,0.0,0.0,0.0,10,1.2794161532074213,0.0027791447937488556
01924,large-vehicle,dense_1024,3,46,3,7,6,56,0.5,0.061224489795918366,0.10909090909090909,24,3.162165006622672,0.008560607209801674
01924,large-vehicle,dense_both,4,56,2,7,6,67,0.6666666666666666,0.06666666666666667,0.12121212121212122,115,14.983739074319601,0.01007211022078991
01924,small-vehicle,prompt,10,15,309,0,319,25,0.03134796238244514,0.4,0.05813953488372093,10,1.530596300959587,0.004426524043083191
01924,small-vehicle,full,1,10,318,6,319,17,0.003134796238244514,0.09090909090909091,0.006060606060606061,10,1.284388029947877,0.0034565478563308716
01924,small-vehicle,scale_prior,3,16,316,6,319,25,0.009404388714733543,0.15789473684210525,0.01775147928994083,10,1.2855460159480572,0.004618719220161438
01924,small-vehicle,matched,1,12,318,6,319,19,0.003134796238244514,0.07692307692307693,0.006024096385542169,10,1.2882745768874884,0.003620702773332596
01924,small-vehicle,dense_1024,10,105,309,7,319,122,0.03134796238244514,0.08695652173913043,0.04608294930875576,24,3.162165006622672,0.03677545674145222
01924,small-vehicle,dense_both,226,248,93,15,319,489,0.7084639498432602,0.4767932489451477,0.5699873896595208,115,14.983739074319601,0.12254790216684341
01926,large-vehicle,prompt,7,88,14,0,21,95,0.3333333333333333,0.07368421052631578,0.1206896551724138,10,1.0750402305275202,0.010815907269716263
01926,large-vehicle,full,12,85,9,1,21,98,0.5714285714285714,0.12371134020618557,0.2033898305084746,10,1.1884679961949587,0.014155887067317963
01926,large-vehicle,scale_prior,7,68,14,0,21,75,0.3333333333333333,0.09333333333333334,0.14583333333333334,10,1.299374308437109,0.00972270779311657
01926,large-vehicle,matched,8,79,13,0,21,87,0.38095238095238093,0.09195402298850575,0.14814814814814814,10,1.2923675272613764,0.011143375188112259
01926,large-vehicle,dense_1024,21,175,0,1,21,197,1.0,0.10714285714285714,0.1935483870967742,24,2.8893601410090923,0.03295291028916836
01926,large-vehicle,dense_both,20,350,1,1,21,371,0.9523809523809523,0.05405405405405406,0.10230179028132992,115,14.209089189767838,0.07463970594108105
01926,small-vehicle,prompt,47,38,257,0,304,85,0.15460526315789475,0.5529411764705883,0.2416452442159383,10,0.9750286769121885,0.014523481950163841
01926,small-vehicle,full,195,52,109,0,304,247,0.6414473684210527,0.7894736842105263,0.7078039927404719,10,1.2936929408460855,0.039777543395757675
01926,small-vehicle,scale_prior,84,40,220,0,304,124,0.27631578947368424,0.6774193548387096,0.3925233644859813,10,1.1991704124957323,0.02037339098751545
01926,small-vehicle,matched,84,40,220,0,304,124,0.27631578947368424,0.6774193548387096,0.3925233644859813,10,1.1991704124957323,0.020382503047585487
01926,small-vehicle,dense_1024,224,82,80,0,304,306,0.7368421052631579,0.7320261437908496,0.7344262295081967,24,2.8893601410090923,0.057516809552907944
01926,small-vehicle,dense_both,235,224,69,0,304,459,0.7730263157894737,0.5119825708061002,0.6159895150720839,115,14.209089189767838,0.10033616423606873
01932,large-vehicle,prompt,3,34,0,0,3,37,1.0,0.08108108108108109,0.15,10,1.1365756914019585,0.005516691133379936
01932,large-vehicle,full,3,26,0,0,3,29,1.0,0.10344827586206896,0.1875,10,1.1215662583708763,0.004100542515516281
01932,large-vehicle,scale_prior,3,36,0,0,3,39,1.0,0.07692307692307693,0.14285714285714285,10,1.2202160935848951,0.005417315289378166
01932,large-vehicle,matched,3,36,0,0,3,39,1.0,0.07692307692307693,0.14285714285714285,10,1.2202160935848951,0.005436692386865616
01932,large-vehicle,dense_1024,1,66,2,0,3,67,0.3333333333333333,0.014925373134328358,0.02857142857142857,24,3.2030383069068193,0.013861626386642456
01932,large-vehicle,dense_both,3,196,0,0,3,199,1.0,0.01507537688442211,0.0297029702970297,115,15.485619340091944,0.04572848416864872
01934,airplane,prompt,7,1,3,0,10,8,0.7,0.875,0.7777777777777778,10,1.4339592903852463,0.0012238509953022003
01934,airplane,full,7,1,3,0,10,8,0.7,0.875,0.7777777777777778,10,1.2344348821789026,0.0012510232627391815
01934,airplane,scale_prior,7,1,3,0,10,8,0.7,0.875,0.7777777777777778,10,1.3289805855602026,0.001217653974890709
01934,airplane,matched,7,1,3,0,10,8,0.7,0.875,0.7777777777777778,10,1.3289805855602026,0.001193404197692871
01934,airplane,dense_1024,10,1,0,0,10,11,1.0,0.9090909090909091,0.9523809523809523,24,3.1763108670711517,0.002141650766134262
01934,airplane,dense_both,10,6,0,0,10,16,1.0,0.625,0.7692307692307693,115,15.0899737495929,0.0035004522651433945
01934,large-vehicle,prompt,0,9,3,0,3,9,0.0,0.0,0.0,10,1.446664996445179,0.0013034064322710037
01934,large-vehicle,full,3,14,0,0,3,17,1.0,0.17647058823529413,0.3,10,1.4496566839516163,0.0021418221294879913
01934,large-vehicle,scale_prior,3,15,0,0,3,18,1.0,0.16666666666666666,0.2857142857142857,10,1.3373472355306149,0.002497715875506401
01934,large-vehicle,matched,3,15,0,0,3,18,1.0,0.16666666666666666,0.2857142857142857,10,1.4428637940436602,0.0025063753128051758
01934,large-vehicle,dense_1024,3,32,0,0,3,35,1.0,0.08571428571428572,0.15789473684210525,24,3.1763108670711517,0.005166919901967049
01934,large-vehicle,dense_both,3,50,0,0,3,53,1.0,0.05660377358490566,0.10714285714285714,115,15.0899737495929,0.010446485131978989
01934,small-vehicle,prompt,3,3,99,0,102,6,0.029411764705882353,0.5,0.05555555555555555,10,1.656996676698327,0.0013854242861270905
01934,small-vehicle,full,3,15,99,0,102,18,0.029411764705882353,0.16666666666666666,0.05,10,1.4476328939199448,0.003157062456011772
01934,small-vehicle,scale_prior,3,15,99,0,102,18,0.029411764705882353,0.16666666666666666,0.05,10,1.446836257353425,0.0031543951481580734
01934,small-vehicle,matched,3,15,99,0,102,18,0.029411764705882353,0.16666666666666666,0.05,10,1.446836257353425,0.0031440965831279755
01934,small-vehicle,dense_1024,21,58,81,0,102,79,0.20588235294117646,0.26582278481012656,0.23204419889502761,24,3.1763108670711517,0.019506216049194336
01934,small-vehicle,dense_both,100,110,2,0,102,210,0.9803921568627451,0.47619047619047616,0.6410256410256411,115,15.0899737495929,0.05380823649466038
01934,storage-tank,prompt,2,0,11,0,13,2,0.15384615384615385,1.0,0.26666666666666666,10,1.6480633523315191,0.0005469396710395813
01934,storage-tank,full,2,0,11,0,13,2,0.15384615384615385,1.0,0.26666666666666666,10,1.4340499639511108,0.0005231704562902451
01934,storage-tank,scale_prior,2,0,11,0,13,2,0.15384615384615385,1.0,0.26666666666666666,10,1.5360777284950018,0.0005170106887817383
01934,storage-tank,matched,2,0,11,0,13,2,0.15384615384615385,1.0,0.26666666666666666,10,1.5360777284950018,0.0005439687520265579
01934,storage-tank,dense_1024,2,1,11,0,13,3,0.15384615384615385,0.6666666666666666,0.25,24,3.1763108670711517,0.0006362851709127426
01934,storage-tank,dense_both,7,2,6,0,13,9,0.5384615384615384,0.7777777777777778,0.6363636363636364,115,15.0899737495929,0.001576220616698265
01939,large-vehicle,prompt,31,60,31,6,62,97,0.5,0.34065934065934067,0.40522875816993464,10,1.0894591640681028,0.01736968383193016
01939,large-vehicle,full,35,59,27,7,62,101,0.5645161290322581,0.3723404255319149,0.44871794871794873,10,1.104070259258151,0.018674127757549286
01939,large-vehicle,scale_prior,35,59,27,7,62,101,0.5645161290322581,0.3723404255319149,0.44871794871794873,10,1.104070259258151,0.018628166988492012
01939,large-vehicle,matched,35,59,27,7,62,101,0.5645161290322581,0.3723404255319149,0.44871794871794873,10,1.104070259258151,0.01902017556130886
01939,large-vehicle,dense_1024,57,76,5,10,62,143,0.9193548387096774,0.42857142857142855,0.5846153846153846,24,2.922709135338664,0.02975722774863243
01939,large-vehicle,dense_both,60,143,2,10,62,213,0.967741935483871,0.2955665024630542,0.4528301886792453,115,14.113837895914912,0.049665067344903946
01939,small-vehicle,prompt,107,55,288,0,395,162,0.2708860759493671,0.6604938271604939,0.38420107719928187,10,1.1971176527440548,0.0378295723348856
01939,small-vehicle,full,217,102,178,2,395,321,0.549367088607595,0.6802507836990596,0.6078431372549019,10,1.100679324939847,0.06259805522859097
01939,small-vehicle,scale_prior,197,93,198,2,395,292,0.49873417721518987,0.6793103448275862,0.5751824817518248,10,1.1077883820980787,0.0570691954344511
01939,small-vehicle,matched,197,93,198,2,395,292,0.49873417721518987,0.6793103448275862,0.5751824817518248,10,1.1077883820980787,0.05702847056090832
01939,small-vehicle,dense_1024,381,185,14,2,395,568,0.9645569620253165,0.6731448763250883,0.7929240374609782,24,2.922709135338664,0.13230345956981182
01939,small-vehicle,dense_both,385,313,10,4,395,702,0.9746835443037974,0.5515759312320917,0.7044830741079597,115,14.113837895914912,0.20014633610844612
01957,airplane,prompt,2,2,12,0,14,4,0.14285714285714285,0.5,0.2222222222222222,10,1.197181424126029,0.000735623762011528
01957,airplane,full,1,0,13,0,14,1,0.07142857142857142,1.0,0.13333333333333333,10,1.1933737881481647,0.00033142976462841034
01957,airplane,scale_prior,1,1,13,0,14,2,0.07142857142857142,0.5,0.125,10,1.1997013222426176,0.00044380128383636475
01957,airplane,matched,1,1,13,0,14,2,0.07142857142857142,0.5,0.125,10,1.1997013222426176,0.0004360899329185486
01957,airplane,dense_1024,1,1,13,0,14,2,0.07142857142857142,0.5,0.125,24,3.04053158685565,0.0005165021866559982
01957,airplane,dense_both,9,4,5,0,14,13,0.6428571428571429,0.6923076923076923,0.6666666666666666,115,14.465504163876176,0.0030857231467962265
01957,small-vehicle,prompt,4,10,129,0,133,14,0.03007518796992481,0.2857142857142857,0.05442176870748299,10,1.209124257788062,0.002712571993470192
01957,small-vehicle,full,0,14,133,0,133,14,0.0,0.0,0.0,10,1.3029168602079153,0.002893177792429924
01957,small-vehicle,scale_prior,0,13,133,0,133,13,0.0,0.0,0.0,10,1.1951025165617466,0.00239495187997818
01957,small-vehicle,matched,0,12,133,0,133,12,0.0,0.0,0.0,10,1.2983085215091705,0.002350255846977234
01957,small-vehicle,dense_1024,0,19,133,0,133,19,0.0,0.0,0.0,24,3.04053158685565,0.003971638157963753
01957,small-vehicle,dense_both,88,113,45,0,133,201,0.6616541353383458,0.43781094527363185,0.5269461077844312,115,14.465504163876176,0.03786166198551655
01971,airplane,prompt,8,0,0,0,8,8,1.0,1.0,1.0,10,1.2006285637617111,0.0016495250165462494
01971,airplane,full,8,1,0,0,8,9,1.0,0.8888888888888888,0.9411764705882353,10,1.1962274387478828,0.002037379890680313
01971,airplane,scale_prior,7,0,1,0,8,7,0.875,1.0,0.9333333333333333,10,1.310667296871543,0.0009839348495006561
01971,airplane,matched,7,0,1,0,8,7,0.875,1.0,0.9333333333333333,10,1.2092640567570925,0.0012677088379859924
01971,airplane,dense_1024,8,1,0,0,8,9,1.0,0.8888888888888888,0.9411764705882353,24,3.059929370880127,0.002022579312324524
01971,airplane,dense_both,8,1,0,0,8,9,1.0,0.8888888888888888,0.9411764705882353,115,14.848906012251973,0.002533167600631714
01971,large-vehicle,prompt,0,1,1,0,1,1,0.0,0.0,0.0,10,1.30989252589643,0.00015527009963989258
01971,large-vehicle,full,0,0,1,0,1,0,0.0,0.0,0.0,10,1.3034073989838362,2.432987093925476e-05
01971,large-vehicle,scale_prior,0,17,1,0,1,17,0.0,0.0,0.0,10,1.5192281659692526,0.0021676793694496155
01971,large-vehicle,matched,0,17,1,0,1,17,0.0,0.0,0.0,10,1.4139486197382212,0.0021370630711317062
01971,large-vehicle,dense_1024,0,18,1,0,1,18,0.0,0.0,0.0,24,3.059929370880127,0.003302108496427536
01971,large-vehicle,dense_both,1,22,0,0,1,23,1.0,0.043478260869565216,0.08333333333333333,115,14.848906012251973,0.004024459049105644
01971,small-vehicle,prompt,0,0,102,0,102,0,0.0,0.0,0.0,10,1.208903992548585,0.0002106800675392151
01971,small-vehicle,full,0,1,102,0,102,1,0.0,0.0,0.0,10,1.514757301658392,0.0003285519778728485
01971,small-vehicle,scale_prior,0,26,102,0,102,26,0.0,0.0,0.0,10,1.5230285953730345,0.003626236692070961
01971,small-vehicle,matched,0,26,102,0,102,26,0.0,0.0,0.0,10,1.5191427487879992,0.0035986583679914474
01971,small-vehicle,dense_1024,6,88,96,0,102,94,0.058823529411764705,0.06382978723404255,0.061224489795918366,24,3.059929370880127,0.025616368278861046
01971,small-vehicle,dense_both,92,111,10,0,102,203,0.9019607843137255,0.45320197044334976,0.6032786885245902,115,14.848906012251973,0.04963449202477932
01978,airplane,prompt,6,3,2,1,8,10,0.75,0.6666666666666666,0.7058823529411765,10,1.2067747004330158,0.0019615795463323593
01978,airplane,full,5,3,3,1,8,9,0.625,0.625,0.625,10,1.3149795848876238,0.0018494557589292526
01978,airplane,scale_prior,5,3,3,1,8,9,0.625,0.625,0.625,10,1.4259751942008734,0.0018653813749551773
01978,airplane,matched,5,3,3,1,8,9,0.625,0.625,0.625,10,1.4185447674244642,0.0018357113003730774
01978,airplane,dense_1024,7,3,1,1,8,11,0.875,0.7,0.7777777777777778,24,3.073486229404807,0.0028547458350658417
01978,airplane,dense_both,8,7,0,1,8,16,1.0,0.5333333333333333,0.6956521739130435,115,14.767765117809176,0.004203421995043755
01978,large-vehicle,prompt,1,7,3,0,4,8,0.25,0.125,0.16666666666666666,10,1.2133459746837616,0.0009367261081933975
01978,large-vehicle,full,3,9,1,0,4,12,0.75,0.25,0.375,10,1.1273119524121284,0.0017521064728498459
01978,large-vehicle,scale_prior,1,5,3,0,4,6,0.25,0.16666666666666666,0.2,10,1.1355268191546202,0.0009191520512104034
01978,large-vehicle,matched,0,5,4,0,4,5,0.0,0.0,0.0,10,1.139005120843649,0.0007396973669528961
01978,large-vehicle,dense_1024,3,8,1,0,4,11,0.75,0.2727272727272727,0.4,24,3.073486229404807,0.001781407743692398
01978,large-vehicle,dense_both,3,27,1,0,4,30,0.75,0.1,0.17647058823529413,115,14.767765117809176,0.005570694804191589
01978,small-vehicle,prompt,121,19,45,0,166,140,0.7289156626506024,0.8642857142857143,0.7908496732026143,10,1.1310297828167677,0.03122195042669773
01978,small-vehicle,full,157,35,9,1,166,193,0.9457831325301205,0.8177083333333334,0.8770949720670391,10,1.134790726006031,0.05508664436638355
01978,small-vehicle,scale_prior,125,19,41,0,166,144,0.7530120481927711,0.8680555555555556,0.8064516129032258,10,1.0363700669258833,0.04108990356326103
01978,small-vehicle,matched,125,19,41,0,166,144,0.7530120481927711,0.8680555555555556,0.8064516129032258,10,1.0363700669258833,0.040876604616642
01978,small-vehicle,dense_1024,102,67,64,1,166,170,0.6144578313253012,0.6035502958579881,0.608955223880597,24,3.073486229404807,0.057855669409036636
01978,small-vehicle,dense_both,165,82,1,1,166,248,0.9939759036144579,0.6680161943319838,0.7990314769975787,115,14.767765117809176,0.07779615186154842
01995,airplane,prompt,0,0,5,0,5,0,0.0,0.0,0.0,10,1.6562583427876234,6.489083170890808e-05
01995,airplane,full,0,3,5,0,5,3,0.0,0.0,0.0,10,1.5554180648177862,0.00044563785195350647
01995,airplane,scale_prior,1,5,4,0,5,6,0.2,0.16666666666666666,0.18181818181818182,10,1.4495226182043552,0.0008011721074581146
01995,airplane,matched,1,4,4,0,5,5,0.2,0.2,0.2,10,1.4550304412841797,0.000644804909825325
01995,airplane,dense_1024,1,11,4,0,5,12,0.2,0.08333333333333333,0.11764705882352941,24,3.221468074247241,0.0017519425600767136
01995,airplane,dense_both,5,21,0,0,5,26,1.0,0.19230769230769232,0.3225806451612903,128,17.017868731170893,0.004455083981156349
01995,large-vehicle,prompt,0,6,9,0,9,6,0.0,0.0,0.0,10,1.345399808138609,0.0006375536322593689
01995,large-vehicle,full,3,62,6,0,9,65,0.3333333333333333,0.046153846153846156,0.08108108108108109,10,1.553771574050188,0.007241604849696159
01995,large-vehicle,scale_prior,3,61,6,0,9,64,0.3333333333333333,0.046875,0.0821917808219178,10,1.4509240500628948,0.007184097543358803
01995,large-vehicle,matched,3,61,6,0,9,64,0.3333333333333333,0.046875,0.0821917808219178,10,1.4509240500628948,0.007138676941394806
01995,large-vehicle,dense_1024,8,112,1,5,9,125,0.8888888888888888,0.06666666666666667,0.12403100775193798,24,3.221468074247241,0.01712832786142826
01995,large-vehicle,dense_both,9,175,0,5,9,189,1.0,0.04891304347826087,0.09326424870466321,128,17.017868731170893,0.03276306390762329
01995,small-vehicle,prompt,13,7,362,0,375,20,0.034666666666666665,0.65,0.06582278481012659,10,1.4578312393277884,0.003908026963472366
01995,small-vehicle,full,20,49,355,0,375,69,0.05333333333333334,0.2898550724637681,0.09009009009009009,10,1.4548157658427954,0.012564945966005325
01995,small-vehicle,scale_prior,43,42,332,0,375,85,0.11466666666666667,0.5058823529411764,0.18695652173913044,10,1.4504262059926987,0.01549101248383522
01995,small-vehicle,matched,31,35,344,0,375,66,0.08266666666666667,0.4696969696969697,0.14058956916099774,10,1.451543277129531,0.012734934687614441
01995,small-vehicle,dense_1024,93,117,282,0,375,210,0.248,0.44285714285714284,0.31794871794871793,24,3.221468074247241,0.03857051208615303
01995,small-vehicle,dense_both,316,368,59,4,375,688,0.8426666666666667,0.4619883040935672,0.5967894239848914,128,17.017868731170893,0.13469822518527508
01995,swimming-pool,prompt,2,1,1,0,3,3,0.6666666666666666,0.6666666666666666,0.6666666666666666,10,1.4570461492985487,0.0004696529358625412
01995,swimming-pool,full,3,4,0,0,3,7,1.0,0.42857142857142855,0.6,10,1.2636572681367397,0.0010677240788936615
01995,swimming-pool,scale_prior,3,3,0,0,3,6,1.0,0.5,0.6666666666666666,10,1.3589164912700653,0.0009583458304405212
01995,swimming-pool,matched,3,2,0,0,3,5,1.0,0.6,0.75,10,1.3615887109190226,0.0006763003766536713
01995,swimming-pool,dense_1024,3,3,0,0,3,6,1.0,0.5,0.6666666666666666,24,3.221468074247241,0.000950980931520462
01995,swimming-pool,dense_both,3,4,0,0,3,7,1.0,0.42857142857142855,0.6,128,17.017868731170893,0.0015173517167568207
01997,airplane,prompt,9,6,4,1,13,16,0.6923076923076923,0.6,0.6428571428571429,10,1.1246210485696793,0.0033781081438064575
01997,airplane,full,8,8,5,1,13,17,0.6153846153846154,0.5,0.5517241379310345,10,1.239427985623479,0.003246808424592018
01997,airplane,scale_prior,8,8,5,1,13,17,0.6153846153846154,0.5,0.5517241379310345,10,1.1311567276716232,0.0035442952066659927
01997,airplane,matched,8,8,5,1,13,17,0.6153846153846154,0.5,0.5517241379310345,10,1.1311567276716232,0.0034896284341812134
01997,airplane,dense_1024,8,8,5,1,13,17,0.6153846153846154,0.5,0.5517241379310345,24,3.100461468100548,0.0039381589740514755
01997,airplane,dense_both,10,12,3,1,13,23,0.7692307692307693,0.45454545454545453,0.5714285714285714,128,16.65664254501462,0.0059586819261312485
01997,helicopter,prompt,0,0,5,0,5,0,0.0,0.0,0.0,10,1.1218277141451836,5.1410868763923645e-05
01997,helicopter,full,0,0,5,0,5,0,0.0,0.0,0.0,10,1.338627114892006,3.656744956970215e-05
01997,helicopter,scale_prior,0,4,5,0,5,4,0.0,0.0,0.0,10,1.024789948016405,0.0005848705768585205
01997,helicopter,matched,0,4,5,0,5,4,0.0,0.0,0.0,10,1.0215268414467573,0.0005574282258749008
01997,helicopter,dense_1024,2,4,3,0,5,6,0.4,0.3333333333333333,0.36363636363636365,24,3.100461468100548,0.001038791611790657
01997,helicopter,dense_both,2,9,3,0,5,11,0.4,0.18181818181818182,0.25,128,16.65664254501462,0.0018468648195266724
01997,large-vehicle,prompt,9,6,2,0,11,15,0.8181818181818182,0.6,0.6923076923076923,10,1.5733374431729317,0.003100598230957985
01997,large-vehicle,full,10,6,1,0,11,16,0.9090909090909091,0.625,0.7407407407407407,10,1.3645161110907793,0.0036139674484729767
01997,large-vehicle,scale_prior,10,10,1,0,11,20,0.9090909090909091,0.5,0.6451612903225806,10,1.2541536651551723,0.0034994203597307205
01997,large-vehicle,matched,10,6,1,0,11,16,0.9090909090909091,0.625,0.7407407407407407,10,1.5748008787631989,0.0025945883244276047
01997,large-vehicle,dense_1024,10,13,1,0,11,23,0.9090909090909091,0.43478260869565216,0.5882352941176471,24,3.100461468100548,0.003950754180550575
01997,large-vehicle,dense_both,10,20,1,0,11,30,0.9090909090909091,0.3333333333333333,0.4878048780487805,128,16.65664254501462,0.0064629241824150085
01997,small-vehicle,prompt,138,111,325,0,463,249,0.2980561555075594,0.5542168674698795,0.38764044943820225,10,1.3531315065920353,0.047515926882624626
01997,small-vehicle,full,39,67,424,0,463,106,0.08423326133909287,0.36792452830188677,0.13708260105448156,10,1.3513490743935108,0.021192222833633423
01997,small-vehicle,scale_prior,39,67,424,0,463,106,0.08423326133909287,0.36792452830188677,0.13708260105448156,10,1.3513490743935108,0.022250864654779434
01997,small-vehicle,matched,39,67,424,0,463,106,0.08423326133909287,0.36792452830188677,0.13708260105448156,10,1.3513490743935108,0.021059826016426086
01997,small-vehicle,dense_1024,92,155,371,0,463,247,0.19870410367170627,0.3724696356275304,0.2591549295774648,24,3.100461468100548,0.05630756914615631
01997,small-vehicle,dense_both,362,393,101,0,463,755,0.7818574514038877,0.4794701986754967,0.5944170771756979,128,16.65664254501462,0.17860384471714497
01998,small-vehicle,prompt,155,83,331,0,486,238,0.31893004115226337,0.6512605042016807,0.4281767955801105,10,1.1494490839540958,0.03654623404145241
01998,small-vehicle,full,316,128,170,0,486,444,0.6502057613168725,0.7117117117117117,0.6795698924731183,10,1.2391423676162958,0.07156592980027199
01998,small-vehicle,scale_prior,296,135,190,0,486,431,0.6090534979423868,0.6867749419953596,0.6455834242093784,10,1.1392241269350052,0.06724106334149837
01998,small-vehicle,matched,296,135,190,0,486,431,0.6090534979423868,0.6867749419953596,0.6455834242093784,10,1.1392241269350052,0.06704670563340187
01998,small-vehicle,dense_1024,449,218,37,0,486,667,0.9238683127572016,0.6731634182908546,0.7788378143972247,24,3.183827856555581,0.12881658971309662
01998,small-vehicle,dense_both,459,402,27,0,486,861,0.9444444444444444,0.5331010452961672,0.6815144766146993,115,14.827492870390415,0.20413839258253574
01998,swimming-pool,prompt,25,14,52,0,77,39,0.3246753246753247,0.6410256410256411,0.43103448275862066,10,1.3295940458774567,0.006052000448107719
01998,swimming-pool,full,44,42,33,0,77,86,0.5714285714285714,0.5116279069767442,0.5398773006134969,10,1.0255336351692677,0.013653308153152466
01998,swimming-pool,scale_prior,37,37,40,0,77,74,0.4805194805194805,0.5,0.4900662251655629,10,1.032485255971551,0.011242285370826721
01998,swimming-pool,matched,47,42,30,0,77,89,0.6103896103896104,0.5280898876404494,0.5662650602409639,10,1.0306839365512133,0.013409128412604332
01998,swimming-pool,dense_1024,74,80,3,0,77,154,0.961038961038961,0.4805194805194805,0.6406926406926406,24,3.183827856555581,0.026620179414749146
01998,swimming-pool,dense_both,76,103,1,0,77,179,0.987012987012987,0.4245810055865922,0.59375,115,14.827492870390415,0.040048738941550255
02001,large-vehicle,prompt,0,15,1,0,1,15,0.0,0.0,0.0,10,1.320038454607129,0.001789826899766922
02001,large-vehicle,full,0,18,1,0,1,18,0.0,0.0,0.0,10,1.113654861226678,0.0023760050535202026
02001,large-vehicle,scale_prior,0,18,1,0,1,18,0.0,0.0,0.0,10,1.2097517978399992,0.002175062894821167
02001,large-vehicle,matched,0,19,1,0,1,19,0.0,0.0,0.0,10,1.2110859639942646,0.002284543588757515
02001,large-vehicle,dense_1024,0,24,1,0,1,24,0.0,0.0,0.0,24,3.0254552271217108,0.003793543204665184
02001,large-vehicle,dense_both,1,43,0,0,1,44,1.0,0.022727272727272728,0.044444444444444446,115,14.525665329769254,0.00750870443880558
02001,small-vehicle,prompt,38,89,68,0,106,127,0.3584905660377358,0.2992125984251969,0.3261802575107296,10,1.3176588620990515,0.016995936632156372
02001,small-vehicle,full,67,94,39,0,106,161,0.6320754716981132,0.4161490683229814,0.50187265917603,10,1.2158980201929808,0.025355499237775803
02001,small-vehicle,scale_prior,60,107,46,0,106,167,0.5660377358490566,0.3592814371257485,0.43956043956043955,10,1.2091447860002518,0.024680187925696373
02001,small-vehicle,matched,60,107,46,0,106,167,0.5660377358490566,0.3592814371257485,0.43956043956043955,10,1.2091447860002518,0.024655329063534737
02001,small-vehicle,dense_1024,96,171,10,0,106,267,0.9056603773584906,0.3595505617977528,0.514745308310992,24,3.0254552271217108,0.046810332685709
02001,small-vehicle,dense_both,101,409,5,0,106,510,0.9528301886792453,0.1980392156862745,0.32792207792207795,115,14.525665329769254,0.09566529653966427
02001,swimming-pool,prompt,50,14,206,4,256,68,0.1953125,0.78125,0.3125,10,1.206597464159131,0.011582963168621063
02001,swimming-pool,full,130,14,126,1,256,145,0.5078125,0.9027777777777778,0.65,10,1.3088078368455172,0.024474401026964188
02001,swimming-pool,scale_prior,114,8,142,3,256,125,0.4453125,0.9344262295081968,0.6031746031746031,10,1.2120028529316187,0.020083094015717506
02001,swimming-pool,matched,133,10,123,1,256,144,0.51953125,0.9300699300699301,0.6666666666666666,10,1.21113015525043,0.0230424627661705
02001,swimming-pool,dense_1024,244,33,12,5,256,282,0.953125,0.8808664259927798,0.9155722326454033,24,3.0254552271217108,0.058408526703715324
02001,swimming-pool,dense_both,243,58,13,6,256,307,0.94921875,0.8073089700996677,0.8725314183123878,115,14.525665329769254,0.09027160331606865
02002,airplane,prompt,1,1,15,0,16,2,0.0625,0.5,0.1111111111111111,10,1.0949565637856722,0.0004404298961162567
02002,airplane,full,1,1,15,0,16,2,0.0625,0.5,0.1111111111111111,10,1.1032435316592455,0.00044342875480651855
02002,airplane,scale_prior,1,1,15,0,16,2,0.0625,0.5,0.1111111111111111,10,1.1085793059319258,0.000430544838309288
02002,airplane,matched,1,1,15,0,16,2,0.0625,0.5,0.1111111111111111,10,1.1060007028281689,0.00034155696630477905
02002,airplane,dense_1024,13,3,3,1,16,17,0.8125,0.8125,0.8125,30,3.592871779575944,0.003580920398235321
02002,airplane,dense_both,15,5,1,1,16,21,0.9375,0.75,0.8333333333333334,160,19.99978775344789,0.005386808887124062
02002,large-vehicle,prompt,5,10,27,0,32,15,0.15625,0.3333333333333333,0.2127659574468085,10,1.2964914254844189,0.002394162118434906
02002,large-vehicle,full,6,23,26,0,32,29,0.1875,0.20689655172413793,0.19672131147540983,10,1.3045061938464642,0.004601769149303436
02002,large-vehicle,scale_prior,6,26,26,0,32,32,0.1875,0.1875,0.1875,10,1.3034340776503086,0.004911860451102257
02002,large-vehicle,matched,6,23,26,0,32,29,0.1875,0.20689655172413793,0.19672131147540983,10,1.3045061938464642,0.004579236730933189
02002,large-vehicle,dense_1024,14,72,18,0,32,86,0.4375,0.16279069767441862,0.23728813559322035,30,3.592871779575944,0.01405121386051178
02002,large-vehicle,dense_both,17,111,15,0,32,128,0.53125,0.1328125,0.2125,160,19.99978775344789,0.023761553689837456
02002,small-vehicle,prompt,95,153,704,0,799,248,0.11889862327909888,0.38306451612903225,0.18147086914995225,10,1.298561703413725,0.048833923414349556
02002,small-vehicle,full,4,36,795,0,799,40,0.0050062578222778474,0.1,0.009535160905840286,10,1.300025450065732,0.008658496662974358
02002,small-vehicle,scale_prior,5,38,794,0,799,43,0.006257822277847309,0.11627906976744186,0.011876484560570071,10,1.4045619778335094,0.009224886074662209
02002,small-vehicle,matched,5,44,794,0,799,49,0.006257822277847309,0.10204081632653061,0.01179245283018868,10,1.3005164675414562,0.009959731251001358
02002,small-vehicle,dense_1024,3,133,796,0,799,136,0.0037546933667083854,0.022058823529411766,0.006417112299465241,30,3.592871779575944,0.02709827572107315
02002,small-vehicle,dense_both,600,1259,199,0,799,1859,0.7509386733416771,0.32275416890801506,0.45146726862302483,160,19.99978775344789,0.4364461190998554
02002,swimming-pool,prompt,2,3,1,0,3,5,0.6666666666666666,0.4,0.5,10,1.1969106011092663,0.0007042884826660156
02002,swimming-pool,full,2,2,1,0,3,4,0.6666666666666666,0.5,0.5714285714285714,10,1.1866656672209501,0.0009198728948831558
02002,swimming-pool,scale_prior,2,2,1,0,3,4,0.6666666666666666,0.5,0.5714285714285714,10,1.1921001486480236,0.0006476454436779022
02002,swimming-pool,matched,2,2,1,0,3,4,0.6666666666666666,0.5,0.5714285714285714,10,1.1992894560098648,0.0005938783288002014
02002,swimming-pool,dense_1024,3,1,0,0,3,4,1.0,0.75,0.8571428571428571,30,3.592871779575944,0.0011257212609052658
02002,swimming-pool,dense_both,3,14,0,0,3,17,1.0,0.17647058823529413,0.3,160,19.99978775344789,0.00352402962744236
02004,large-vehicle,prompt,18,72,4,15,22,105,0.8181818181818182,0.2,0.32142857142857145,10,1.451742023229599,0.01565934717655182
02004,large-vehicle,full,17,94,5,5,22,116,0.7727272727272727,0.15315315315315314,0.2556390977443609,10,1.2603314574807882,0.01700548641383648
02004,large-vehicle,scale_prior,14,94,8,5,22,113,0.6363636363636364,0.12962962962962962,0.2153846153846154,10,1.257433995604515,0.017876122146844864
02004,large-vehicle,matched,14,94,8,5,22,113,0.6363636363636364,0.12962962962962962,0.2153846153846154,10,1.257433995604515,0.017772167921066284
02004,large-vehicle,dense_1024,14,140,8,5,22,159,0.6363636363636364,0.09090909090909091,0.1590909090909091,12,1.5702118333429098,0.030853956937789917
02004,large-vehicle,dense_both,19,200,3,22,22,241,0.8636363636363636,0.0867579908675799,0.15767634854771784,54,7.089314127340913,0.055967673659324646
02004,small-vehicle,prompt,154,163,383,6,537,323,0.28677839851024206,0.48580441640378547,0.36065573770491804,10,1.451116506010294,0.04603821411728859
02004,small-vehicle,full,37,44,500,6,537,87,0.06890130353817504,0.4567901234567901,0.11974110032362459,10,1.2596084028482437,0.01287306658923626
02004,small-vehicle,scale_prior,33,66,504,6,537,105,0.061452513966480445,0.3333333333333333,0.10377358490566038,10,1.3569759670644999,0.014554468914866447
02004,small-vehicle,matched,33,66,504,6,537,105,0.061452513966480445,0.3333333333333333,0.10377358490566038,10,1.3569759670644999,0.014630740508437157
02004,small-vehicle,dense_1024,1,7,536,0,537,8,0.00186219739292365,0.125,0.003669724770642202,12,1.5702118333429098,0.00218144990503788
02004,small-vehicle,dense_both,403,374,134,15,537,792,0.750465549348231,0.5186615186615187,0.6133942161339422,54,7.089314127340913,0.13564195856451988
02004,storage-tank,prompt,237,10,5,1,242,248,0.9793388429752066,0.9595141700404858,0.9693251533742331,10,1.3605087120085955,0.07193455845117569
02004,storage-tank,full,237,13,5,1,242,251,0.9793388429752066,0.948,0.9634146341463414,10,1.1364197675138712,0.07659814693033695
02004,storage-tank,scale_prior,237,13,5,1,242,251,0.9793388429752066,0.948,0.9634146341463414,10,1.1369714457541704,0.06757687591016293
02004,storage-tank,matched,237,13,5,1,242,251,0.9793388429752066,0.948,0.9634146341463414,10,1.1369714457541704,0.06761850230395794
02004,storage-tank,dense_1024,196,5,46,1,242,202,0.8099173553719008,0.9751243781094527,0.8848758465011287,12,1.5702118333429098,0.05040960945188999
02004,storage-tank,dense_both,237,19,5,1,242,257,0.9793388429752066,0.92578125,0.9518072289156626,54,7.089314127340913,0.08684610016644001
02004,swimming-pool,prompt,7,14,2,0,9,21,0.7777777777777778,0.3333333333333333,0.4666666666666667,10,1.4506870806217194,0.0027464013546705246
02004,swimming-pool,full,9,23,0,0,9,32,1.0,0.28125,0.43902439024390244,10,1.35995077714324,0.004988150671124458
02004,swimming-pool,scale_prior,9,20,0,0,9,29,1.0,0.3103448275862069,0.47368421052631576,10,1.2546695191413164,0.003938015550374985
02004,swimming-pool,matched,9,20,0,0,9,29,1.0,0.3103448275862069,0.47368421052631576,10,1.3587002232670784,0.00386677123606205
02004,swimming-pool,dense_1024,9,20,0,0,9,29,1.0,0.3103448275862069,0.47368421052631576,12,1.5702118333429098,0.004120510071516037
02004,swimming-pool,dense_both,8,36,1,0,9,44,0.8888888888888888,0.18181818181818182,0.3018867924528302,54,7.089314127340913,0.007097221910953522
02011,large-vehicle,prompt,1,10,0,0,1,11,1.0,0.09090909090909091,0.16666666666666666,10,1.0046008247882128,0.0015267562121152878
02011,large-vehicle,full,1,10,0,0,1,11,1.0,0.09090909090909091,0.16666666666666666,10,1.1158555131405592,0.0013984739780426025
02011,large-vehicle,scale_prior,1,12,0,0,1,13,1.0,0.07692307692307693,0.14285714285714285,10,1.219148200005293,0.0015543121844530106
02011,large-vehicle,matched,1,10,0,0,1,11,1.0,0.09090909090909091,0.16666666666666666,10,1.114843836054206,0.00137997604906559
02011,large-vehicle,dense_1024,1,40,0,0,1,41,1.0,0.024390243902439025,0.047619047619047616,24,3.0562233589589596,0.006955500692129135
02011,large-vehicle,dense_both,1,103,0,0,1,104,1.0,0.009615384615384616,0.01904761904761905,115,14.907549493014812,0.01796211302280426
02011,small-vehicle,prompt,52,18,103,0,155,70,0.33548387096774196,0.7428571428571429,0.4622222222222222,10,1.0200318228453398,0.013921797275543213
02011,small-vehicle,full,64,21,91,0,155,85,0.4129032258064516,0.7529411764705882,0.5333333333333333,10,1.1170597430318594,0.019410399720072746
02011,small-vehicle,scale_prior,64,21,91,0,155,85,0.4129032258064516,0.7529411764705882,0.5333333333333333,10,1.1227534655481577,0.01923925057053566
02011,small-vehicle,matched,64,21,91,0,155,85,0.4129032258064516,0.7529411764705882,0.5333333333333333,10,1.1162821166217327,0.019413262605667114
02011,small-vehicle,dense_1024,155,66,0,0,155,221,1.0,0.7013574660633484,0.824468085106383,24,3.0562233589589596,0.055410994216799736
02011,small-vehicle,dense_both,155,92,0,0,155,247,1.0,0.6275303643724697,0.7711442786069652,115,14.907549493014812,0.07786165922880173
02016,large-vehicle,prompt,3,189,11,0,14,192,0.21428571428571427,0.015625,0.02912621359223301,10,1.1238205563277006,0.023896807804703712
02016,large-vehicle,full,3,108,11,0,14,111,0.21428571428571427,0.02702702702702703,0.048,10,1.2342378813773394,0.015655281022191048
02016,large-vehicle,scale_prior,3,114,11,0,14,117,0.21428571428571427,0.02564102564102564,0.04580152671755725,10,1.2438791785389185,0.016316251829266548
02016,large-vehicle,matched,3,108,11,0,14,111,0.21428571428571427,0.02702702702702703,0.048,10,1.2342378813773394,0.015540383756160736
02016,large-vehicle,dense_1024,9,273,5,0,14,282,0.6428571428571429,0.031914893617021274,0.060810810810810814,24,3.127652058377862,0.044543325901031494
02016,large-vehicle,dense_both,13,852,1,0,14,865,0.9285714285714286,0.015028901734104046,0.02957906712172924,115,14.79836075939238,0.15944232419133186
02016,small-vehicle,prompt,539,34,76,0,615,573,0.8764227642276423,0.9406631762652705,0.9074074074074074,10,1.1152941174805164,0.1600407436490059
02016,small-vehicle,full,560,35,55,0,615,595,0.9105691056910569,0.9411764705882353,0.9256198347107438,10,1.2354238610714674,0.18787074647843838
02016,small-vehicle,scale_prior,559,37,56,0,615,596,0.9089430894308943,0.9379194630872483,0.9232039636663915,10,1.2345299646258354,0.18853484094142914
02016,small-vehicle,matched,559,37,56,0,615,596,0.9089430894308943,0.9379194630872483,0.9232039636663915,10,1.2345299646258354,0.18747669085860252
02016,small-vehicle,dense_1024,520,51,95,95,615,666,0.8455284552845529,0.9106830122591943,0.8768971332209107,24,3.127652058377862,0.21444999612867832
02016,small-vehicle,dense_both,598,114,17,142,615,854,0.9723577235772358,0.8398876404494382,0.9012810851544838,115,14.79836075939238,0.3263647798448801
02022,large-vehicle,prompt,1,4,3,3,4,8,0.25,0.2,0.2222222222222222,10,1.1050614956766367,0.0015010982751846313
02022,large-vehicle,full,1,8,3,2,4,11,0.25,0.1111111111111111,0.15384615384615385,10,1.2172475848346949,0.001677216961979866
02022,large-vehicle,scale_prior,2,8,2,2,4,12,0.5,0.2,0.2857142857142857,10,1.210709571838379,0.001753607764840126
02022,large-vehicle,matched,2,9,2,2,4,13,0.5,0.18181818181818182,0.26666666666666666,10,1.208857225254178,0.0019015949219465256
02022,large-vehicle,dense_1024,2,8,2,2,4,12,0.5,0.2,0.2857142857142857,24,3.052711298689246,0.0018181223422288895
02022,large-vehicle,dense_both,3,16,1,3,4,22,0.75,0.15789473684210525,0.2608695652173913,115,14.720148613676429,0.0034562740474939346
02022,ship,prompt,547,62,29,22,576,631,0.9496527777777778,0.8981937602627258,0.9232067510548523,10,1.3023464400321245,0.1452942155301571
02022,ship,full,547,67,29,22,576,636,0.9496527777777778,0.8908794788273615,0.9193277310924369,10,1.3077118769288063,0.15676809288561344
02022,ship,scale_prior,502,58,74,21,576,581,0.8715277777777778,0.8964285714285715,0.8838028169014085,10,1.319771770387888,0.1307625826448202
02022,ship,matched,547,66,29,22,576,635,0.9496527777777778,0.8923327895595432,0.9201009251471826,10,1.407723493874073,0.155425563454628
02022,ship,dense_1024,377,88,199,11,576,476,0.6545138888888888,0.810752688172043,0.7243035542747358,24,3.052711298689246,0.10541762784123421
02022,ship,dense_both,548,129,28,36,576,713,0.9513888888888888,0.8094534711964549,0.8747007182761373,115,14.720148613676429,0.1960296556353569
02022,small-vehicle,prompt,139,34,438,5,577,178,0.24090121317157712,0.8034682080924855,0.37066666666666664,10,1.1041651349514723,0.032365815714001656
02022,small-vehicle,full,80,18,497,1,577,99,0.1386481802426343,0.8163265306122449,0.23703703703703705,10,1.2080803774297237,0.020076850429177284
02022,small-vehicle,scale_prior,43,25,534,3,577,71,0.07452339688041594,0.6323529411764706,0.13333333333333333,10,1.1153323911130428,0.011280544102191925
02022,small-vehicle,matched,69,25,508,3,577,97,0.1195840554592721,0.7340425531914894,0.20566318926974664,10,1.1117181424051523,0.015081102028489113
02022,small-vehicle,dense_1024,11,18,566,3,577,32,0.019064124783362217,0.3793103448275862,0.036303630363036306,24,3.052711298689246,0.006568465381860733
02022,small-vehicle,dense_both,464,171,113,48,577,683,0.804159445407279,0.7307086614173228,0.7656765676567657,115,14.720148613676429,0.14116876386106014
02024,large-vehicle,prompt,2,28,1,0,3,30,0.6666666666666666,0.06666666666666667,0.12121212121212122,10,1.2309554647654295,0.003672635182738304
02024,large-vehicle,full,2,81,1,0,3,83,0.6666666666666666,0.024096385542168676,0.046511627906976744,10,1.2462312523275614,0.011030158028006554
02024,large-vehicle,scale_prior,2,81,1,0,3,83,0.6666666666666666,0.024096385542168676,0.046511627906976744,10,1.2467921413481236,0.010735727846622467
02024,large-vehicle,matched,2,83,1,0,3,85,0.6666666666666666,0.023529411764705882,0.045454545454545456,10,1.2484548781067133,0.011180227622389793
02024,large-vehicle,dense_1024,3,128,0,0,3,131,1.0,0.022900763358778626,0.04477611940298507,18,2.3776238076388836,0.017569908872246742
02024,large-vehicle,dense_both,3,168,0,0,3,171,1.0,0.017543859649122806,0.034482758620689655,90,11.513898231089115,0.027628924697637558
02024,small-vehicle,prompt,432,81,859,0,1291,513,0.33462432223082883,0.8421052631578947,0.4789356984478936,10,1.3301041200757027,0.09345775283873081
02024,small-vehicle,full,792,153,499,0,1291,945,0.6134779240898528,0.8380952380952381,0.7084078711985689,10,1.2462312523275614,0.18221095204353333
02024,small-vehicle,scale_prior,792,153,499,0,1291,945,0.6134779240898528,0.8380952380952381,0.7084078711985689,10,1.2462312523275614,0.1821738313883543
02024,small-vehicle,matched,792,153,499,0,1291,945,0.6134779240898528,0.8380952380952381,0.7084078711985689,10,1.2462312523275614,0.18237167224287987
02024,small-vehicle,dense_1024,1090,240,201,0,1291,1330,0.8443067389620449,0.8195488721804511,0.8317436093094239,18,2.3776238076388836,0.2693183645606041
02024,small-vehicle,dense_both,1259,451,32,0,1291,1710,0.9752130131680867,0.7362573099415205,0.8390536487837388,90,11.513898231089115,0.4534470234066248
02024,swimming-pool,prompt,7,4,3,0,10,11,0.7,0.6363636363636364,0.6666666666666666,10,1.1260309517383575,0.002131512388586998
02024,swimming-pool,full,8,7,2,1,10,16,0.8,0.5333333333333333,0.64,10,1.3373732827603817,0.002878652885556221
02024,swimming-pool,scale_prior,8,6,2,0,10,14,0.8,0.5714285714285714,0.6666666666666666,10,1.237074263393879,0.0026489198207855225
02024,swimming-pool,matched,8,6,2,0,10,14,0.8,0.5714285714285714,0.6666666666666666,10,1.237074263393879,0.0026109479367733
02024,swimming-pool,dense_1024,10,11,0,1,10,22,1.0,0.47619047619047616,0.6451612903225806,18,2.3776238076388836,0.0036978907883167267
02024,swimming-pool,dense_both,9,17,1,1,10,27,0.9,0.34615384615384615,0.5,90,11.513898231089115,0.005743561312556267
02030,large-vehicle,prompt,0,10,3,0,3,10,0.0,0.0,0.0,10,1.4094542227685452,0.0013685263693332672
02030,large-vehicle,full,0,21,3,0,3,21,0.0,0.0,0.0,10,1.1055626757442951,0.0025742966681718826
02030,large-vehicle,scale_prior,0,17,3,0,3,17,0.0,0.0,0.0,10,1.1038406621664762,0.0021454934030771255
02030,large-vehicle,matched,0,17,3,0,3,17,0.0,0.0,0.0,10,1.1992173716425896,0.0021365992724895477
02030,large-vehicle,dense_1024,0,23,3,0,3,23,0.0,0.0,0.0,24,3.025276029482484,0.003607535734772682
02030,large-vehicle,dense_both,1,63,2,0,3,64,0.3333333333333333,0.015625,0.029850746268656716,115,14.612465217709541,0.009572068229317665
02030,small-vehicle,prompt,81,56,360,0,441,137,0.1836734693877551,0.5912408759124088,0.28027681660899656,10,1.417668553069234,0.020962102338671684
02030,small-vehicle,full,279,116,162,0,441,395,0.6326530612244898,0.7063291139240506,0.6674641148325359,10,1.107945105060935,0.0661085844039917
02030,small-vehicle,scale_prior,271,111,170,0,441,382,0.6145124716553289,0.7094240837696335,0.6585662211421628,10,1.1056077182292938,0.062238214537501335
02030,small-vehicle,matched,271,111,170,0,441,382,0.6145124716553289,0.7094240837696335,0.6585662211421628,10,1.1056077182292938,0.06243659555912018
02030,small-vehicle,dense_1024,365,174,76,0,441,539,0.8276643990929705,0.6771799628942486,0.7448979591836735,24,3.025276029482484,0.10333197936415672
02030,small-vehicle,dense_both,389,338,52,0,441,727,0.8820861678004536,0.5350756533700137,0.666095890410959,115,14.612465217709541,0.16475597955286503
02030,swimming-pool,prompt,27,6,125,6,152,39,0.17763157894736842,0.8181818181818182,0.2918918918918919,10,1.321136923506856,0.007344145327806473
02030,swimming-pool,full,88,23,64,12,152,123,0.5789473684210527,0.7927927927927928,0.6692015209125475,10,1.1074121296405792,0.020284496247768402
02030,swimming-pool,scale_prior,60,22,92,16,152,98,0.39473684210526316,0.7317073170731707,0.5128205128205128,10,1.3110333811491728,0.016570771113038063
02030,swimming-pool,matched,77,25,75,16,152,118,0.506578947368421,0.7549019607843137,0.6062992125984252,10,1.310946561396122,0.018804635852575302
02030,swimming-pool,dense_1024,146,42,6,19,152,207,0.9605263157894737,0.776595744680851,0.8588235294117647,24,3.025276029482484,0.04063991829752922
02030,swimming-pool,dense_both,145,64,7,20,152,229,0.9539473684210527,0.69377990430622,0.8033240997229917,115,14.612465217709541,0.061506807804107666
02031,airplane,prompt,1,1,9,0,10,2,0.1,0.5,0.16666666666666666,10,1.2142006065696478,0.000682072713971138
02031,airplane,full,4,2,6,0,10,6,0.4,0.6666666666666666,0.5,10,1.2134795524179935,0.0010559801012277603
02031,airplane,scale_prior,4,2,6,0,10,6,0.4,0.6666666666666666,0.5,10,1.2134795524179935,0.0010200906544923782
02031,airplane,matched,4,2,6,0,10,6,0.4,0.6666666666666666,0.5,10,1.2134795524179935,0.0010440032929182053
02031,airplane,dense_1024,9,2,1,0,10,11,0.9,0.8181818181818182,0.8571428571428571,24,3.0382444635033607,0.0021557584404945374
02031,airplane,dense_both,9,3,1,0,10,12,0.9,0.75,0.8181818181818182,115,14.721470104530454,0.003127504140138626
02031,helicopter,prompt,0,0,5,0,5,0,0.0,0.0,0.0,10,1.2164530660957098,4.6622008085250854e-05
02031,helicopter,full,4,0,1,0,5,4,0.8,1.0,0.8888888888888888,10,1.103106016293168,0.00078544020652771
02031,helicopter,scale_prior,4,0,1,0,5,4,0.8,1.0,0.8888888888888888,10,1.1108360402286053,0.0007045399397611618
02031,helicopter,matched,4,0,1,0,5,4,0.8,1.0,0.8888888888888888,10,1.1083273515105247,0.0007085744291543961
02031,helicopter,dense_1024,4,0,1,0,5,4,0.8,1.0,0.8888888888888888,24,3.0382444635033607,0.0011002831161022186
02031,helicopter,dense_both,5,1,0,0,5,6,1.0,0.8333333333333334,0.9090909090909091,115,14.721470104530454,0.0018441081047058105
02031,large-vehicle,prompt,0,3,2,0,2,3,0.0,0.0,0.0,10,1.223520901054144,0.00034680403769016266
02031,large-vehicle,full,0,17,2,0,2,17,0.0,0.0,0.0,10,1.3165955562144518,0.0022110212594270706
02031,large-vehicle,scale_prior,1,21,1,0,2,22,0.5,0.045454545454545456,0.08333333333333333,10,1.431385450065136,0.0030794795602560043
02031,large-vehicle,matched,1,25,1,0,2,26,0.5,0.038461538461538464,0.07142857142857142,10,1.3198863994330168,0.003726676106452942
02031,large-vehicle,dense_1024,1,54,1,0,2,55,0.5,0.01818181818181818,0.03508771929824561,24,3.0382444635033607,0.008257362991571426
02031,large-vehicle,dense_both,1,66,1,0,2,67,0.5,0.014925373134328358,0.028985507246376812,115,14.721470104530454,0.010684361681342125
02031,small-vehicle,prompt,36,107,163,0,199,143,0.18090452261306533,0.2517482517482518,0.21052631578947367,10,1.131477378308773,0.022107820957899094
02031,small-vehicle,full,27,114,172,0,199,141,0.135678391959799,0.19148936170212766,0.1588235294117647,10,1.4191823862493038,0.028151968494057655
02031,small-vehicle,scale_prior,12,63,187,0,199,75,0.06030150753768844,0.16,0.08759124087591241,10,1.3254845142364502,0.01514306478202343
02031,small-vehicle,matched,17,81,182,0,199,98,0.08542713567839195,0.17346938775510204,0.11447811447811448,10,1.3236000463366508,0.022052424028515816
02031,small-vehicle,dense_1024,56,200,143,0,199,256,0.2814070351758794,0.21875,0.24615384615384617,24,3.0382444635033607,0.06028532609343529
02031,small-vehicle,dense_both,148,477,51,0,199,625,0.7437185929648241,0.2368,0.3592233009708738,115,14.721470104530454,0.14790763333439827
02039,ship,prompt,46,85,383,2,429,133,0.10722610722610723,0.3511450381679389,0.16428571428571428,10,1.445370938628912,0.027311913669109344
02039,ship,full,47,80,382,2,429,129,0.10955710955710955,0.3700787401574803,0.16906474820143885,10,1.249708104878664,0.03096524067223072
02039,ship,scale_prior,27,62,402,2,429,91,0.06293706293706294,0.30337078651685395,0.10424710424710425,10,1.151478672400117,0.022981876507401466
02039,ship,matched,39,76,390,2,429,117,0.09090909090909091,0.3391304347826087,0.14338235294117646,10,1.249151036143303,0.02574223093688488
02039,ship,dense_1024,44,79,385,2,429,125,0.10256410256410256,0.35772357723577236,0.15942028985507245,24,3.239698424935341,0.03366437740623951
02039,ship,dense_both,206,282,223,2,429,490,0.4801864801864802,0.42213114754098363,0.44929116684841874,115,15.26964102871716,0.11769465915858746
02039,storage-tank,prompt,121,20,32,2,153,143,0.7908496732026143,0.8581560283687943,0.8231292517006803,10,1.1139833070337772,0.034354474395513535
02039,storage-tank,full,147,25,6,2,153,174,0.9607843137254902,0.8546511627906976,0.9046153846153846,10,1.14680184610188,0.036959534510970116
02039,storage-tank,scale_prior,118,14,35,2,153,134,0.7712418300653595,0.8939393939393939,0.8280701754385965,10,1.3665559496730566,0.026724746450781822
02039,storage-tank,matched,122,19,31,2,153,143,0.7973856209150327,0.8652482269503546,0.8299319727891157,10,1.2574324160814285,0.03088967502117157
02039,storage-tank,dense_1024,142,23,11,2,153,167,0.9281045751633987,0.8606060606060606,0.8930817610062893,24,3.239698424935341,0.03385264798998833
02039,storage-tank,dense_both,148,43,5,2,153,193,0.9673202614379085,0.774869109947644,0.8604651162790697,115,15.26964102871716,0.049691544845700264
02039,swimming-pool,prompt,1,17,1,0,2,18,0.5,0.05555555555555555,0.1,10,1.1270753927528858,0.0020808354020118713
02039,swimming-pool,full,1,21,1,0,2,22,0.5,0.045454545454545456,0.08333333333333333,10,1.242567615583539,0.0026909280568361282
02039,swimming-pool,scale_prior,1,15,1,0,2,16,0.5,0.0625,0.1111111111111111,10,1.138985639438033,0.0019270945340394974
02039,swimming-pool,matched,1,17,1,0,2,18,0.5,0.05555555555555555,0.1,10,1.2363372035324574,0.0020984485745429993
02039,swimming-pool,dense_1024,1,27,1,0,2,28,0.5,0.03571428571428571,0.06666666666666667,24,3.239698424935341,0.0036986079066991806
02039,swimming-pool,dense_both,1,102,1,0,2,103,0.5,0.009708737864077669,0.01904761904761905,115,15.26964102871716,0.015217578038573265
02046,small-vehicle,prompt,199,132,291,0,490,331,0.4061224489795918,0.6012084592145015,0.48477466504263095,10,1.3403515424579382,0.05832735635340214
02046,small-vehicle,full,312,166,178,0,490,478,0.636734693877551,0.6527196652719666,0.6446280991735537,10,1.343973245471716,0.07935839705169201
02046,small-vehicle,scale_prior,310,154,180,0,490,464,0.6326530612244898,0.6681034482758621,0.649895178197065,10,1.447215486317873,0.07734678313136101
02046,small-vehicle,matched,308,156,182,0,490,464,0.6285714285714286,0.6637931034482759,0.6457023060796646,10,1.3450892940163612,0.07914633676409721
02046,small-vehicle,dense_1024,455,307,35,0,490,762,0.9285714285714286,0.5971128608923885,0.7268370607028753,24,3.1050701942294836,0.1494111754000187
02046,small-vehicle,dense_both,483,599,7,0,490,1082,0.9857142857142858,0.4463955637707948,0.6145038167938931,115,14.867735855281353,0.2582402154803276
02046,swimming-pool,prompt,19,7,26,0,45,26,0.4222222222222222,0.7307692307692307,0.5352112676056338,10,1.4458410628139973,0.003910543397068977
02046,swimming-pool,full,28,14,17,0,45,42,0.6222222222222222,0.6666666666666666,0.6436781609195402,10,1.4466215912252665,0.006597580388188362
02046,swimming-pool,scale_prior,17,14,28,0,45,31,0.37777777777777777,0.5483870967741935,0.4473684210526316,10,1.4485665783286095,0.004782702773809433
02046,swimming-pool,matched,17,15,28,0,45,32,0.37777777777777777,0.53125,0.44155844155844154,10,1.345136683434248,0.004987826570868492
02046,swimming-pool,dense_1024,40,30,5,0,45,70,0.8888888888888888,0.5714285714285714,0.6956521739130435,24,3.1050701942294836,0.012304143980145454
02046,swimming-pool,dense_both,41,46,4,0,45,87,0.9111111111111111,0.47126436781609193,0.6212121212121212,115,14.867735855281353,0.01938364841043949
02054,airplane,prompt,30,4,60,0,90,34,0.3333333333333333,0.8823529411764706,0.4838709677419355,10,1.222732177004218,0.006112800911068916
02054,airplane,full,80,9,10,0,90,89,0.8888888888888888,0.898876404494382,0.8938547486033519,10,1.303397448733449,0.015932565554976463
02054,airplane,scale_prior,80,9,10,0,90,89,0.8888888888888888,0.898876404494382,0.8938547486033519,10,1.1986223626881838,0.015966791659593582
02054,airplane,matched,80,9,10,0,90,89,0.8888888888888888,0.898876404494382,0.8938547486033519,10,1.2041065003722906,0.015961578115820885
02054,airplane,dense_1024,81,11,9,0,90,92,0.9,0.8804347826086957,0.8901098901098901,24,3.0123393312096596,0.018489310517907143
02054,airplane,dense_both,87,15,3,0,90,102,0.9666666666666667,0.8529411764705882,0.90625,115,14.37342051230371,0.02647174894809723
02054,storage-tank,prompt,0,1,8,0,8,1,0.0,0.0,0.0,10,1.4517431110143661,0.0001986287534236908
02054,storage-tank,full,8,4,0,0,8,12,1.0,0.6666666666666666,0.8,10,1.314336085692048,0.001735195517539978
02054,storage-tank,scale_prior,8,4,0,0,8,12,1.0,0.6666666666666666,0.8,10,1.5086980555206537,0.0015543624758720398
02054,storage-tank,matched,8,3,0,0,8,11,1.0,0.7272727272727273,0.8421052631578947,10,1.5098688155412674,0.0015110932290554047
02054,storage-tank,dense_1024,8,5,0,0,8,13,1.0,0.6153846153846154,0.7619047619047619,24,3.0123393312096596,0.0026882626116275787
02054,storage-tank,dense_both,7,19,1,0,8,26,0.875,0.2692307692307692,0.4117647058823529,115,14.37342051230371,0.0047615766525268555
02056,small-vehicle,prompt,74,88,198,0,272,162,0.27205882352941174,0.4567901234567901,0.34101382488479265,10,1.539545627310872,0.02517586015164852
02056,small-vehicle,full,155,160,117,0,272,315,0.5698529411764706,0.49206349206349204,0.5281090289608177,10,1.373064037412405,0.04736277274787426
02056,small-vehicle,scale_prior,162,169,110,0,272,331,0.5955882352941176,0.48942598187311176,0.5373134328358209,10,1.375542800873518,0.05131826363503933
02056,small-vehicle,matched,148,158,124,0,272,306,0.5441176470588235,0.48366013071895425,0.5121107266435986,10,1.4973055068403482,0.04765532352030277
02056,small-vehicle,dense_1024,257,296,15,1,272,554,0.9448529411764706,0.46473779385171793,0.623030303030303,24,3.53834524191916,0.09889015182852745
02056,small-vehicle,dense_both,270,546,2,1,272,817,0.9926470588235294,0.33088235294117646,0.4963235294117647,115,17.138600036501884,0.1733100228011608
02056,swimming-pool,prompt,18,15,42,4,60,37,0.3,0.5454545454545454,0.3870967741935484,10,1.3141802474856377,0.006179984658956528
02056,swimming-pool,full,33,9,27,4,60,46,0.55,0.7857142857142857,0.6470588235294118,10,1.3906400352716446,0.008937576785683632
02056,swimming-pool,scale_prior,32,13,28,4,60,49,0.5333333333333333,0.7111111111111111,0.6095238095238096,10,1.6022760961204767,0.007680216804146767
02056,swimming-pool,matched,41,14,19,4,60,59,0.6833333333333333,0.7454545454545455,0.7130434782608696,10,1.6063235104084015,0.00906297005712986
02056,swimming-pool,dense_1024,56,30,4,10,60,96,0.9333333333333333,0.6511627906976745,0.7671232876712328,24,3.53834524191916,0.019953621551394463
02056,swimming-pool,dense_both,56,58,4,10,60,124,0.9333333333333333,0.49122807017543857,0.6436781609195402,115,17.138600036501884,0.03156363032758236
02060,storage-tank,prompt,0,0,5,0,5,0,0.0,0.0,0.0,10,1.142103424295783,5.1409006118774414e-05
02060,storage-tank,full,0,0,5,0,5,0,0.0,0.0,0.0,10,1.2365638073533773,3.343075513839722e-05
02060,storage-tank,scale_prior,0,0,5,0,5,0,0.0,0.0,0.0,10,1.1317713540047407,3.0221417546272278e-05
02060,storage-tank,matched,0,0,5,0,5,0,0.0,0.0,0.0,10,1.1317713540047407,2.897903323173523e-05
02060,storage-tank,dense_1024,0,1,5,0,5,1,0.0,0.0,0.0,24,3.061780044808984,0.0002041887491941452
02060,storage-tank,dense_both,0,1,5,0,5,1,0.0,0.0,0.0,115,15.05017032660544,0.00017324648797512054
02061,airplane,prompt,13,3,16,0,29,16,0.4482758620689655,0.8125,0.5777777777777777,10,1.5129911564290524,0.0032067950814962387
02061,airplane,full,21,2,8,1,29,24,0.7241379310344828,0.9130434782608695,0.8076923076923077,10,1.3975390959531069,0.006246540695428848
02061,airplane,scale_prior,21,2,8,1,29,24,0.7241379310344828,0.9130434782608695,0.8076923076923077,10,1.3998542577028275,0.006158411502838135
02061,airplane,matched,21,2,8,1,29,24,0.7241379310344828,0.9130434782608695,0.8076923076923077,10,1.3998542577028275,0.006160000339150429
02061,airplane,dense_1024,22,2,7,1,29,25,0.7586206896551724,0.9166666666666666,0.8301886792452831,24,3.5356180388480425,0.006133683025836945
02061,airplane,dense_both,22,8,7,1,29,31,0.7586206896551724,0.7333333333333333,0.7457627118644068,115,17.167081793770194,0.008809769526124
02061,large-vehicle,prompt,4,5,8,0,12,9,0.3333333333333333,0.4444444444444444,0.38095238095238093,10,1.655776757746935,0.001359201967716217
02061,large-vehicle,full,7,25,5,0,12,32,0.5833333333333334,0.21875,0.3181818181818182,10,1.3363619297742844,0.004356168210506439
02061,large-vehicle,scale_prior,7,17,5,0,12,24,0.5833333333333334,0.2916666666666667,0.3888888888888889,10,1.2287854850292206,0.003683796152472496
02061,large-vehicle,matched,7,20,5,0,12,27,0.5833333333333334,0.25925925925925924,0.358974358974359,10,1.32816999591887,0.0036918167024850845
02061,large-vehicle,dense_1024,10,53,2,0,12,63,0.8333333333333334,0.15873015873015872,0.26666666666666666,24,3.5356180388480425,0.009960876777768135
02061,large-vehicle,dense_both,10,73,2,0,12,83,0.8333333333333334,0.12048192771084337,0.21052631578947367,115,17.167081793770194,0.015461234375834465
02061,small-vehicle,prompt,470,343,1452,106,1922,919,0.2445369406867846,0.5781057810578106,0.3436928702010969,10,1.4444582294672728,0.20733322203159332
02061,small-vehicle,full,154,192,1768,67,1922,413,0.08012486992715921,0.44508670520231214,0.13580246913580246,10,1.3349079210311174,0.12226409651339054
02061,small-vehicle,scale_prior,343,252,1579,107,1922,702,0.17845993756503642,0.5764705882352941,0.2725466825586015,10,1.333020057529211,0.1668543964624405
02061,small-vehicle,matched,151,175,1771,67,1922,393,0.0785639958376691,0.46319018404907975,0.13434163701067617,10,1.2269192170351744,0.11696318350732327
02061,small-vehicle,dense_1024,19,228,1903,26,1922,273,0.009885535900104058,0.07692307692307693,0.01751959428307976,24,3.5356180388480425,0.09017516858875751
02061,small-vehicle,dense_both,1068,1004,854,500,1922,2572,0.5556711758584808,0.5154440154440154,0.5348022033049574,115,17.167081793770194,0.6993955001235008
02061,swimming-pool,prompt,0,2,2,0,2,2,0.0,0.0,0.0,10,1.5283606573939323,0.0006244592368602753
02061,swimming-pool,full,2,5,0,0,2,7,1.0,0.2857142857142857,0.4444444444444444,10,1.4199899230152369,0.0009994450956583023
02061,swimming-pool,scale_prior,2,5,0,0,2,7,1.0,0.2857142857142857,0.4444444444444444,10,1.3209375534206629,0.0009386185556650162
02061,swimming-pool,matched,2,5,0,0,2,7,1.0,0.2857142857142857,0.4444444444444444,10,1.3214242327958345,0.0009336546063423157
02061,swimming-pool,dense_1024,2,7,0,0,2,9,1.0,0.2222222222222222,0.36363636363636365,24,3.5356180388480425,0.0017677564173936844
02061,swimming-pool,dense_both,2,14,0,0,2,16,1.0,0.125,0.2222222222222222,115,17.167081793770194,0.0032020118087530136
02062,airplane,prompt,10,0,13,0,23,10,0.43478260869565216,1.0,0.6060606060606061,10,1.1996986251324415,0.0026964303106069565
02062,airplane,full,13,0,10,1,23,14,0.5652173913043478,1.0,0.7222222222222222,10,1.0971175730228424,0.0031616389751434326
02062,airplane,scale_prior,9,0,14,0,23,9,0.391304347826087,1.0,0.5625,10,1.1992776673287153,0.00243578664958477
02062,airplane,matched,9,0,14,0,23,9,0.391304347826087,1.0,0.5625,10,1.1992776673287153,0.002405056729912758
02062,airplane,dense_1024,19,2,4,1,23,22,0.8260869565217391,0.9047619047619048,0.8636363636363636,24,2.8065402787178755,0.005618421360850334
02062,airplane,dense_both,21,13,2,1,23,35,0.9130434782608695,0.6176470588235294,0.7368421052631579,115,14.120074044913054,0.008470900356769562
02062,large-vehicle,prompt,0,1,1,0,1,1,0.0,0.0,0.0,10,1.1996706072241068,0.00017371028661727905
02062,large-vehicle,full,0,15,1,0,1,15,0.0,0.0,0.0,10,1.1892403978854418,0.0017985086888074875
02062,large-vehicle,scale_prior,0,18,1,0,1,18,0.0,0.0,0.0,10,1.1913166549056768,0.0020807143300771713
02062,large-vehicle,matched,0,18,1,0,1,18,0.0,0.0,0.0,10,1.1913166549056768,0.0020756255835294724
02062,large-vehicle,dense_1024,0,20,1,0,1,20,0.0,0.0,0.0,24,2.8065402787178755,0.0033722762018442154
02062,large-vehicle,dense_both,0,28,1,0,1,28,0.0,0.0,0.0,115,14.120074044913054,0.004844579845666885
02062,small-vehicle,prompt,0,13,223,0,223,13,0.0,0.0,0.0,10,1.2097035963088274,0.0019627586007118225
02062,small-vehicle,full,0,11,223,0,223,11,0.0,0.0,0.0,10,1.400681633502245,0.001572268083691597
02062,small-vehicle,scale_prior,0,10,223,0,223,10,0.0,0.0,0.0,10,1.303136669099331,0.0015027914196252823
02062,small-vehicle,matched,0,10,223,0,223,10,0.0,0.0,0.0,10,1.3033450655639172,0.0014736931771039963
02062,small-vehicle,dense_1024,22,86,201,0,223,108,0.09865470852017937,0.2037037037037037,0.13293051359516617,24,2.8065402787178755,0.023219751194119453
02062,small-vehicle,dense_both,123,218,100,0,223,341,0.5515695067264574,0.36070381231671556,0.43617021276595747,115,14.120074044913054,0.07727543823421001
02071,small-vehicle,prompt,131,74,330,0,461,205,0.2841648590021692,0.6390243902439025,0.3933933933933934,10,1.5606404412537813,0.033119216561317444
02071,small-vehicle,full,77,89,384,0,461,166,0.16702819956616052,0.463855421686747,0.24561403508771928,10,1.5656262543052435,0.028848828747868538
02071,small-vehicle,scale_prior,193,202,268,0,461,395,0.41865509761388287,0.48860759493670886,0.45093457943925236,10,1.3887609988451004,0.06662293523550034
02071,small-vehicle,matched,119,94,342,0,461,213,0.25813449023861174,0.5586854460093896,0.35311572700296734,10,1.5730216465890408,0.03421427495777607
02071,small-vehicle,dense_1024,445,380,16,0,461,825,0.96529284164859,0.5393939393939394,0.6920684292379471,24,3.3714278638362885,0.16350978054106236
02071,small-vehicle,dense_both,457,559,4,0,461,1016,0.9913232104121475,0.4498031496062992,0.6188219363574814,115,15.994193034246564,0.2496433388441801
02071,swimming-pool,prompt,25,13,22,1,47,39,0.5319148936170213,0.6578947368421053,0.5882352941176471,10,1.3455375600606203,0.005825776606798172
02071,swimming-pool,full,38,25,9,1,47,64,0.8085106382978723,0.6031746031746031,0.6909090909090909,10,1.2808014322072268,0.0116315558552742
02071,swimming-pool,scale_prior,34,26,13,1,47,61,0.723404255319149,0.5666666666666667,0.6355140186915887,10,1.3944413010030985,0.00995403341948986
02071,swimming-pool,matched,34,26,13,1,47,61,0.723404255319149,0.5666666666666667,0.6355140186915887,10,1.3944413010030985,0.009876051917672157
02071,swimming-pool,dense_1024,44,30,3,1,47,75,0.9361702127659575,0.5945945945945946,0.7272727272727273,24,3.3714278638362885,0.013530442491173744
02071,swimming-pool,dense_both,42,41,5,1,47,84,0.8936170212765957,0.5060240963855421,0.6461538461538462,115,15.994193034246564,0.020968584343791008
02077,airplane,prompt,7,4,5,0,12,11,0.5833333333333334,0.6363636363636364,0.6086956521739131,10,1.4215666204690933,0.0023840274661779404
02077,airplane,full,12,4,0,0,12,16,1.0,0.75,0.8571428571428571,10,1.2191396318376064,0.0032609831541776657
02077,airplane,scale_prior,12,4,0,0,12,16,1.0,0.75,0.8571428571428571,10,1.2221756242215633,0.002675779163837433
02077,airplane,matched,12,4,0,0,12,16,1.0,0.75,0.8571428571428571,10,1.2172993123531342,0.0031322799623012543
02077,airplane,dense_1024,12,4,0,0,12,16,1.0,0.75,0.8571428571428571,24,3.060174783691764,0.0028693601489067078
02077,airplane,dense_both,12,8,0,0,12,20,1.0,0.6,0.75,128,16.561154671013355,0.004796097055077553
02077,large-vehicle,prompt,3,4,5,0,8,7,0.375,0.42857142857142855,0.4,10,1.5218176990747452,0.0009252242743968964
02077,large-vehicle,full,3,9,5,0,8,12,0.375,0.25,0.3,10,1.219236858189106,0.0020227544009685516
02077,large-vehicle,scale_prior,5,11,3,0,8,16,0.625,0.3125,0.4166666666666667,10,1.1234223917126656,0.0025432221591472626
02077,large-vehicle,matched,5,11,3,0,8,16,0.625,0.3125,0.4166666666666667,10,1.2190920151770115,0.0024787355214357376
02077,large-vehicle,dense_1024,5,21,3,0,8,26,0.625,0.19230769230769232,0.29411764705882354,24,3.060174783691764,0.004611073061823845
02077,large-vehicle,dense_both,6,28,2,0,8,34,0.75,0.17647058823529413,0.2857142857142857,128,16.561154671013355,0.006350776180624962
02077,small-vehicle,prompt,16,53,349,29,365,98,0.043835616438356165,0.2318840579710145,0.07373271889400922,10,1.219972824677825,0.015892235562205315
02077,small-vehicle,full,1,25,364,19,365,45,0.0027397260273972603,0.038461538461538464,0.005115089514066497,10,1.2169434148818254,0.007812386378645897
02077,small-vehicle,scale_prior,1,26,364,19,365,46,0.0027397260273972603,0.037037037037037035,0.00510204081632653,10,1.3191353138536215,0.007808128371834755
02077,small-vehicle,matched,1,29,364,31,365,61,0.0027397260273972603,0.03333333333333333,0.005063291139240506,10,1.217580234631896,0.01028270460665226
02077,small-vehicle,dense_1024,2,26,363,5,365,33,0.005479452054794521,0.07142857142857142,0.010178117048346057,24,3.060174783691764,0.007013848051428795
02077,small-vehicle,dense_both,240,339,125,59,365,638,0.6575342465753424,0.41450777202072536,0.5084745762711864,128,16.561154671013355,0.15386313013732433
02077,swimming-pool,prompt,6,5,40,0,46,11,0.13043478260869565,0.5454545454545454,0.21052631578947367,10,1.1394221913069487,0.002095373347401619
02077,swimming-pool,full,10,3,36,0,46,13,0.21739130434782608,0.7692307692307693,0.3389830508474576,10,1.3284595422446728,0.0026731975376605988
02077,swimming-pool,scale_prior,10,3,36,0,46,13,0.21739130434782608,0.7692307692307693,0.3389830508474576,10,1.2255168035626411,0.0026576239615678787
02077,swimming-pool,matched,10,3,36,0,46,13,0.21739130434782608,0.7692307692307693,0.3389830508474576,10,1.2255168035626411,0.0026564300060272217
02077,swimming-pool,dense_1024,12,2,34,0,46,14,0.2608695652173913,0.8571428571428571,0.4,24,3.060174783691764,0.003529384732246399
02077,swimming-pool,dense_both,15,11,31,0,46,26,0.32608695652173914,0.5769230769230769,0.4166666666666667,128,16.561154671013355,0.006555294618010521
02082,airplane,prompt,4,6,32,1,36,11,0.1111111111111111,0.4,0.17391304347826086,10,1.4429199993610382,0.0023032817989587784
02082,airplane,full,1,7,35,0,36,8,0.027777777777777776,0.125,0.045454545454545456,10,1.4352606981992722,0.0013076234608888626
02082,airplane,scale_prior,1,7,35,0,36,8,0.027777777777777776,0.125,0.045454545454545456,10,1.4360179770737886,0.0013001449406147003
02082,airplane,matched,1,7,35,0,36,8,0.027777777777777776,0.125,0.045454545454545456,10,1.439679829403758,0.0013314038515090942
02082,airplane,dense_1024,16,16,20,1,36,33,0.4444444444444444,0.5,0.47058823529411764,24,3.5538049433380365,0.007947377860546112
02082,airplane,dense_both,24,16,12,1,36,41,0.6666666666666666,0.6,0.631578947368421,108,16.1731532253325,0.012363389134407043
02082,large-vehicle,prompt,0,6,19,0,19,6,0.0,0.0,0.0,10,1.5385515484958887,0.0008678026497364044
02082,large-vehicle,full,9,24,10,1,19,34,0.47368421052631576,0.2727272727272727,0.34615384615384615,10,1.42941090837121,0.004904860630631447
02082,large-vehicle,scale_prior,9,25,10,1,19,35,0.47368421052631576,0.2647058823529412,0.33962264150943394,10,1.4360845554620028,0.005043720826506615
02082,large-vehicle,matched,9,23,10,1,19,33,0.47368421052631576,0.28125,0.35294117647058826,10,1.4362559579312801,0.004742348566651344
02082,large-vehicle,dense_1024,9,34,10,1,19,44,0.47368421052631576,0.20930232558139536,0.2903225806451613,24,3.5538049433380365,0.0065231844782829285
02082,large-vehicle,dense_both,15,84,4,1,19,100,0.7894736842105263,0.15151515151515152,0.2542372881355932,108,16.1731532253325,0.015636887401342392
02082,small-vehicle,prompt,26,29,604,0,630,55,0.04126984126984127,0.4727272727272727,0.07591240875912408,10,1.3395543489605188,0.010858092457056046
02082,small-vehicle,full,0,17,630,0,630,17,0.0,0.0,0.0,10,1.3173268977552652,0.004684383049607277
02082,small-vehicle,scale_prior,0,26,630,0,630,26,0.0,0.0,0.0,10,1.4313196558505297,0.006345463916659355
02082,small-vehicle,matched,0,26,630,0,630,26,0.0,0.0,0.0,10,1.4295659884810448,0.0062891654670238495
02082,small-vehicle,dense_1024,0,61,630,1,630,62,0.0,0.0,0.0,24,3.5538049433380365,0.01247328333556652
02082,small-vehicle,dense_both,355,373,275,68,630,796,0.5634920634920635,0.4876373626373626,0.5228276877761414,108,16.1731532253325,0.15305474400520325
02082,storage-tank,prompt,1,0,0,0,1,1,1.0,1.0,1.0,10,1.5228181313723326,0.0002514086663722992
02082,storage-tank,full,1,0,0,0,1,1,1.0,1.0,1.0,10,1.3197418116033077,0.0002758130431175232
02082,storage-tank,scale_prior,0,0,1,0,1,0,0.0,0.0,0.0,10,1.3217016626149416,5.6488439440727234e-05
02082,storage-tank,matched,0,0,1,0,1,0,0.0,0.0,0.0,10,1.3217016626149416,3.4363940358161926e-05
02082,storage-tank,dense_1024,1,0,0,0,1,1,1.0,1.0,1.0,24,3.5538049433380365,0.00023759715259075165
02082,storage-tank,dense_both,1,5,0,0,1,6,1.0,0.16666666666666666,0.2857142857142857,108,16.1731532253325,0.0008160173892974854
02083,large-vehicle,prompt,0,18,1,0,1,18,0.0,0.0,0.0,10,1.4097978733479977,0.001977963373064995
02083,large-vehicle,full,0,24,1,0,1,24,0.0,0.0,0.0,10,1.4033518694341183,0.002519182860851288
02083,large-vehicle,scale_prior,0,18,1,0,1,18,0.0,0.0,0.0,10,1.4030428491532803,0.001867830753326416
02083,large-vehicle,matched,0,18,1,0,1,18,0.0,0.0,0.0,10,1.303217327222228,0.002099422737956047
02083,large-vehicle,dense_1024,0,35,1,0,1,35,0.0,0.0,0.0,24,2.9978102538734674,0.004483642056584358
02083,large-vehicle,dense_both,0,98,1,0,1,98,0.0,0.0,0.0,115,14.517184127122164,0.01460316777229309
02083,small-vehicle,prompt,72,34,240,0,312,106,0.23076923076923078,0.6792452830188679,0.3444976076555024,10,1.408968273550272,0.017321623861789703
02083,small-vehicle,full,152,114,160,0,312,266,0.48717948717948717,0.5714285714285714,0.5259515570934256,10,1.3958745133131742,0.04161819443106651
02083,small-vehicle,scale_prior,162,101,150,0,312,263,0.5192307692307693,0.6159695817490495,0.5634782608695652,10,1.400576515123248,0.04166010208427906
02083,small-vehicle,matched,162,101,150,0,312,263,0.5192307692307693,0.6159695817490495,0.5634782608695652,10,1.400576515123248,0.04196619614958763
02083,small-vehicle,dense_1024,281,216,31,0,312,497,0.9006410256410257,0.5653923541247485,0.6946847960444994,24,2.9978102538734674,0.09027689136564732
02083,small-vehicle,dense_both,304,421,8,0,312,725,0.9743589743589743,0.4193103448275862,0.5863066538090647,115,14.517184127122164,0.15097049996256828
02083,storage-tank,prompt,0,0,2,0,2,0,0.0,0.0,0.0,10,1.4243945125490427,5.372241139411926e-05
02083,storage-tank,full,0,0,2,0,2,0,0.0,0.0,0.0,10,1.3081764578819275,3.4535303711891174e-05
02083,storage-tank,scale_prior,0,0,2,0,2,0,0.0,0.0,0.0,10,1.4062443375587463,3.229081630706787e-05
02083,storage-tank,matched,0,0,2,0,2,0,0.0,0.0,0.0,10,1.4062443375587463,3.147497773170471e-05
02083,storage-tank,dense_1024,0,2,2,0,2,2,0.0,0.0,0.0,24,2.9978102538734674,0.0002696868032217026
02083,storage-tank,dense_both,1,4,1,0,2,5,0.5,0.2,0.2857142857142857,115,14.517184127122164,0.0005846656858921051
02083,swimming-pool,prompt,55,20,207,1,262,76,0.2099236641221374,0.7333333333333333,0.3264094955489614,10,1.3074505738914013,0.01150212436914444
02083,swimming-pool,full,121,43,141,2,262,166,0.4618320610687023,0.7378048780487805,0.568075117370892,10,1.097887571901083,0.025305969640612602
02083,swimming-pool,scale_prior,81,34,181,1,262,116,0.30916030534351147,0.7043478260869566,0.4297082228116711,10,1.0977661050856113,0.018202712759375572
02083,swimming-pool,matched,123,48,139,1,262,172,0.46946564885496184,0.7192982456140351,0.5681293302540416,10,1.097767861559987,0.026476915925741196
02083,swimming-pool,dense_1024,229,106,33,6,262,341,0.8740458015267175,0.6835820895522388,0.7671691792294807,24,2.9978102538734674,0.0659905206412077
02083,swimming-pool,dense_both,238,138,24,6,262,382,0.9083969465648855,0.6329787234042553,0.7460815047021944,115,14.517184127122164,0.1035944651812315
02088,airplane,prompt,51,21,81,8,132,80,0.38636363636363635,0.7083333333333334,0.5,10,1.5695352386683226,0.015009688213467598
02088,airplane,full,76,19,56,13,132,108,0.5757575757575758,0.8,0.6696035242290749,10,1.565605815500021,0.022393381223082542
02088,airplane,scale_prior,60,15,72,12,132,87,0.45454545454545453,0.8,0.5797101449275363,10,1.4712682738900185,0.01756611280143261
02088,airplane,matched,67,18,65,12,132,97,0.5075757575757576,0.788235294117647,0.6175115207373272,10,1.5677780210971832,0.019568003714084625
02088,airplane,dense_1024,128,38,4,13,132,179,0.9696969696969697,0.7710843373493976,0.8590604026845637,24,3.428664466366172,0.041817016899585724
02088,airplane,dense_both,122,73,10,13,132,208,0.9242424242424242,0.6256410256410256,0.746177370030581,115,16.556620992720127,0.06101614609360695
02088,large-vehicle,prompt,0,4,6,2,6,6,0.0,0.0,0.0,10,1.6169301811605692,0.0009758379310369492
02088,large-vehicle,full,0,12,6,0,6,12,0.0,0.0,0.0,10,1.50878338329494,0.0018990766257047653
02088,large-vehicle,scale_prior,0,14,6,0,6,14,0.0,0.0,0.0,10,1.3869647029787302,0.0020749568939208984
02088,large-vehicle,matched,0,13,6,0,6,13,0.0,0.0,0.0,10,1.4018192924559116,0.0019739214330911636
02088,large-vehicle,dense_1024,2,48,4,14,6,64,0.3333333333333333,0.04,0.07142857142857142,24,3.428664466366172,0.010015204548835754
02088,large-vehicle,dense_both,2,84,4,38,6,124,0.3333333333333333,0.023255813953488372,0.043478260869565216,115,16.556620992720127,0.021288076415657997
02088,small-vehicle,prompt,0,52,17,25,17,77,0.0,0.0,0.0,10,1.4245429318398237,0.010570315644145012
02088,small-vehicle,full,0,48,17,0,17,48,0.0,0.0,0.0,10,1.41246397793293,0.006543217226862907
02088,small-vehicle,scale_prior,0,50,17,3,17,53,0.0,0.0,0.0,10,1.3869647029787302,0.007219405844807625
02088,small-vehicle,matched,0,50,17,3,17,53,0.0,0.0,0.0,10,1.405708208680153,0.0073254890739917755
02088,small-vehicle,dense_1024,0,72,17,38,17,110,0.0,0.0,0.0,24,3.428664466366172,0.01781381294131279
02088,small-vehicle,dense_both,8,452,9,245,17,705,0.47058823529411764,0.017391304347826087,0.033542976939203356,115,16.556620992720127,0.12388420850038528
02088,storage-tank,prompt,0,0,10,0,10,0,0.0,0.0,0.0,10,1.530959727242589,9.609386324882507e-05
02088,storage-tank,full,4,8,6,0,10,12,0.4,0.3333333333333333,0.36363636363636365,10,1.5078832879662514,0.0017754733562469482
02088,storage-tank,scale_prior,2,8,8,0,10,10,0.2,0.2,0.2,10,1.5115495100617409,0.00140438973903656
02088,storage-tank,matched,2,9,8,0,10,11,0.2,0.18181818181818182,0.19047619047619047,10,1.395798558369279,0.0016484856605529785
02088,storage-tank,dense_1024,5,20,5,0,10,25,0.5,0.2,0.2857142857142857,24,3.428664466366172,0.00372115895152092
02088,storage-tank,dense_both,6,25,4,0,10,31,0.6,0.1935483870967742,0.2926829268292683,115,16.556620992720127,0.006245078518986702
02090,airplane,prompt,96,7,29,4,125,107,0.768,0.9320388349514563,0.8421052631578947,10,1.1690311450511217,0.023619741201400757
02090,airplane,full,109,6,16,4,125,119,0.872,0.9478260869565217,0.9083333333333333,10,1.2544918283820152,0.02816833183169365
02090,airplane,scale_prior,84,5,41,2,125,91,0.672,0.9438202247191011,0.7850467289719626,10,1.267026899382472,0.02065395377576351
02090,airplane,matched,92,6,33,2,125,100,0.736,0.9387755102040817,0.8251121076233184,10,1.2583611253648996,0.023876884952187538
02090,airplane,dense_1024,121,7,4,4,125,132,0.968,0.9453125,0.9565217391304348,24,2.8606334198266268,0.03433232754468918
02090,airplane,dense_both,124,17,1,4,125,145,0.992,0.8794326241134752,0.9323308270676691,115,14.056315701454878,0.04734746366739273
02090,large-vehicle,prompt,4,4,10,0,14,8,0.2857142857142857,0.5,0.36363636363636365,10,1.1948474999517202,0.0013746991753578186
02090,large-vehicle,full,1,2,13,0,14,3,0.07142857142857142,0.3333333333333333,0.11764705882352941,10,1.1783320140093565,0.0005118884146213531
02090,large-vehicle,scale_prior,0,11,14,0,14,11,0.0,0.0,0.0,10,1.190583385527134,0.001493215560913086
02090,large-vehicle,matched,0,11,14,0,14,11,0.0,0.0,0.0,10,1.190583385527134,0.0014948155730962753
02090,large-vehicle,dense_1024,9,26,5,0,14,35,0.6428571428571429,0.2571428571428571,0.3673469387755102,24,2.8606334198266268,0.006320299580693245
02090,large-vehicle,dense_both,9,33,5,0,14,42,0.6428571428571429,0.21428571428571427,0.32142857142857145,115,14.056315701454878,0.008871275931596756
02090,ship,prompt,0,21,2,0,2,21,0.0,0.0,0.0,10,1.2884485851973295,0.002689976245164871
02090,ship,full,0,13,2,0,2,13,0.0,0.0,0.0,10,1.1014421451836824,0.0016374420374631882
02090,ship,scale_prior,0,6,2,0,2,6,0.0,0.0,0.0,10,1.0970800314098597,0.0006050728261470795
02090,ship,matched,0,6,2,0,2,6,0.0,0.0,0.0,10,1.0970800314098597,0.0006030164659023285
02090,ship,dense_1024,0,13,2,0,2,13,0.0,0.0,0.0,24,2.8606334198266268,0.0020378567278385162
02090,ship,dense_both,1,66,1,0,2,67,0.5,0.014925373134328358,0.028985507246376812,115,14.056315701454878,0.010008275508880615
02090,small-vehicle,prompt,1,2,226,0,227,3,0.004405286343612335,0.3333333333333333,0.008695652173913044,10,1.0981304068118334,0.000881412997841835
02090,small-vehicle,full,2,12,225,0,227,14,0.00881057268722467,0.14285714285714285,0.016597510373443983,10,1.1945605296641588,0.002227790653705597
02090,small-vehicle,scale_prior,3,21,224,0,227,24,0.013215859030837005,0.125,0.02390438247011952,10,1.1890454478561878,0.003463985398411751
02090,small-vehicle,matched,2,14,225,0,227,16,0.00881057268722467,0.125,0.01646090534979424,10,1.0849858913570642,0.002532288432121277
02090,small-vehicle,dense_1024,23,135,204,0,227,158,0.1013215859030837,0.14556962025316456,0.11948051948051948,24,2.8606334198266268,0.028835255652666092
02090,small-vehicle,dense_both,185,806,42,0,227,991,0.8149779735682819,0.18668012108980828,0.30377668308702793,115,14.056315701454878,0.19191240705549717
02090,swimming-pool,prompt,2,2,0,0,2,4,1.0,0.5,0.6666666666666666,10,1.2066439744085073,0.0005657225847244263
02090,swimming-pool,full,2,3,0,0,2,5,1.0,0.4,0.5714285714285714,10,1.3081622421741486,0.0008743759244680405
02090,swimming-pool,scale_prior,1,2,1,0,2,3,0.5,0.3333333333333333,0.4,10,1.3077432736754417,0.0006386172026395798
02090,swimming-pool,matched,2,2,0,0,2,4,1.0,0.5,0.6666666666666666,10,1.3162529785186052,0.0007078200578689575
02090,swimming-pool,dense_1024,1,2,1,0,2,3,0.5,0.3333333333333333,0.4,24,2.8606334198266268,0.0006936397403478622
02090,swimming-pool,dense_both,2,5,0,0,2,7,1.0,0.2857142857142857,0.4444444444444444,115,14.056315701454878,0.001634787768125534
02106,airplane,prompt,74,12,17,1,91,87,0.8131868131868132,0.8604651162790697,0.8361581920903954,10,1.380598746240139,0.020587921142578125
02106,airplane,full,74,15,17,1,91,90,0.8131868131868132,0.8314606741573034,0.8222222222222222,10,1.4743641782552004,0.023786570876836777
02106,airplane,scale_prior,74,9,17,1,91,84,0.8131868131868132,0.891566265060241,0.8505747126436781,10,1.3887575697153807,0.019645649939775467
02106,airplane,matched,74,15,17,1,91,90,0.8131868131868132,0.8314606741573034,0.8222222222222222,10,1.2829458843916655,0.022425135597586632
02106,airplane,dense_1024,91,9,0,1,91,101,1.0,0.91,0.9528795811518325,24,3.5016066785901785,0.02356184646487236
02106,airplane,dense_both,91,26,0,1,91,118,1.0,0.7777777777777778,0.875,115,17.03079861216247,0.0405605174601078
02106,storage-tank,prompt,0,0,3,0,3,0,0.0,0.0,0.0,10,1.660190787166357,4.364922642707825e-05
02106,storage-tank,full,0,29,3,0,3,29,0.0,0.0,0.0,10,1.4302163794636726,0.004754533991217613
02106,storage-tank,scale_prior,0,21,3,0,3,21,0.0,0.0,0.0,10,1.4239433873444796,0.004315130412578583
02106,storage-tank,matched,0,21,3,0,3,21,0.0,0.0,0.0,10,1.4239433873444796,0.004311205819249153
02106,storage-tank,dense_1024,3,31,0,0,3,34,1.0,0.08823529411764706,0.16216216216216217,24,3.5016066785901785,0.006407955661416054
02106,storage-tank,dense_both,3,39,0,0,3,42,1.0,0.07142857142857142,0.13333333333333333,115,17.03079861216247,0.008613307029008865
02106,swimming-pool,prompt,0,30,9,0,9,30,0.0,0.0,0.0,10,1.4138114228844643,0.004995802417397499
02106,swimming-pool,full,1,9,8,0,9,10,0.1111111111111111,0.1,0.10526315789473684,10,1.4280679058283567,0.0016545243561267853
02106,swimming-pool,scale_prior,1,27,8,0,9,28,0.1111111111111111,0.03571428571428571,0.05405405405405406,10,1.3133263681083918,0.0048836227506399155
02106,swimming-pool,matched,1,10,8,0,9,11,0.1111111111111111,0.09090909090909091,0.1,10,1.4218731857836246,0.001745833083987236
02106,swimming-pool,dense_1024,1,12,8,0,9,13,0.1111111111111111,0.07692307692307693,0.09090909090909091,24,3.5016066785901785,0.0020436272025108337
02106,swimming-pool,dense_both,0,41,9,0,9,41,0.0,0.0,0.0,115,17.03079861216247,0.007108237594366074
02107,large-vehicle,prompt,10,58,21,0,31,68,0.3225806451612903,0.14705882352941177,0.20202020202020202,10,1.2249051090329885,0.007826467975974083
02107,large-vehicle,full,13,89,18,0,31,102,0.41935483870967744,0.12745098039215685,0.19548872180451127,10,1.3459344636648893,0.013719044625759125
02107,large-vehicle,scale_prior,8,73,23,0,31,81,0.25806451612903225,0.09876543209876543,0.14285714285714285,10,1.451790077611804,0.01118265651166439
02107,large-vehicle,matched,8,73,23,0,31,81,0.25806451612903225,0.09876543209876543,0.14285714285714285,10,1.451790077611804,0.011140160262584686
02107,large-vehicle,dense_1024,22,148,9,0,31,170,0.7096774193548387,0.12941176470588237,0.21890547263681592,24,3.1063519213348627,0.02509208209812641
02107,large-vehicle,dense_both,29,228,2,0,31,257,0.9354838709677419,0.11284046692607004,0.2013888888888889,115,14.391155935823917,0.04419900104403496
02107,small-vehicle,prompt,498,267,2158,0,2656,765,0.1875,0.6509803921568628,0.29114294066062557,10,1.3149498216807842,0.14684634655714035
02107,small-vehicle,full,984,328,1672,0,2656,1312,0.3704819277108434,0.75,0.4959677419354839,10,1.344122862443328,0.28381665237247944
02107,small-vehicle,scale_prior,988,371,1668,0,2656,1359,0.37198795180722893,0.7270051508462104,0.4921544209215442,10,1.4513134509325027,0.28856651298701763
02107,small-vehicle,matched,988,371,1668,0,2656,1359,0.37198795180722893,0.7270051508462104,0.4921544209215442,10,1.4513134509325027,0.28859924152493477
02107,small-vehicle,dense_1024,1426,574,1230,0,2656,2000,0.5368975903614458,0.713,0.6125429553264605,24,3.1063519213348627,0.4992242604494095
02107,small-vehicle,dense_both,2621,1264,35,0,2656,3885,0.9868222891566265,0.6746460746460746,0.8014065127656321,115,14.391155935823917,1.065744960680604
02114,large-vehicle,prompt,5,27,13,0,18,32,0.2777777777777778,0.15625,0.2,10,1.4847495630383492,0.004647115245461464
02114,large-vehicle,full,4,22,14,0,18,26,0.2222222222222222,0.15384615384615385,0.18181818181818182,10,1.706345247104764,0.0036701448261737823
02114,large-vehicle,scale_prior,0,17,18,0,18,17,0.0,0.0,0.0,10,1.4981509037315845,0.001986812800168991
02114,large-vehicle,matched,0,22,18,0,18,22,0.0,0.0,0.0,10,1.6013427935540676,0.002361143007874489
02114,large-vehicle,dense_1024,5,14,13,0,18,19,0.2777777777777778,0.2631578947368421,0.2702702702702703,24,3.476761143654585,0.003055877983570099
02114,large-vehicle,dense_both,10,96,8,2,18,108,0.5555555555555556,0.09433962264150944,0.16129032258064516,115,16.161372527480125,0.01720273494720459
02114,ship,prompt,1141,219,2318,0,3459,1360,0.32986412257878,0.8389705882352941,0.473542228678149,10,1.4708637986332178,0.3552546054124832
02114,ship,full,1196,240,2263,0,3459,1436,0.3457646718704828,0.8328690807799443,0.48866189989785497,10,1.3949188254773617,0.4065789319574833
02114,ship,scale_prior,1144,222,2315,0,3459,1366,0.33073142526741833,0.8374816983894583,0.4741968911917098,10,1.3944280333817005,0.389408927410841
02114,ship,matched,1144,222,2315,0,3459,1366,0.33073142526741833,0.8374816983894583,0.4741968911917098,10,1.3944280333817005,0.3891921937465668
02114,ship,dense_1024,1395,331,2064,0,3459,1726,0.4032957502168257,0.8082271147161066,0.5380906460945034,24,3.476761143654585,0.5263218712061644
02114,ship,dense_both,3002,666,457,1,3459,3669,0.8678808904307603,0.8184296619411123,0.8424301950329732,115,16.161372527480125,1.2536191530525684
02114,small-vehicle,prompt,217,241,956,0,1173,458,0.18499573742540495,0.4737991266375546,0.26609442060085836,10,1.5900774635374546,0.08372298814356327
02114,small-vehicle,full,4,16,1169,0,1173,20,0.0034100596760443308,0.2,0.006705783738474434,10,1.6085222456604242,0.005618821829557419
02114,small-vehicle,scale_prior,29,50,1144,0,1173,79,0.0247229326513214,0.3670886075949367,0.0463258785942492,10,1.3903078623116016,0.015289951115846634
02114,small-vehicle,matched,2,24,1171,0,1173,26,0.0017050298380221654,0.07692307692307693,0.003336113427856547,10,1.501554649323225,0.006181508302688599
02114,small-vehicle,dense_1024,4,41,1169,0,1173,45,0.0034100596760443308,0.08888888888888889,0.006568144499178982,24,3.476761143654585,0.009272826835513115
02114,small-vehicle,dense_both,736,1082,437,0,1173,1818,0.6274509803921569,0.40484048404840484,0.49214309595453026,115,16.161372527480125,0.3814580366015434
02114,swimming-pool,prompt,6,3,28,0,34,9,0.17647058823529413,0.6666666666666666,0.27906976744186046,10,1.5802295096218586,0.001710662618279457
02114,swimming-pool,full,7,1,27,0,34,8,0.20588235294117646,0.875,0.3333333333333333,10,1.3990363795310259,0.001529652625322342
02114,swimming-pool,scale_prior,8,5,26,0,34,13,0.23529411764705882,0.6153846153846154,0.3404255319148936,10,1.395152809098363,0.002247639000415802
02114,swimming-pool,matched,8,2,26,0,34,10,0.23529411764705882,0.8,0.36363636363636365,10,1.29170161485672,0.0016025993973016739
02114,swimming-pool,dense_1024,13,3,21,0,34,16,0.38235294117647056,0.8125,0.52,24,3.476761143654585,0.0029234513640403748
02114,swimming-pool,dense_both,25,12,9,0,34,37,0.7352941176470589,0.6756756756756757,0.704225352112676,115,16.161372527480125,0.008029181510210037
02115,airplane,prompt,13,6,96,0,109,19,0.11926605504587157,0.6842105263157895,0.203125,10,1.0953430105000734,0.003504246473312378
02115,airplane,full,19,15,90,0,109,34,0.1743119266055046,0.5588235294117647,0.26573426573426573,10,1.098142934963107,0.008439367637038231
02115,airplane,scale_prior,19,14,90,0,109,33,0.1743119266055046,0.5757575757575758,0.2676056338028169,10,1.096670862287283,0.008303020149469376
02115,airplane,matched,12,8,97,0,109,20,0.11009174311926606,0.6,0.18604651162790697,10,1.098708676174283,0.005292894318699837
02115,airplane,dense_1024,24,19,85,0,109,43,0.22018348623853212,0.5581395348837209,0.3157894736842105,24,2.921109102666378,0.011812523007392883
02115,airplane,dense_both,30,21,79,0,109,51,0.27522935779816515,0.5882352941176471,0.375,115,14.107205342501402,0.015088636428117752
02115,storage-tank,prompt,3,14,0,1,3,18,1.0,0.17647058823529413,0.3,10,1.5051631964743137,0.0027493685483932495
02115,storage-tank,full,3,11,0,1,3,15,1.0,0.21428571428571427,0.35294117647058826,10,1.3072441834956408,0.002986384555697441
02115,storage-tank,scale_prior,3,11,0,1,3,15,1.0,0.21428571428571427,0.35294117647058826,10,1.3115138560533524,0.0028035957366228104
02115,storage-tank,matched,3,11,0,1,3,15,1.0,0.21428571428571427,0.35294117647058826,10,1.3115138560533524,0.002801124006509781
02115,storage-tank,dense_1024,3,2,0,1,3,6,1.0,0.6,0.75,24,2.921109102666378,0.0017668567597866058
02115,storage-tank,dense_both,3,26,0,2,3,31,1.0,0.10344827586206896,0.1875,115,14.107205342501402,0.0068090204149484634
02115,swimming-pool,prompt,0,14,2,0,2,14,0.0,0.0,0.0,10,1.0982626769691706,0.0015945881605148315
02115,swimming-pool,full,1,10,1,0,2,11,0.5,0.09090909090909091,0.15384615384615385,10,1.218598447740078,0.0014800913631916046
02115,swimming-pool,scale_prior,1,12,1,0,2,13,0.5,0.07692307692307693,0.13333333333333333,10,1.314084880053997,0.0016930103302001953
02115,swimming-pool,matched,1,12,1,0,2,13,0.5,0.07692307692307693,0.13333333333333333,10,1.314084880053997,0.0016783326864242554
02115,swimming-pool,dense_1024,2,9,0,0,2,11,1.0,0.18181818181818182,0.3076923076923077,24,2.921109102666378,0.0019257552921772003
02115,swimming-pool,dense_both,2,87,0,0,2,89,1.0,0.02247191011235955,0.04395604395604396,115,14.107205342501402,0.013198569416999817
02116,airplane,prompt,14,1,16,2,30,17,0.4666666666666667,0.9333333333333333,0.6222222222222222,10,1.3980374839156866,0.003898452967405319
02116,airplane,full,21,0,9,1,30,22,0.7,1.0,0.8235294117647058,10,1.415201596915722,0.004690269008278847
02116,airplane,scale_prior,17,1,13,2,30,20,0.5666666666666667,0.9444444444444444,0.7083333333333334,10,1.3046166226267815,0.005302064120769501
02116,airplane,matched,20,1,10,2,30,23,0.6666666666666666,0.9523809523809523,0.7843137254901961,10,1.4098962154239416,0.006260408088564873
02116,airplane,dense_1024,30,1,0,1,30,32,1.0,0.967741935483871,0.9836065573770492,30,4.535105004906654,0.006462765857577324
02116,airplane,dense_both,29,6,1,2,30,37,0.9666666666666667,0.8285714285714286,0.8923076923076924,160,24.127677969634533,0.010109765455126762
02116,large-vehicle,prompt,5,12,7,1,12,18,0.4166666666666667,0.29411764705882354,0.3448275862068966,10,1.3317244444042444,0.003217320889234543
02116,large-vehicle,full,7,23,5,3,12,33,0.5833333333333334,0.23333333333333334,0.3333333333333333,10,1.4369875714182854,0.004934728145599365
02116,large-vehicle,scale_prior,7,23,5,2,12,32,0.5833333333333334,0.23333333333333334,0.3333333333333333,10,1.5385193210095167,0.00429808534681797
02116,large-vehicle,matched,7,22,5,2,12,31,0.5833333333333334,0.2413793103448276,0.34146341463414637,10,1.5469373166561127,0.0042052436619997025
02116,large-vehicle,dense_1024,8,23,4,3,12,34,0.6666666666666666,0.25806451612903225,0.37209302325581395,30,4.535105004906654,0.005383703857660294
02116,large-vehicle,dense_both,10,37,2,6,12,53,0.8333333333333334,0.2127659574468085,0.3389830508474576,160,24.127677969634533,0.009970244020223618
02116,small-vehicle,prompt,10,10,303,0,313,20,0.03194888178913738,0.5,0.06006006006006006,10,1.6397303231060505,0.0036508552730083466
02116,small-vehicle,full,47,36,266,1,313,84,0.1501597444089457,0.5662650602409639,0.23737373737373738,10,1.543935438618064,0.015605194494128227
02116,small-vehicle,scale_prior,37,33,276,0,313,70,0.1182108626198083,0.5285714285714286,0.19321148825065274,10,1.6472335495054722,0.01311277225613594
02116,small-vehicle,matched,39,33,274,1,313,73,0.12460063897763578,0.5416666666666666,0.2025974025974026,10,1.6460546646267176,0.013883035629987717
02116,small-vehicle,dense_1024,122,111,191,7,313,240,0.38977635782747605,0.5236051502145923,0.4468864468864469,30,4.535105004906654,0.04575210437178612
02116,small-vehicle,dense_both,256,187,57,15,313,458,0.8178913738019169,0.5778781038374717,0.6772486772486772,160,24.127677969634533,0.10508155263960361
02135,airplane,prompt,2,2,0,0,2,4,1.0,0.5,0.6666666666666666,10,1.3305238205939531,0.0008321143686771393
02135,airplane,full,2,0,0,0,2,2,1.0,1.0,1.0,10,1.1216632295399904,0.0003843512386083603
02135,airplane,scale_prior,2,0,0,0,2,2,1.0,1.0,1.0,10,1.1253874953836203,0.00035406462848186493
02135,airplane,matched,2,2,0,0,2,4,1.0,0.5,0.6666666666666666,10,1.1255290284752846,0.0006928239017724991
02135,airplane,dense_1024,2,0,0,0,2,2,1.0,1.0,1.0,24,2.9122157767415047,0.0005410071462392807
02135,airplane,dense_both,2,3,0,0,2,5,1.0,0.4,0.5714285714285714,115,14.135462537407875,0.0011179130524396896
02135,large-vehicle,prompt,2,62,8,3,10,67,0.2,0.03125,0.05405405405405406,10,1.186085158959031,0.009371522814035416
02135,large-vehicle,full,8,64,2,1,10,73,0.8,0.1111111111111111,0.1951219512195122,10,1.2039796821773052,0.008769972249865532
02135,large-vehicle,scale_prior,10,67,0,1,10,78,1.0,0.12987012987012986,0.22988505747126436,10,1.398105626925826,0.011331373825669289
02135,large-vehicle,matched,10,67,0,1,10,78,1.0,0.12987012987012986,0.22988505747126436,10,1.398105626925826,0.010121854022145271
02135,large-vehicle,dense_1024,10,82,0,2,10,94,1.0,0.10869565217391304,0.19607843137254902,24,2.9122157767415047,0.014694064855575562
02135,large-vehicle,dense_both,9,170,1,6,10,185,0.9,0.05027932960893855,0.09523809523809523,115,14.135462537407875,0.038302091881632805
02135,small-vehicle,prompt,109,48,257,5,366,162,0.2978142076502732,0.6942675159235668,0.4168260038240918,10,1.2768859192728996,0.02870301716029644
02135,small-vehicle,full,248,70,118,23,366,341,0.6775956284153005,0.779874213836478,0.7251461988304093,10,1.292422479018569,0.07327554002404213
02135,small-vehicle,scale_prior,247,69,119,21,366,337,0.674863387978142,0.7816455696202531,0.7243401759530792,10,1.3029176704585552,0.06439857184886932
02135,small-vehicle,matched,247,69,119,21,366,337,0.674863387978142,0.7816455696202531,0.7243401759530792,10,1.3029176704585552,0.0643108170479536
02135,small-vehicle,dense_1024,333,116,33,25,366,474,0.9098360655737705,0.7416481069042317,0.8171779141104294,24,2.9122157767415047,0.09889673255383968
02135,small-vehicle,dense_both,349,222,17,30,366,601,0.953551912568306,0.6112084063047285,0.7449306296691569,115,14.135462537407875,0.16804206557571888
02135,swimming-pool,prompt,2,3,1,3,3,8,0.6666666666666666,0.4,0.5,10,1.2882110197097063,0.0018857195973396301
02135,swimming-pool,full,2,3,1,3,3,8,0.6666666666666666,0.4,0.5,10,1.2941774316132069,0.001903647556900978
02135,swimming-pool,scale_prior,2,3,1,3,3,8,0.6666666666666666,0.4,0.5,10,1.293659508228302,0.0019051209092140198
02135,swimming-pool,matched,2,3,1,3,3,8,0.6666666666666666,0.4,0.5,10,1.1937216352671385,0.001863984391093254
02135,swimming-pool,dense_1024,2,2,1,3,3,7,0.6666666666666666,0.5,0.5714285714285714,24,2.9122157767415047,0.0014852527529001236
02135,swimming-pool,dense_both,2,4,1,3,3,9,0.6666666666666666,0.3333333333333333,0.4444444444444444,115,14.135462537407875,0.002280021086335182
02143,airplane,prompt,25,1,0,1,25,27,1.0,0.9615384615384616,0.9803921568627451,10,1.5701892636716366,0.00787288136780262
02143,airplane,full,25,2,0,1,25,28,1.0,0.9259259259259259,0.9615384615384616,10,1.459389442577958,0.007468404248356819
02143,airplane,scale_prior,25,2,0,1,25,28,1.0,0.9259259259259259,0.9615384615384616,10,1.4850930720567703,0.007046062499284744
02143,airplane,matched,25,2,0,1,25,28,1.0,0.9259259259259259,0.9615384615384616,10,1.4632704798132181,0.007521413266658783
02143,airplane,dense_1024,25,2,0,1,25,28,1.0,0.9259259259259259,0.9615384615384616,24,3.4683375488966703,0.007767217233777046
02143,airplane,dense_both,25,5,0,1,25,31,1.0,0.8333333333333334,0.9090909090909091,115,16.95595377124846,0.010990336537361145
02143,large-vehicle,prompt,9,11,10,0,19,20,0.47368421052631576,0.45,0.46153846153846156,10,1.4861773122102022,0.0027433037757873535
02143,large-vehicle,full,13,19,6,0,19,32,0.6842105263157895,0.40625,0.5098039215686274,10,1.376944137737155,0.005175439640879631
02143,large-vehicle,scale_prior,6,15,13,0,19,21,0.3157894736842105,0.2857142857142857,0.3,10,1.3832015674561262,0.0035194940865039825
02143,large-vehicle,matched,6,15,13,0,19,21,0.3157894736842105,0.2857142857142857,0.3,10,1.3832015674561262,0.0035233628004789352
02143,large-vehicle,dense_1024,15,24,4,0,19,39,0.7894736842105263,0.38461538461538464,0.5172413793103449,24,3.4683375488966703,0.006709560751914978
02143,large-vehicle,dense_both,15,31,4,0,19,46,0.7894736842105263,0.32608695652173914,0.46153846153846156,115,16.95595377124846,0.009270107373595238
02143,small-vehicle,prompt,67,24,358,0,425,91,0.15764705882352942,0.7362637362637363,0.2596899224806202,10,1.3967870231717825,0.016919590532779694
02143,small-vehicle,full,73,16,352,0,425,89,0.17176470588235293,0.8202247191011236,0.2840466926070039,10,1.3939731139689684,0.018664415925741196
02143,small-vehicle,scale_prior,68,17,357,0,425,85,0.16,0.8,0.26666666666666666,10,1.3914242032915354,0.017013799399137497
02143,small-vehicle,matched,68,17,357,0,425,85,0.16,0.8,0.26666666666666666,10,1.3914242032915354,0.01700233668088913
02143,small-vehicle,dense_1024,140,80,285,0,425,220,0.32941176470588235,0.6363636363636364,0.43410852713178294,24,3.4683375488966703,0.05447554215788841
02143,small-vehicle,dense_both,335,226,90,0,425,561,0.788235294117647,0.5971479500891266,0.6795131845841785,115,16.95595377124846,0.1364920623600483
02152,airplane,prompt,35,3,0,4,35,42,1.0,0.9210526315789473,0.958904109589041,10,1.0885282196104527,0.013206560164690018
02152,airplane,full,35,1,0,4,35,40,1.0,0.9722222222222222,0.9859154929577465,10,1.196381352841854,0.011855438351631165
02152,airplane,scale_prior,35,1,0,4,35,40,1.0,0.9722222222222222,0.9859154929577465,10,1.196381352841854,0.0118614062666893
02152,airplane,matched,35,1,0,4,35,40,1.0,0.9722222222222222,0.9859154929577465,10,1.196381352841854,0.011843174695968628
02152,airplane,dense_1024,35,1,0,4,35,40,1.0,0.9722222222222222,0.9859154929577465,24,2.9114870615303516,0.010160226374864578
02152,airplane,dense_both,35,7,0,5,35,47,1.0,0.8333333333333334,0.9090909090909091,115,14.34243980050087,0.016441933810710907
02152,large-vehicle,prompt,3,1,18,0,21,4,0.14285714285714285,0.75,0.24,10,1.2073152475059032,0.000646417960524559
02152,large-vehicle,full,3,25,18,0,21,28,0.14285714285714285,0.10714285714285714,0.12244897959183673,10,1.2051987797021866,0.003774188458919525
02152,large-vehicle,scale_prior,4,22,17,0,21,26,0.19047619047619047,0.15384615384615385,0.1702127659574468,10,1.3039041832089424,0.00376693531870842
02152,large-vehicle,matched,4,22,17,0,21,26,0.19047619047619047,0.15384615384615385,0.1702127659574468,10,1.3039041832089424,0.003774954006075859
02152,large-vehicle,dense_1024,11,56,10,2,21,69,0.5238095238095238,0.16417910447761194,0.25,24,2.9114870615303516,0.012306643649935722
02152,large-vehicle,dense_both,13,70,8,2,21,85,0.6190476190476191,0.1566265060240964,0.25,115,14.34243980050087,0.016840942203998566
02152,ship,prompt,0,11,1,0,1,11,0.0,0.0,0.0,10,1.3137190081179142,0.0014885049313306808
02152,ship,full,0,6,1,0,1,6,0.0,0.0,0.0,10,1.206728033721447,0.0006120353937149048
02152,ship,scale_prior,0,4,1,0,1,4,0.0,0.0,0.0,10,1.4061346109956503,0.0004308205097913742
02152,ship,matched,0,4,1,0,1,4,0.0,0.0,0.0,10,1.3090071026235819,0.00041763484477996826
02152,ship,dense_1024,0,11,1,1,1,12,0.0,0.0,0.0,24,2.9114870615303516,0.0019262265413999557
02152,ship,dense_both,1,56,0,2,1,59,1.0,0.017543859649122806,0.034482758620689655,115,14.34243980050087,0.009672828018665314
02152,small-vehicle,prompt,194,291,235,0,429,485,0.4522144522144522,0.4,0.424507658643326,10,1.1122776456177235,0.0929233767092228
02152,small-vehicle,full,136,183,293,0,429,319,0.317016317016317,0.4263322884012539,0.36363636363636365,10,1.3092455063015223,0.0701872669160366
02152,small-vehicle,scale_prior,157,208,272,0,429,365,0.36596736596736595,0.4301369863013699,0.3954659949622166,10,1.3064989168196917,0.07677495665848255
02152,small-vehicle,matched,157,208,272,0,429,365,0.36596736596736595,0.4301369863013699,0.3954659949622166,10,1.3064989168196917,0.07681079767644405
02152,small-vehicle,dense_1024,4,153,425,4,429,161,0.009324009324009324,0.025477707006369428,0.013651877133105802,24,2.9114870615303516,0.03815927170217037
02152,small-vehicle,dense_both,322,1002,107,5,429,1329,0.7505827505827506,0.243202416918429,0.36737022247575585,115,14.34243980050087,0.28848674707114697
02152,swimming-pool,prompt,1,2,2,0,3,3,0.3333333333333333,0.3333333333333333,0.3333333333333333,10,1.5100056510418653,0.00045384280383586884
02152,swimming-pool,full,1,4,2,0,3,5,0.3333333333333333,0.2,0.25,10,1.30954609811306,0.0010293014347553253
02152,swimming-pool,scale_prior,1,5,2,0,3,6,0.3333333333333333,0.16666666666666666,0.2222222222222222,10,1.3074519261717796,0.0012953244149684906
02152,swimming-pool,matched,1,5,2,0,3,6,0.3333333333333333,0.16666666666666666,0.2222222222222222,10,1.4078620504587889,0.0011594891548156738
02152,swimming-pool,dense_1024,2,8,1,0,3,10,0.6666666666666666,0.2,0.3076923076923077,24,2.9114870615303516,0.002106430009007454
02152,swimming-pool,dense_both,2,10,1,0,3,12,0.6666666666666666,0.16666666666666666,0.26666666666666666,115,14.34243980050087,0.002935050055384636
02173,airplane,prompt,15,3,26,0,41,18,0.36585365853658536,0.8333333333333334,0.5084745762711864,10,1.4785834345966578,0.003528716042637825
02173,airplane,full,26,3,15,0,41,29,0.6341463414634146,0.896551724137931,0.7428571428571429,10,1.4876308403909206,0.005346568301320076
02173,airplane,scale_prior,27,3,14,0,41,30,0.6585365853658537,0.9,0.7605633802816901,10,1.6945744547992945,0.00536247156560421
02173,airplane,matched,34,4,7,0,41,38,0.8292682926829268,0.8947368421052632,0.8607594936708861,10,1.4870229568332434,0.007322615012526512
02173,airplane,dense_1024,41,8,0,0,41,49,1.0,0.8367346938775511,0.9111111111111111,24,3.5070709828287363,0.011648960411548615
02173,airplane,dense_both,41,9,0,0,41,50,1.0,0.82,0.9010989010989011,115,16.635191777721047,0.015219887718558311
02173,large-vehicle,prompt,0,3,1,0,1,3,0.0,0.0,0.0,10,1.5673085507005453,0.0004402138292789459
02173,large-vehicle,full,0,4,1,0,1,4,0.0,0.0,0.0,10,1.40110863186419,0.0004715193063020706
02173,large-vehicle,scale_prior,0,7,1,0,1,7,0.0,0.0,0.0,10,1.3029242753982544,0.0009894892573356628
02173,large-vehicle,matched,0,7,1,0,1,7,0.0,0.0,0.0,10,1.3029242753982544,0.0009766984730958939
02173,large-vehicle,dense_1024,1,19,0,0,1,20,1.0,0.05,0.09523809523809523,24,3.5070709828287363,0.0031318943947553635
02173,large-vehicle,dense_both,1,37,0,0,1,38,1.0,0.02631578947368421,0.05128205128205128,115,16.635191777721047,0.005951376631855965
02173,small-vehicle,prompt,15,16,232,0,247,31,0.06072874493927125,0.4838709677419355,0.1079136690647482,10,1.5918002128601074,0.005754813551902771
02173,small-vehicle,full,13,19,234,0,247,32,0.05263157894736842,0.40625,0.0931899641577061,10,1.5055037718266249,0.005470355972647667
02173,small-vehicle,scale_prior,15,21,232,0,247,36,0.06072874493927125,0.4166666666666667,0.10600706713780919,10,1.5144488401710987,0.007845543324947357
02173,small-vehicle,matched,15,20,232,0,247,35,0.06072874493927125,0.42857142857142855,0.10638297872340426,10,1.4196462482213974,0.007804373279213905
02173,small-vehicle,dense_1024,16,58,231,0,247,74,0.06477732793522267,0.21621621621621623,0.09968847352024922,24,3.5070709828287363,0.016634728759527206
02173,small-vehicle,dense_both,225,168,22,0,247,393,0.9109311740890689,0.5725190839694656,0.703125,115,16.635191777721047,0.10092109069228172
02179,airplane,prompt,99,10,30,0,129,109,0.7674418604651163,0.908256880733945,0.8319327731092437,10,1.2009509485214949,0.02550281584262848
02179,airplane,full,112,12,17,1,129,125,0.8682170542635659,0.9032258064516129,0.8853754940711462,10,1.1968179699033499,0.0323790255934
02179,airplane,scale_prior,76,7,53,1,129,84,0.5891472868217055,0.9156626506024096,0.7169811320754716,10,1.2119542490690947,0.022468935698270798
02179,airplane,matched,76,8,53,1,129,85,0.5891472868217055,0.9047619047619048,0.7136150234741784,10,1.2060957364737988,0.022275252267718315
02179,airplane,dense_1024,114,15,15,1,129,130,0.8837209302325582,0.8837209302325582,0.8837209302325582,24,3.145662272349,0.03560279868543148
02179,airplane,dense_both,124,16,5,1,129,141,0.9612403100775194,0.8857142857142857,0.9219330855018587,115,14.841841312125325,0.04364074021577835
02179,helicopter,prompt,0,28,1,0,1,28,0.0,0.0,0.0,10,1.113635754212737,0.003078734502196312
02179,helicopter,full,0,45,1,0,1,45,0.0,0.0,0.0,10,1.2008090857416391,0.009744592010974884
02179,helicopter,scale_prior,0,43,1,0,1,43,0.0,0.0,0.0,10,1.3071439303457737,0.008198145776987076
02179,helicopter,matched,0,43,1,0,1,43,0.0,0.0,0.0,10,1.3071439303457737,0.008164089173078537
02179,helicopter,dense_1024,1,63,0,0,1,64,1.0,0.015625,0.03076923076923077,24,3.145662272349,0.012239271774888039
02179,helicopter,dense_both,1,76,0,0,1,77,1.0,0.012987012987012988,0.02564102564102564,115,14.841841312125325,0.016210276633501053
02179,large-vehicle,prompt,3,4,10,0,13,7,0.23076923076923078,0.42857142857142855,0.3,10,1.2525056209415197,0.0010211952030658722
02179,large-vehicle,full,2,11,11,0,13,13,0.15384615384615385,0.15384615384615385,0.15384615384615385,10,1.4297627545893192,0.002062680199742317
02179,large-vehicle,scale_prior,1,11,12,0,13,12,0.07692307692307693,0.08333333333333333,0.08,10,1.3206919357180595,0.001735767349600792
02179,large-vehicle,matched,1,11,12,0,13,12,0.07692307692307693,0.08333333333333333,0.08,10,1.3206919357180595,0.001719210296869278
02179,large-vehicle,dense_1024,3,28,10,2,13,33,0.23076923076923078,0.0967741935483871,0.13636363636363635,24,3.145662272349,0.005540575832128525
02179,large-vehicle,dense_both,5,47,8,2,13,54,0.38461538461538464,0.09615384615384616,0.15384615384615385,115,14.841841312125325,0.008529620245099068
02179,small-vehicle,prompt,581,329,1685,6,2266,916,0.2563989408649603,0.6384615384615384,0.36586901763224183,10,1.3533289358019829,0.16383550874888897
02179,small-vehicle,full,160,103,2106,0,2266,263,0.0706090026478376,0.6083650190114068,0.1265322261763543,10,1.4337666146457195,0.05712132155895233
02179,small-vehicle,scale_prior,160,85,2106,0,2266,245,0.0706090026478376,0.6530612244897959,0.12743926722421345,10,1.225342407822609,0.051886141300201416
02179,small-vehicle,matched,160,85,2106,0,2266,245,0.0706090026478376,0.6530612244897959,0.12743926722421345,10,1.225342407822609,0.051915621384978294
02179,small-vehicle,dense_1024,1,81,2265,2,2266,84,0.000441306266548985,0.012195121951219513,0.0008517887563884157,24,3.145662272349,0.029889501631259918
02179,small-vehicle,dense_both,1494,972,772,7,2266,2473,0.6593115622241836,0.6058394160583942,0.6314454775993238,115,14.841841312125325,0.5296363029628992
02186,airplane,prompt,27,0,32,1,59,28,0.4576271186440678,1.0,0.627906976744186,10,1.6641947980970144,0.0056074559688568115
02186,airplane,full,31,7,28,1,59,39,0.5254237288135594,0.8157894736842105,0.6391752577319587,10,1.5402829553931952,0.009152958169579506
02186,airplane,scale_prior,28,5,31,1,59,34,0.4745762711864407,0.8484848484848485,0.6086956521739131,10,1.5377109870314598,0.007310161367058754
02186,airplane,matched,28,5,31,1,59,34,0.4745762711864407,0.8484848484848485,0.6086956521739131,10,1.5377109870314598,0.007269326597452164
02186,airplane,dense_1024,58,8,1,1,59,67,0.9830508474576272,0.8787878787878788,0.928,24,3.562378840520978,0.015037188306450844
02186,airplane,dense_both,58,10,1,1,59,69,0.9830508474576272,0.8529411764705882,0.9133858267716536,115,17.251704500988126,0.0189755130559206
02186,large-vehicle,prompt,3,24,23,0,26,27,0.11538461538461539,0.1111111111111111,0.11320754716981132,10,1.4311088398098946,0.004446323961019516
02186,large-vehicle,full,9,22,17,0,26,31,0.34615384615384615,0.2903225806451613,0.3157894736842105,10,1.431634934619069,0.004452185705304146
02186,large-vehicle,scale_prior,6,28,20,0,26,34,0.23076923076923078,0.17647058823529413,0.2,10,1.4365096893161535,0.004917655140161514
02186,large-vehicle,matched,6,28,20,0,26,34,0.23076923076923078,0.17647058823529413,0.2,10,1.4365096893161535,0.004858843982219696
02186,large-vehicle,dense_1024,14,52,12,0,26,66,0.5384615384615384,0.21212121212121213,0.30434782608695654,24,3.562378840520978,0.010430628433823586
02186,large-vehicle,dense_both,17,96,9,0,26,113,0.6538461538461539,0.1504424778761062,0.2446043165467626,115,17.251704500988126,0.020926514640450478
02186,small-vehicle,prompt,51,78,111,0,162,129,0.3148148148148148,0.3953488372093023,0.35051546391752575,10,1.4558278117328882,0.02124316431581974
02186,small-vehicle,full,32,55,130,0,162,87,0.19753086419753085,0.367816091954023,0.2570281124497992,10,1.4390117581933737,0.014530513435602188
02186,small-vehicle,scale_prior,34,65,128,0,162,99,0.20987654320987653,0.3434343434343434,0.26053639846743293,10,1.3352490104734898,0.016433201730251312
02186,small-vehicle,matched,35,66,127,0,162,101,0.21604938271604937,0.3465346534653465,0.2661596958174905,10,1.3342713322490454,0.016256893053650856
02186,small-vehicle,dense_1024,45,97,117,0,162,142,0.2777777777777778,0.31690140845070425,0.29605263157894735,24,3.562378840520978,0.02520170621573925
02186,small-vehicle,dense_both,156,312,6,0,162,468,0.9629629629629629,0.3333333333333333,0.49523809523809526,115,17.251704500988126,0.09001071937382221
02190,ship,prompt,944,68,200,0,1144,1012,0.8251748251748252,0.932806324110672,0.87569573283859,10,1.05538934096694,0.3337681442499161
02190,ship,full,823,63,321,0,1144,886,0.7194055944055944,0.9288939051918735,0.8108374384236453,10,1.161442680284381,0.3256193082779646
02190,ship,scale_prior,774,34,370,0,1144,808,0.6765734265734266,0.9579207920792079,0.7930327868852459,10,1.092750433832407,0.2231420837342739
02190,ship,matched,885,57,259,0,1144,942,0.7736013986013986,0.9394904458598726,0.8485139022051774,10,0.9627984929829836,0.29409709572792053
02190,ship,dense_1024,859,39,285,0,1144,898,0.7508741258741258,0.9565701559020044,0.8413320274240941,24,3.0253063328564167,0.2641737461090088
02190,ship,dense_both,1065,113,79,0,1144,1178,0.9309440559440559,0.9040747028862479,0.917312661498708,115,14.817727327346802,0.48843218572437763
02190,small-vehicle,prompt,106,28,134,0,240,134,0.44166666666666665,0.7910447761194029,0.5668449197860963,10,1.1806632336229086,0.02613687328994274
02190,small-vehicle,full,76,30,164,0,240,106,0.31666666666666665,0.7169811320754716,0.4393063583815029,10,1.0794266313314438,0.020027102902531624
02190,small-vehicle,scale_prior,76,21,164,0,240,97,0.31666666666666665,0.7835051546391752,0.45103857566765576,10,1.2974102180451155,0.018112514168024063
02190,small-vehicle,matched,76,21,164,0,240,97,0.31666666666666665,0.7835051546391752,0.45103857566765576,10,1.2974102180451155,0.01808459684252739
02190,small-vehicle,dense_1024,1,23,239,0,240,24,0.004166666666666667,0.041666666666666664,0.007575757575757576,24,3.0253063328564167,0.005563540384173393
02190,small-vehicle,dense_both,178,77,62,0,240,255,0.7416666666666667,0.6980392156862745,0.7191919191919192,115,14.817727327346802,0.05462692305445671
02201,airplane,prompt,60,26,66,0,126,86,0.47619047619047616,0.6976744186046512,0.5660377358490566,10,1.6176638845354319,0.016419874504208565
02201,airplane,full,109,34,17,0,126,143,0.8650793650793651,0.7622377622377622,0.8104089219330854,10,1.5069813374429941,0.029706286266446114
02201,airplane,scale_prior,70,24,56,0,126,94,0.5555555555555556,0.7446808510638298,0.6363636363636364,10,1.535334523767233,0.01591462828218937
02201,airplane,matched,69,25,57,0,126,94,0.5476190476190477,0.7340425531914894,0.6272727272727273,10,1.5274324137717485,0.017352204769849777
02201,airplane,dense_1024,113,32,13,0,126,145,0.8968253968253969,0.7793103448275862,0.8339483394833949,24,3.5913047697395086,0.029706837609410286
02201,airplane,dense_both,123,43,3,0,126,166,0.9761904761904762,0.7409638554216867,0.8424657534246576,115,17.394759941846132,0.04720659181475639
02201,storage-tank,prompt,0,2,12,0,12,2,0.0,0.0,0.0,10,1.4808263555169106,0.00028353743255138397
02201,storage-tank,full,0,6,12,0,12,6,0.0,0.0,0.0,10,1.4763289596885443,0.0012024659663438797
02201,storage-tank,scale_prior,0,5,12,0,12,5,0.0,0.0,0.0,10,1.3729484658688307,0.0011699404567480087
02201,storage-tank,matched,0,5,12,0,12,5,0.0,0.0,0.0,10,1.4791588578373194,0.0011427607387304306
02201,storage-tank,dense_1024,11,15,1,0,12,26,0.9166666666666666,0.4230769230769231,0.5789473684210527,24,3.5913047697395086,0.005991851910948753
02201,storage-tank,dense_both,12,42,0,0,12,54,1.0,0.2222222222222222,0.36363636363636365,115,17.394759941846132,0.01098298467695713
02203,airplane,prompt,7,1,0,0,7,8,1.0,0.875,0.9333333333333333,10,1.3827973492443562,0.0016627181321382523
02203,airplane,full,6,0,1,0,7,6,0.8571428571428571,1.0,0.9230769230769231,10,1.3473633285611868,0.0014673992991447449
02203,airplane,scale_prior,7,1,0,0,7,8,1.0,0.875,0.9333333333333333,10,1.3981417156755924,0.0016037877649068832
02203,airplane,matched,7,1,0,0,7,8,1.0,0.875,0.9333333333333333,10,1.3981417156755924,0.0016589034348726273
02203,airplane,dense_1024,7,0,0,0,7,7,1.0,1.0,1.0,24,3.0113468933850527,0.002115180715918541
02203,airplane,dense_both,7,3,0,0,7,10,1.0,0.7,0.8235294117647058,115,14.671113265678287,0.0031952764838933945
02203,large-vehicle,prompt,1,15,6,0,7,16,0.14285714285714285,0.0625,0.08695652173913043,10,1.4941391423344612,0.001795303076505661
02203,large-vehicle,full,1,24,6,1,7,26,0.14285714285714285,0.04,0.0625,10,1.3943619225174189,0.00447673536837101
02203,large-vehicle,scale_prior,0,31,7,1,7,32,0.0,0.0,0.0,10,1.3004291709512472,0.004977906122803688
02203,large-vehicle,matched,1,24,6,0,7,25,0.14285714285714285,0.04,0.0625,10,1.2938490584492683,0.0032697878777980804
02203,large-vehicle,dense_1024,1,37,6,4,7,42,0.14285714285714285,0.02631578947368421,0.044444444444444446,24,3.0113468933850527,0.007078275084495544
02203,large-vehicle,dense_both,3,59,4,9,7,71,0.42857142857142855,0.04838709677419355,0.08695652173913043,115,14.671113265678287,0.012368574738502502
02203,small-vehicle,prompt,4,19,129,0,133,23,0.03007518796992481,0.17391304347826086,0.05128205128205128,10,1.4556331150233746,0.0035434402525424957
02203,small-vehicle,full,3,30,130,0,133,33,0.022556390977443608,0.09090909090909091,0.03614457831325301,10,1.2995499707758427,0.004890454933047295
02203,small-vehicle,scale_prior,0,21,133,0,133,21,0.0,0.0,0.0,10,1.4034196194261312,0.0028617866337299347
02203,small-vehicle,matched,3,31,130,0,133,34,0.022556390977443608,0.08823529411764706,0.03592814371257485,10,1.298058059066534,0.004960240796208382
02203,small-vehicle,dense_1024,0,34,133,1,133,35,0.0,0.0,0.0,24,3.0113468933850527,0.00581236369907856
02203,small-vehicle,dense_both,11,252,122,1,133,264,0.08270676691729323,0.04182509505703422,0.05555555555555555,115,14.671113265678287,0.04050801880657673
02203,storage-tank,prompt,0,1,1,0,1,1,0.0,0.0,0.0,10,1.1561277229338884,0.00016189366579055786
02203,storage-tank,full,0,2,1,0,1,2,0.0,0.0,0.0,10,1.1012412030249834,0.00023742392659187317
02203,storage-tank,scale_prior,0,2,1,0,1,2,0.0,0.0,0.0,10,1.101610615849495,0.00023278780281543732
02203,storage-tank,matched,0,2,1,0,1,2,0.0,0.0,0.0,10,1.101610615849495,0.00022897869348526
02203,storage-tank,dense_1024,1,4,0,0,1,5,1.0,0.2,0.3333333333333333,24,3.0113468933850527,0.0008116401731967926
02203,storage-tank,dense_both,1,4,0,0,1,5,1.0,0.2,0.3333333333333333,115,14.671113265678287,0.0009920597076416016
02203,swimming-pool,prompt,1,3,24,0,25,4,0.04,0.25,0.06896551724137931,10,0.997924255207181,0.0007203333079814911
02203,swimming-pool,full,0,0,25,0,25,0,0.0,0.0,0.0,10,1.2016525212675333,7.655471563339233e-05
02203,swimming-pool,scale_prior,2,3,23,0,25,5,0.08,0.4,0.13333333333333333,10,1.1041490957140923,0.000699307769536972
02203,swimming-pool,matched,2,3,23,0,25,5,0.08,0.4,0.13333333333333333,10,1.1019672844558954,0.0006779730319976807
02203,swimming-pool,dense_1024,4,6,21,0,25,10,0.16,0.4,0.22857142857142856,24,3.0113468933850527,0.0017273910343647003
02203,swimming-pool,dense_both,12,18,13,0,25,30,0.48,0.4,0.43636363636363634,115,14.671113265678287,0.005905957892537117
02205,large-vehicle,prompt,0,36,1,2,1,38,0.0,0.0,0.0,10,1.4250699579715729,0.004171747714281082
02205,large-vehicle,full,0,49,1,3,1,52,0.0,0.0,0.0,10,1.5324989575892687,0.006581610068678856
02205,large-vehicle,scale_prior,0,45,1,3,1,48,0.0,0.0,0.0,10,1.5369759369641542,0.006149971857666969
02205,large-vehicle,matched,0,43,1,3,1,46,0.0,0.0,0.0,10,1.5377989169210196,0.006097741425037384
02205,large-vehicle,dense_1024,0,86,1,2,1,88,0.0,0.0,0.0,24,3.566205747425556,0.011917144060134888
02205,large-vehicle,dense_both,0,136,1,7,1,143,0.0,0.0,0.0,115,17.19121909327805,0.022816147655248642
02205,small-vehicle,prompt,193,91,581,2,774,286,0.24935400516795866,0.6795774647887324,0.3648393194706994,10,1.4299721773713827,0.04622082784771919
02205,small-vehicle,full,411,105,363,1,774,517,0.5310077519379846,0.7965116279069767,0.6372093023255814,10,1.432977456599474,0.09232722967863083
02205,small-vehicle,scale_prior,388,122,386,1,774,511,0.5012919896640827,0.7607843137254902,0.6043613707165109,10,1.5392027348279953,0.08872071281075478
02205,small-vehicle,matched,378,125,396,1,774,504,0.4883720930232558,0.7514910536779325,0.5920125293657008,10,1.534381652250886,0.08696367777884007
02205,small-vehicle,dense_1024,673,249,101,3,774,925,0.8695090439276486,0.7299349240780911,0.7936320754716981,24,3.566205747425556,0.18741905502974987
02205,small-vehicle,dense_both,748,592,26,13,774,1353,0.9664082687338501,0.5582089552238806,0.7076631977294229,115,17.19121909327805,0.3231248464435339
02205,swimming-pool,prompt,13,12,22,1,35,26,0.37142857142857144,0.52,0.43333333333333335,10,1.4218018744140863,0.003878200426697731
02205,swimming-pool,full,15,20,20,1,35,36,0.42857142857142855,0.42857142857142855,0.42857142857142855,10,1.531317064538598,0.006606383249163628
02205,swimming-pool,scale_prior,14,17,21,1,35,32,0.4,0.45161290322580644,0.42424242424242425,10,1.6268972381949425,0.0055501461029052734
02205,swimming-pool,matched,17,27,18,1,35,45,0.4857142857142857,0.38636363636363635,0.43037974683544306,10,1.6317096408456564,0.006827749311923981
02205,swimming-pool,dense_1024,34,54,1,1,35,89,0.9714285714285714,0.38636363636363635,0.5528455284552846,24,3.566205747425556,0.01500285230576992
02205,swimming-pool,dense_both,34,69,1,1,35,104,0.9714285714285714,0.3300970873786408,0.4927536231884058,115,17.19121909327805,0.023898350074887276
02213,storage-tank,prompt,4,2,0,0,4,6,1.0,0.6666666666666666,0.8,10,1.341085420921445,0.0010466650128364563
02213,storage-tank,full,4,4,0,0,4,8,1.0,0.5,0.6666666666666666,10,1.44720477797091,0.0011571403592824936
02213,storage-tank,scale_prior,4,4,0,0,4,8,1.0,0.5,0.6666666666666666,10,1.4441388919949532,0.0011675208806991577
02213,storage-tank,matched,4,4,0,0,4,8,1.0,0.5,0.6666666666666666,10,1.5455986261367798,0.0010788440704345703
02213,storage-tank,dense_1024,4,6,0,0,4,10,1.0,0.4,0.5714285714285714,24,3.0809308029711246,0.0013524685055017471
02213,storage-tank,dense_both,4,6,0,0,4,10,1.0,0.4,0.5714285714285714,128,16.770027343183756,0.0018446706235408783
02217,large-vehicle,prompt,9,67,15,0,24,76,0.375,0.11842105263157894,0.18,10,1.0155272148549557,0.01113455556333065
02217,large-vehicle,full,9,70,15,0,24,79,0.375,0.11392405063291139,0.17475728155339806,10,1.2147912941873074,0.011808633804321289
02217,large-vehicle,scale_prior,9,68,15,0,24,77,0.375,0.11688311688311688,0.1782178217821782,10,1.216885657981038,0.011638190597295761
02217,large-vehicle,matched,8,68,16,0,24,76,0.3333333333333333,0.10526315789473684,0.16,10,1.214916918426752,0.011176956817507744
02217,large-vehicle,dense_1024,21,135,3,0,24,156,0.875,0.1346153846153846,0.23333333333333334,24,3.058786114677787,0.02873791567981243
02217,large-vehicle,dense_both,23,226,1,0,24,249,0.9583333333333334,0.09236947791164658,0.1684981684981685,115,14.764546865597367,0.054544828832149506
02217,small-vehicle,prompt,64,46,62,0,126,110,0.5079365079365079,0.5818181818181818,0.5423728813559322,10,1.219708688557148,0.01927921734750271
02217,small-vehicle,full,75,58,51,0,126,133,0.5952380952380952,0.5639097744360902,0.5791505791505791,10,1.3265122044831514,0.024093661457300186
02217,small-vehicle,scale_prior,75,58,51,0,126,133,0.5952380952380952,0.5639097744360902,0.5791505791505791,10,1.3234080839902163,0.024622375145554543
02217,small-vehicle,matched,75,58,51,0,126,133,0.5952380952380952,0.5639097744360902,0.5791505791505791,10,1.3234080839902163,0.02466750517487526
02217,small-vehicle,dense_1024,114,88,12,0,126,202,0.9047619047619048,0.5643564356435643,0.6951219512195121,24,3.058786114677787,0.03972557187080383
02217,small-vehicle,dense_both,122,114,4,0,126,236,0.9682539682539683,0.5169491525423728,0.6740331491712708,115,14.764546865597367,0.061205992475152016
02221,airplane,prompt,5,3,22,0,27,8,0.18518518518518517,0.625,0.2857142857142857,10,1.482017571106553,0.0015767328441143036
02221,airplane,full,18,4,9,0,27,22,0.6666666666666666,0.8181818181818182,0.7346938775510204,10,1.012436244636774,0.0038680676370859146
02221,airplane,scale_prior,5,1,22,0,27,6,0.18518518518518517,0.8333333333333334,0.30303030303030304,10,1.0181536879390478,0.0011075157672166824
02221,airplane,matched,5,1,22,0,27,6,0.18518518518518517,0.8333333333333334,0.30303030303030304,10,1.0181536879390478,0.0011230893433094025
02221,airplane,dense_1024,23,8,4,0,27,31,0.8518518518518519,0.7419354838709677,0.7931034482758621,24,2.9565734956413507,0.0052625685930252075
02221,airplane,dense_both,24,9,3,0,27,33,0.8888888888888888,0.7272727272727273,0.8,115,14.974199954420328,0.008207838982343674
02221,large-vehicle,prompt,0,1,3,0,3,1,0.0,0.0,0.0,10,1.4825668726116419,0.00016390718519687653
02221,large-vehicle,full,0,9,3,0,3,9,0.0,0.0,0.0,10,1.1174130868166685,0.0010008420795202255
02221,large-vehicle,scale_prior,0,0,3,0,3,0,0.0,0.0,0.0,10,1.2862881235778332,2.8964132070541382e-05
02221,large-vehicle,matched,0,0,3,0,3,0,0.0,0.0,0.0,10,1.2862881235778332,2.4907290935516357e-05
02221,large-vehicle,dense_1024,0,30,3,0,3,30,0.0,0.0,0.0,24,2.9565734956413507,0.003529343754053116
02221,large-vehicle,dense_both,1,46,2,0,3,47,0.3333333333333333,0.02127659574468085,0.04,115,14.974199954420328,0.006823528558015823
02221,small-vehicle,prompt,0,13,89,0,89,13,0.0,0.0,0.0,10,1.4823730438947678,0.0017728880047798157
02221,small-vehicle,full,0,23,89,0,89,23,0.0,0.0,0.0,10,1.27903001755476,0.0028531718999147415
02221,small-vehicle,scale_prior,1,11,88,0,89,12,0.011235955056179775,0.08333333333333333,0.019801980198019802,10,1.2846486940979958,0.0013317111879587173
02221,small-vehicle,matched,1,19,88,0,89,20,0.011235955056179775,0.05,0.01834862385321101,10,1.285273166373372,0.002252219244837761
02221,small-vehicle,dense_1024,3,74,86,0,89,77,0.033707865168539325,0.03896103896103896,0.03614457831325301,24,2.9565734956413507,0.0115532036870718
02221,small-vehicle,dense_both,71,223,18,0,89,294,0.797752808988764,0.24149659863945577,0.370757180156658,115,14.974199954420328,0.0560908280313015
02227,large-vehicle,prompt,5,61,9,0,14,66,0.35714285714285715,0.07575757575757576,0.125,10,1.2060728557407856,0.008309775963425636
02227,large-vehicle,full,5,95,9,0,14,100,0.35714285714285715,0.05,0.08771929824561403,10,1.203017907217145,0.013697512447834015
02227,large-vehicle,scale_prior,6,88,8,0,14,94,0.42857142857142855,0.06382978723404255,0.1111111111111111,10,1.101395269855857,0.01241786777973175
02227,large-vehicle,matched,6,88,8,0,14,94,0.42857142857142855,0.06382978723404255,0.1111111111111111,10,1.101395269855857,0.012369440868496895
02227,large-vehicle,dense_1024,10,150,4,0,14,160,0.7142857142857143,0.0625,0.11494252873563218,24,3.011161332949996,0.02533107064664364
02227,large-vehicle,dense_both,11,243,3,0,14,254,0.7857142857142857,0.04330708661417323,0.08208955223880597,115,14.294570485129952,0.046129222959280014
02227,small-vehicle,prompt,392,59,599,0,991,451,0.3955600403632694,0.8691796008869179,0.5436893203883495,10,1.3076864648610353,0.1081603392958641
02227,small-vehicle,full,441,85,550,0,991,526,0.4450050454086781,0.8384030418250951,0.5814106789716545,10,1.2174331955611706,0.12872640043497086
02227,small-vehicle,scale_prior,440,118,551,0,991,558,0.4439959636730575,0.7885304659498208,0.5681084570690769,10,1.1130960416048765,0.13120071403682232
02227,small-vehicle,matched,396,107,595,0,991,503,0.39959636730575177,0.7872763419483101,0.5301204819277109,10,1.214424628764391,0.11863545514643192
02227,small-vehicle,dense_1024,586,185,405,0,991,771,0.591321897073663,0.7600518806744487,0.6651532349602725,24,3.011161332949996,0.18790992349386215
02227,small-vehicle,dense_both,759,376,232,0,991,1135,0.7658930373360242,0.6687224669603524,0.7140169332079022,115,14.294570485129952,0.31991194747388363
02228,airplane,prompt,20,4,15,0,35,24,0.5714285714285714,0.8333333333333334,0.6779661016949152,10,1.4355065561830997,0.004660649225115776
02228,airplane,full,17,5,18,0,35,22,0.4857142857142857,0.7727272727272727,0.5964912280701754,10,1.2319583352655172,0.003572314977645874
02228,airplane,scale_prior,18,6,17,0,35,24,0.5142857142857142,0.75,0.6101694915254238,10,1.2330579347908497,0.0045947786420583725
02228,airplane,matched,18,6,17,0,35,24,0.5142857142857142,0.75,0.6101694915254238,10,1.2330579347908497,0.004551040008664131
02228,airplane,dense_1024,18,7,17,0,35,25,0.5142857142857142,0.72,0.6,24,3.086235098540783,0.004993844777345657
02228,airplane,dense_both,26,4,9,0,35,30,0.7428571428571429,0.8666666666666667,0.8,115,15.007087850943208,0.007453231140971184
02228,small-vehicle,prompt,7,14,90,0,97,21,0.07216494845360824,0.3333333333333333,0.11864406779661017,10,1.2258073315024376,0.003828432410955429
02228,small-vehicle,full,6,18,91,0,97,24,0.061855670103092786,0.25,0.09917355371900827,10,1.3283993285149336,0.004191849380731583
02228,small-vehicle,scale_prior,8,26,89,0,97,34,0.08247422680412371,0.23529411764705882,0.12213740458015267,10,1.332919331267476,0.006429802626371384
02228,small-vehicle,matched,8,26,89,0,97,34,0.08247422680412371,0.23529411764705882,0.12213740458015267,10,1.332919331267476,0.006457976996898651
02228,small-vehicle,dense_1024,7,33,90,0,97,40,0.07216494845360824,0.175,0.10218978102189781,24,3.086235098540783,0.008794417604804039
02228,small-vehicle,dense_both,24,40,73,0,97,64,0.24742268041237114,0.375,0.2981366459627329,115,15.007087850943208,0.014690116047859192
02231,large-vehicle,prompt,6,34,11,0,17,40,0.35294117647058826,0.15,0.21052631578947367,10,1.4962573107331991,0.005657432600855827
02231,large-vehicle,full,7,47,10,0,17,54,0.4117647058823529,0.12962962962962962,0.19718309859154928,10,1.488336930051446,0.008514057844877243
02231,large-vehicle,scale_prior,8,47,9,0,17,55,0.47058823529411764,0.14545454545454545,0.2222222222222222,10,1.3944615926593542,0.006537500768899918
02231,large-vehicle,matched,7,46,10,0,17,53,0.4117647058823529,0.1320754716981132,0.2,10,1.4950189292430878,0.0064538586884737015
02231,large-vehicle,dense_1024,14,74,3,0,17,88,0.8235294117647058,0.1590909090909091,0.26666666666666666,24,2.885670704767108,0.014258872717618942
02231,large-vehicle,dense_both,13,162,4,0,17,175,0.7647058823529411,0.07428571428571429,0.13541666666666666,128,15.607782362028956,0.03213134594261646
02231,small-vehicle,prompt,173,32,464,0,637,205,0.271585557299843,0.8439024390243902,0.41092636579572445,10,1.4959805998951197,0.03723088465631008
02231,small-vehicle,full,451,57,186,0,637,508,0.7080062794348508,0.8877952755905512,0.7877729257641921,10,1.2962566744536161,0.10621996410191059
02231,small-vehicle,scale_prior,288,48,349,0,637,336,0.4521193092621664,0.8571428571428571,0.591983556012333,10,1.2978136762976646,0.06696518324315548
02231,small-vehicle,matched,303,47,334,0,637,350,0.47566718995290425,0.8657142857142858,0.6139817629179332,10,1.293574146926403,0.06844673492014408
02231,small-vehicle,dense_1024,565,103,72,0,637,668,0.8869701726844584,0.8458083832335329,0.8659003831417624,24,2.885670704767108,0.15587960928678513
02231,small-vehicle,dense_both,627,207,10,0,637,834,0.9843014128728415,0.7517985611510791,0.8524813052345344,128,15.607782362028956,0.2533813323825598
02241,airplane,prompt,13,0,0,0,13,13,1.0,1.0,1.0,10,1.1154666859656572,0.002564704045653343
02241,airplane,full,13,0,0,0,13,13,1.0,1.0,1.0,10,1.2075098268687725,0.0025335419923067093
02241,airplane,scale_prior,13,0,0,0,13,13,1.0,1.0,1.0,10,1.315856210887432,0.002449784427881241
02241,airplane,matched,13,0,0,0,13,13,1.0,1.0,1.0,10,1.2188540361821651,0.0024402178823947906
02241,airplane,dense_1024,13,3,0,0,13,16,1.0,0.8125,0.896551724137931,24,3.0282944571226835,0.0028053466230630875
02241,airplane,dense_both,13,5,0,0,13,18,1.0,0.7222222222222222,0.8387096774193549,128,16.428631173446774,0.005171196535229683
02241,helicopter,prompt,0,0,3,0,3,0,0.0,0.0,0.0,10,1.3157503884285688,3.901682794094086e-05
02241,helicopter,full,0,0,3,0,3,0,0.0,0.0,0.0,10,1.3105347082018852,2.6660040020942688e-05
02241,helicopter,scale_prior,0,0,3,0,3,0,0.0,0.0,0.0,10,1.208396615460515,2.357177436351776e-05
02241,helicopter,matched,0,0,3,0,3,0,0.0,0.0,0.0,10,1.208396615460515,2.2875145077705383e-05
02241,helicopter,dense_1024,0,0,3,0,3,0,0.0,0.0,0.0,24,3.0282944571226835,2.2316351532936096e-05
02241,helicopter,dense_both,0,1,3,0,3,1,0.0,0.0,0.0,128,16.428631173446774,0.0003569331020116806
02241,large-vehicle,prompt,0,1,4,0,4,1,0.0,0.0,0.0,10,1.3210564330220222,0.00017660856246948242
02241,large-vehicle,full,2,4,2,0,4,6,0.5,0.3333333333333333,0.4,10,1.302702534943819,0.0008492283523082733
02241,large-vehicle,scale_prior,0,1,4,0,4,1,0.0,0.0,0.0,10,1.2105208542197943,0.0001546218991279602
02241,large-vehicle,matched,0,2,4,0,4,2,0.0,0.0,0.0,10,1.2057653572410345,0.0002736225724220276
02241,large-vehicle,dense_1024,4,7,0,0,4,11,1.0,0.36363636363636365,0.5333333333333333,24,3.0282944571226835,0.0014577917754650116
02241,large-vehicle,dense_both,4,9,0,0,4,13,1.0,0.3076923076923077,0.47058823529411764,128,16.428631173446774,0.0019113384187221527
02241,small-vehicle,prompt,0,0,169,0,169,0,0.0,0.0,0.0,10,1.3377400450408459,0.0003517642617225647
02241,small-vehicle,full,0,12,169,0,169,12,0.0,0.0,0.0,10,1.413785232231021,0.001990610733628273
02241,small-vehicle,scale_prior,2,12,167,0,169,14,0.011834319526627219,0.14285714285714285,0.02185792349726776,10,1.3169521149247885,0.0024052318185567856
02241,small-vehicle,matched,2,12,167,0,169,14,0.011834319526627219,0.14285714285714285,0.02185792349726776,10,1.3169521149247885,0.002416688948869705
02241,small-vehicle,dense_1024,48,79,121,0,169,127,0.28402366863905326,0.3779527559055118,0.32432432432432434,24,3.0282944571226835,0.03435632027685642
02241,small-vehicle,dense_both,140,92,29,0,169,232,0.8284023668639053,0.603448275862069,0.6982543640897756,128,16.428631173446774,0.06667306274175644
02241,swimming-pool,prompt,3,4,1,0,4,7,0.75,0.42857142857142855,0.5454545454545454,10,1.2923948857933283,0.0016016270965337753
02241,swimming-pool,full,2,2,2,0,4,4,0.5,0.5,0.5,10,1.4065250400453806,0.0011593196541070938
02241,swimming-pool,scale_prior,3,4,1,0,4,7,0.75,0.42857142857142855,0.5454545454545454,10,1.198793187737465,0.0013500060886144638
02241,swimming-pool,matched,3,4,1,0,4,7,0.75,0.42857142857142855,0.5454545454545454,10,1.196625865995884,0.0015922319144010544
02241,swimming-pool,dense_1024,3,3,1,0,4,6,0.75,0.5,0.6,24,3.0282944571226835,0.0009602215141057968
02241,swimming-pool,dense_both,3,5,1,0,4,8,0.75,0.375,0.5,128,16.428631173446774,0.002316392958164215
02249,large-vehicle,prompt,53,93,15,0,68,146,0.7794117647058824,0.363013698630137,0.4953271028037383,10,1.3164803087711334,0.022342156618833542
02249,large-vehicle,full,62,95,6,0,68,157,0.9117647058823529,0.39490445859872614,0.5511111111111111,10,1.3296423871070147,0.02781834825873375
02249,large-vehicle,scale_prior,56,98,12,0,68,154,0.8235294117647058,0.36363636363636365,0.5045045045045045,10,1.22530354000628,0.02508225478231907
02249,large-vehicle,matched,58,91,10,0,68,149,0.8529411764705882,0.38926174496644295,0.5345622119815668,10,1.3299061357975006,0.02549939975142479
02249,large-vehicle,dense_1024,65,130,3,2,68,197,0.9558823529411765,0.3333333333333333,0.49429657794676807,18,2.356996325775981,0.03587152808904648
02249,large-vehicle,dense_both,68,304,0,2,68,374,1.0,0.1827956989247312,0.3090909090909091,78,10.007866658270359,0.07898183166980743
02249,small-vehicle,prompt,91,54,239,0,330,145,0.27575757575757576,0.6275862068965518,0.3831578947368421,10,1.419067446142435,0.021783892065286636
02249,small-vehicle,full,192,70,138,1,330,263,0.5818181818181818,0.732824427480916,0.6486486486486487,10,1.3294911086559296,0.04694434069097042
02249,small-vehicle,scale_prior,145,52,185,0,330,197,0.4393939393939394,0.7360406091370558,0.5502846299810247,10,1.232733927667141,0.03395300731062889
02249,small-vehicle,matched,145,52,185,0,330,197,0.4393939393939394,0.7360406091370558,0.5502846299810247,10,1.232733927667141,0.034056250005960464
02249,small-vehicle,dense_1024,309,99,21,1,330,409,0.9363636363636364,0.7573529411764706,0.8373983739837398,18,2.356996325775981,0.08300480805337429
02249,small-vehicle,dense_both,330,242,0,1,330,573,1.0,0.5769230769230769,0.7317073170731707,78,10.007866658270359,0.1450220849364996
02249,storage-tank,prompt,2,0,0,0,2,2,1.0,1.0,1.0,10,1.4233031123876572,0.0003815237432718277
02249,storage-tank,full,2,0,0,0,2,2,1.0,1.0,1.0,10,1.3336574081331491,0.0003389772027730942
02249,storage-tank,scale_prior,2,0,0,0,2,2,1.0,1.0,1.0,10,1.3329275157302618,0.00034322403371334076
02249,storage-tank,matched,2,0,0,0,2,2,1.0,1.0,1.0,10,1.3329275157302618,0.00033271312713623047
02249,storage-tank,dense_1024,2,0,0,0,2,2,1.0,1.0,1.0,18,2.356996325775981,0.000332685187458992
02249,storage-tank,dense_both,2,0,0,0,2,2,1.0,1.0,1.0,78,10.007866658270359,0.0008296407759189606
02286,airplane,prompt,39,2,6,1,45,42,0.8666666666666667,0.9512195121951219,0.9069767441860465,10,1.1928492579609156,0.01141873374581337
02286,airplane,full,42,4,3,1,45,47,0.9333333333333333,0.9130434782608695,0.9230769230769231,10,1.0942581165581942,0.012624356895685196
02286,airplane,scale_prior,42,4,3,1,45,47,0.9333333333333333,0.9130434782608695,0.9230769230769231,10,1.3244814071804285,0.009688619524240494
02286,airplane,matched,42,1,3,1,45,44,0.9333333333333333,0.9767441860465116,0.9545454545454546,10,1.30796461366117,0.011856190860271454
02286,airplane,dense_1024,42,4,3,1,45,47,0.9333333333333333,0.9130434782608695,0.9230769230769231,24,3.072735171765089,0.01161067746579647
02286,airplane,dense_both,44,3,1,1,45,48,0.9777777777777777,0.9361702127659575,0.9565217391304348,115,14.91770083643496,0.014857254922389984
02286,large-vehicle,prompt,3,12,28,0,31,15,0.0967741935483871,0.2,0.13043478260869565,10,1.2182164620608091,0.002310352399945259
02286,large-vehicle,full,3,16,28,2,31,21,0.0967741935483871,0.15789473684210525,0.12,10,1.140333317220211,0.0034234393388032913
02286,large-vehicle,scale_prior,4,22,27,2,31,28,0.12903225806451613,0.15384615384615385,0.14035087719298245,10,1.2392667941749096,0.0045950450003147125
02286,large-vehicle,matched,4,22,27,2,31,28,0.12903225806451613,0.15384615384615385,0.14035087719298245,10,1.2392667941749096,0.004613358527421951
02286,large-vehicle,dense_1024,11,37,20,2,31,50,0.3548387096774194,0.22916666666666666,0.27848101265822783,24,3.072735171765089,0.009419320151209831
02286,large-vehicle,dense_both,15,65,16,2,31,82,0.4838709677419355,0.1875,0.2702702702702703,115,14.91770083643496,0.01573246717453003
02286,small-vehicle,prompt,1,75,472,0,473,76,0.0021141649048625794,0.013157894736842105,0.0036429872495446266,10,1.214074807241559,0.011347174644470215
02286,small-vehicle,full,4,59,469,0,473,63,0.008456659619450317,0.06349206349206349,0.014925373134328358,10,1.0261654928326607,0.011993546038866043
02286,small-vehicle,scale_prior,6,95,467,0,473,101,0.012684989429175475,0.0594059405940594,0.020905923344947737,10,1.2378262877464294,0.021240631118416786
02286,small-vehicle,matched,3,68,470,0,473,71,0.006342494714587738,0.04225352112676056,0.011029411764705883,10,1.217992514371872,0.015514560043811798
02286,small-vehicle,dense_1024,8,137,465,0,473,145,0.016913319238900635,0.05517241379310345,0.025889967637540454,24,3.072735171765089,0.03165173530578613
02286,small-vehicle,dense_both,363,507,110,0,473,870,0.7674418604651163,0.41724137931034483,0.5405807892777365,115,14.91770083643496,0.1721904966980219
02287,large-vehicle,prompt,2,8,3,0,5,10,0.4,0.2,0.26666666666666666,10,1.080095523968339,0.0016326196491718292
02287,large-vehicle,full,4,11,1,0,5,15,0.8,0.26666666666666666,0.4,10,1.1926494799554348,0.0024091340601444244
02287,large-vehicle,scale_prior,2,14,3,0,5,16,0.4,0.125,0.19047619047619047,10,1.194848706945777,0.0019777026027441025
02287,large-vehicle,matched,2,15,3,0,5,17,0.4,0.11764705882352941,0.18181818181818182,10,1.2995265182107687,0.002168731763958931
02287,large-vehicle,dense_1024,5,26,0,0,5,31,1.0,0.16129032258064516,0.2777777777777778,24,2.916014276444912,0.0054281484335660934
02287,large-vehicle,dense_both,5,49,0,0,5,54,1.0,0.09259259259259259,0.1694915254237288,128,15.896465446799994,0.009802363812923431
02287,small-vehicle,prompt,179,78,363,0,542,257,0.33025830258302585,0.6964980544747081,0.44806007509386736,10,1.291307369247079,0.0366034097969532
02287,small-vehicle,full,198,87,344,0,542,285,0.36531365313653136,0.6947368421052632,0.4788391777509069,10,1.1972585450857878,0.044575367122888565
02287,small-vehicle,scale_prior,139,87,403,0,542,226,0.2564575645756458,0.6150442477876106,0.3619791666666667,10,1.2039942555129528,0.03499898873269558
02287,small-vehicle,matched,137,88,405,0,542,225,0.25276752767527677,0.6088888888888889,0.35723598435462844,10,1.2034362964332104,0.03367757797241211
02287,small-vehicle,dense_1024,489,204,53,0,542,693,0.9022140221402214,0.7056277056277056,0.7919028340080971,24,2.916014276444912,0.12878423929214478
02287,small-vehicle,dense_both,523,361,19,0,542,884,0.9649446494464945,0.5916289592760181,0.7335203366058906,128,15.896465446799994,0.22786937654018402
02287,swimming-pool,prompt,13,36,9,0,22,49,0.5909090909090909,0.2653061224489796,0.36619718309859156,10,1.3151891604065895,0.0068582650274038315
02287,swimming-pool,full,18,46,4,0,22,64,0.8181818181818182,0.28125,0.4186046511627907,10,1.217210292816162,0.008542453870177269
02287,swimming-pool,scale_prior,14,40,8,0,22,54,0.6363636363636364,0.25925925925925924,0.3684210526315789,10,1.2113423068076372,0.007754286751151085
02287,swimming-pool,matched,14,40,8,0,22,54,0.6363636363636364,0.25925925925925924,0.3684210526315789,10,1.2113423068076372,0.007760263979434967
02287,swimming-pool,dense_1024,19,57,3,0,22,76,0.8636363636363636,0.25,0.3877551020408163,24,2.916014276444912,0.01163187250494957
02287,swimming-pool,dense_both,21,161,1,0,22,182,0.9545454545454546,0.11538461538461539,0.20588235294117646,128,15.896465446799994,0.03414345160126686
02289,airplane,prompt,1,0,11,0,12,1,0.08333333333333333,1.0,0.15384615384615385,10,1.313427684828639,0.00033794157207012177
02289,airplane,full,4,2,8,0,12,6,0.3333333333333333,0.6666666666666666,0.4444444444444444,10,1.3148669209331274,0.0009459536522626877
02289,airplane,scale_prior,0,1,12,0,12,1,0.0,0.0,0.0,10,1.3205368034541607,0.00017867982387542725
02289,airplane,matched,1,1,11,0,12,2,0.08333333333333333,0.5,0.14285714285714285,10,1.2169387955218554,0.00036305375397205353
02289,airplane,dense_1024,11,5,1,1,12,17,0.9166666666666666,0.6875,0.7857142857142857,24,3.066854713484645,0.0031091291457414627
02289,airplane,dense_both,10,7,2,1,12,18,0.8333333333333334,0.5882352941176471,0.6896551724137931,115,14.880684532225132,0.004163287580013275
02289,small-vehicle,prompt,0,2,1096,0,1096,2,0.0,0.0,0.0,10,1.2198708094656467,0.0022547151893377304
02289,small-vehicle,full,0,26,1096,0,1096,26,0.0,0.0,0.0,10,1.4308718480169773,0.014020636677742004
02289,small-vehicle,scale_prior,0,3,1096,0,1096,3,0.0,0.0,0.0,10,1.222453698515892,0.00222865492105484
02289,small-vehicle,matched,0,9,1096,0,1096,9,0.0,0.0,0.0,10,1.334033790975809,0.003072652965784073
02289,small-vehicle,dense_1024,2,72,1094,0,1096,74,0.0018248175182481751,0.02702702702702703,0.003418803418803419,24,3.066854713484645,0.03284234181046486
02289,small-vehicle,dense_both,470,220,626,0,1096,690,0.42883211678832117,0.6811594202898551,0.5263157894736842,115,14.880684532225132,0.1840982735157013
02294,airplane,prompt,65,11,30,0,95,76,0.6842105263157895,0.8552631578947368,0.7602339181286549,10,1.199746921658516,0.014950767159461975
02294,airplane,full,84,23,11,0,95,107,0.8842105263157894,0.7850467289719626,0.8316831683168316,10,1.307001743465662,0.020334847271442413
02294,airplane,scale_prior,69,16,26,0,95,85,0.7263157894736842,0.8117647058823529,0.7666666666666667,10,1.3056078292429447,0.016743646934628487
02294,airplane,matched,69,16,26,0,95,85,0.7263157894736842,0.8117647058823529,0.7666666666666667,10,1.3056078292429447,0.01668720133602619
02294,airplane,dense_1024,88,26,7,0,95,114,0.9263157894736842,0.7719298245614035,0.8421052631578947,24,3.0353992599993944,0.025620851665735245
02294,airplane,dense_both,91,36,4,0,95,127,0.9578947368421052,0.7165354330708661,0.8198198198198198,115,14.534878604114056,0.03621342033147812
02294,storage-tank,prompt,0,0,6,0,6,0,0.0,0.0,0.0,10,1.1149361114948988,4.624389111995697e-05
02294,storage-tank,full,0,4,6,0,6,4,0.0,0.0,0.0,10,1.2261454164981842,0.00043665431439876556
02294,storage-tank,scale_prior,6,6,0,0,6,12,1.0,0.5,0.6666666666666666,10,1.3223380353301764,0.0016214661300182343
02294,storage-tank,matched,6,6,0,0,6,12,1.0,0.5,0.6666666666666666,10,1.3223380353301764,0.0016188565641641617
02294,storage-tank,dense_1024,6,8,0,0,6,14,1.0,0.42857142857142855,0.6,24,3.0353992599993944,0.0022491198033094406
02294,storage-tank,dense_both,6,13,0,0,6,19,1.0,0.3157894736842105,0.48,115,14.534878604114056,0.0035678166896104813
02300,large-vehicle,prompt,1,44,0,0,1,45,1.0,0.022222222222222223,0.043478260869565216,10,1.1767744608223438,0.006180502474308014
02300,large-vehicle,full,1,45,0,0,1,46,1.0,0.021739130434782608,0.0425531914893617,10,1.1796117965131998,0.00653948076069355
02300,large-vehicle,scale_prior,1,46,0,0,1,47,1.0,0.02127659574468085,0.041666666666666664,10,1.2896736599504948,0.006192805245518684
02300,large-vehicle,matched,1,46,0,0,1,47,1.0,0.02127659574468085,0.041666666666666664,10,1.3823386449366808,0.00626063346862793
02300,large-vehicle,dense_1024,1,59,0,0,1,60,1.0,0.016666666666666666,0.03278688524590164,24,2.9302704241126776,0.008231936022639275
02300,large-vehicle,dense_both,1,130,0,0,1,131,1.0,0.007633587786259542,0.015151515151515152,115,14.199496382847428,0.020997527986764908
02300,ship,prompt,0,2,1,0,1,2,0.0,0.0,0.0,10,1.2003605365753174,0.00026327185332775116
02300,ship,full,0,17,1,0,1,17,0.0,0.0,0.0,10,1.3163170479238033,0.0018863249570131302
02300,ship,scale_prior,0,14,1,0,1,14,0.0,0.0,0.0,10,1.2070293948054314,0.0015992801636457443
02300,ship,matched,0,16,1,0,1,16,0.0,0.0,0.0,10,1.2087666504085064,0.001782141625881195
02300,ship,dense_1024,0,30,1,0,1,30,0.0,0.0,0.0,24,2.9302704241126776,0.0035459548234939575
02300,ship,dense_both,1,42,0,0,1,43,1.0,0.023255813953488372,0.045454545454545456,115,14.199496382847428,0.005293551832437515
02300,small-vehicle,prompt,89,110,170,0,259,199,0.3436293436293436,0.4472361809045226,0.388646288209607,10,1.073429636657238,0.03302904590964317
02300,small-vehicle,full,145,180,114,0,259,325,0.5598455598455598,0.4461538461538462,0.4965753424657534,10,1.2927186582237482,0.060413114726543427
02300,small-vehicle,scale_prior,177,198,82,0,259,375,0.6833976833976834,0.472,0.5583596214511041,10,1.2015892956405878,0.06648622266948223
02300,small-vehicle,matched,141,159,118,0,259,300,0.5444015444015444,0.47,0.5044722719141324,10,1.192765960469842,0.058217260986566544
02300,small-vehicle,dense_1024,248,389,11,0,259,637,0.9575289575289575,0.3893249607535322,0.5535714285714286,24,2.9302704241126776,0.11581300757825375
02300,small-vehicle,dense_both,258,659,1,0,259,917,0.9961389961389961,0.2813522355507088,0.4387755102040816,115,14.199496382847428,0.19970113039016724
02300,swimming-pool,prompt,28,10,51,3,79,41,0.35443037974683544,0.7368421052631579,0.47863247863247865,10,1.1919358856976032,0.006458593532443047
02300,swimming-pool,full,43,19,36,4,79,66,0.5443037974683544,0.6935483870967742,0.6099290780141844,10,1.0787463393062353,0.012927217409014702
02300,swimming-pool,scale_prior,40,22,39,4,79,66,0.5063291139240507,0.6451612903225806,0.5673758865248227,10,1.1909547485411167,0.012253787368535995
02300,swimming-pool,matched,34,18,45,4,79,56,0.43037974683544306,0.6538461538461539,0.5190839694656488,10,1.1912833210080862,0.01019233651459217
02300,swimming-pool,dense_1024,74,40,5,4,79,118,0.9367088607594937,0.6491228070175439,0.7668393782383419,24,2.9302704241126776,0.023251507431268692
02300,swimming-pool,dense_both,78,66,1,4,79,148,0.9873417721518988,0.5416666666666666,0.6995515695067265,115,14.199496382847428,0.036743052303791046
02329,airplane,prompt,7,2,4,0,11,9,0.6363636363636364,0.7777777777777778,0.7,10,1.6129558738321066,0.002050992101430893
02329,airplane,full,9,2,2,0,11,11,0.8181818181818182,0.8181818181818182,0.8181818181818182,10,1.5081761963665485,0.002353765070438385
02329,airplane,scale_prior,8,2,3,0,11,10,0.7272727272727273,0.8,0.7619047619047619,10,1.514998672530055,0.0020329654216766357
02329,airplane,matched,9,2,2,0,11,11,0.8181818181818182,0.8181818181818182,0.8181818181818182,10,1.6119638923555613,0.0023133736103773117
02329,airplane,dense_1024,8,2,3,0,11,10,0.7272727272727273,0.8,0.7619047619047619,24,3.0416015405207872,0.0021926797926425934
02329,airplane,dense_both,10,2,1,1,11,13,0.9090909090909091,0.8333333333333334,0.8695652173913043,115,14.583526147529483,0.004058089107275009
02329,helicopter,prompt,1,0,0,0,1,1,1.0,1.0,1.0,10,1.3198995850980282,0.00023965351283550262
02329,helicopter,full,0,0,1,0,1,0,0.0,0.0,0.0,10,1.423966707661748,3.629922866821289e-05
02329,helicopter,scale_prior,0,0,1,0,1,0,0.0,0.0,0.0,10,1.3191246651113033,2.9606744647026062e-05
02329,helicopter,matched,0,0,1,0,1,0,0.0,0.0,0.0,10,1.419221617281437,2.6946887373924255e-05
02329,helicopter,dense_1024,0,1,1,1,1,2,0.0,0.0,0.0,24,3.0416015405207872,0.0004519950598478317
02329,helicopter,dense_both,1,3,0,1,1,5,1.0,0.25,0.4,115,14.583526147529483,0.0013711471110582352
02329,small-vehicle,prompt,0,3,18,0,18,3,0.0,0.0,0.0,10,1.328728947788477,0.0006408989429473877
02329,small-vehicle,full,0,2,18,0,18,2,0.0,0.0,0.0,10,1.426934676244855,0.0003881417214870453
02329,small-vehicle,scale_prior,0,26,18,0,18,26,0.0,0.0,0.0,10,1.4234347324818373,0.0036102700978517532
02329,small-vehicle,matched,0,3,18,0,18,3,0.0,0.0,0.0,10,1.4265254363417625,0.0006532501429319382
02329,small-vehicle,dense_1024,3,96,15,0,18,99,0.16666666666666666,0.030303030303030304,0.05128205128205128,24,3.0416015405207872,0.02332177944481373
02329,small-vehicle,dense_both,15,115,3,0,18,130,0.8333333333333334,0.11538461538461539,0.20270270270270271,115,14.583526147529483,0.03313928097486496
02330,airplane,prompt,14,6,5,8,19,28,0.7368421052631579,0.7,0.717948717948718,10,1.0955887325108051,0.008006298914551735
02330,airplane,full,17,12,2,10,19,39,0.8947368421052632,0.5862068965517241,0.7083333333333334,10,1.1943757683038712,0.010207431390881538
02330,airplane,scale_prior,9,6,10,7,19,22,0.47368421052631576,0.6,0.5294117647058824,10,1.207744674757123,0.006447894498705864
02330,airplane,matched,13,7,6,7,19,27,0.6842105263157895,0.65,0.6666666666666666,10,1.2027994617819786,0.007194409146904945
02330,airplane,dense_1024,17,11,2,9,19,37,0.8947368421052632,0.6071428571428571,0.723404255319149,24,3.0360076185315847,0.008668681606650352
02330,airplane,dense_both,18,21,1,11,19,50,0.9473684210526315,0.46153846153846156,0.6206896551724138,128,16.1000555716455,0.014941293746232986
02330,helicopter,prompt,0,1,1,2,1,3,0.0,0.0,0.0,10,1.3987887520343065,0.0009232554584741592
02330,helicopter,full,0,1,1,0,1,1,0.0,0.0,0.0,10,1.3062775023281574,0.00019550323486328125
02330,helicopter,scale_prior,0,1,1,0,1,1,0.0,0.0,0.0,10,1.2072489969432354,0.00018395856022834778
02330,helicopter,matched,0,1,1,0,1,1,0.0,0.0,0.0,10,1.2072489969432354,0.00015281513333320618
02330,helicopter,dense_1024,0,1,1,0,1,1,0.0,0.0,0.0,24,3.0360076185315847,0.00027241185307502747
02330,helicopter,dense_both,0,3,1,3,1,6,0.0,0.0,0.0,128,16.1000555716455,0.0018911994993686676
02330,large-vehicle,prompt,3,17,7,0,10,20,0.3,0.15,0.2,10,1.3101602625101805,0.0025399867445230484
02330,large-vehicle,full,1,23,9,0,10,24,0.1,0.041666666666666664,0.058823529411764705,10,1.5181201249361038,0.002819433808326721
02330,large-vehicle,scale_prior,1,19,9,0,10,20,0.1,0.05,0.06666666666666667,10,1.2145585175603628,0.002427147701382637
02330,large-vehicle,matched,1,21,9,0,10,22,0.1,0.045454545454545456,0.0625,10,1.3159948717802763,0.002593044191598892
02330,large-vehicle,dense_1024,8,30,2,0,10,38,0.8,0.21052631578947367,0.3333333333333333,24,3.0360076185315847,0.005567088723182678
02330,large-vehicle,dense_both,10,76,0,0,10,86,1.0,0.11627906976744186,0.20833333333333334,128,16.1000555716455,0.014081340283155441
02330,small-vehicle,prompt,9,7,227,0,236,16,0.038135593220338986,0.5625,0.07142857142857142,10,1.4166099596768618,0.003248749300837517
02330,small-vehicle,full,83,38,153,0,236,121,0.3516949152542373,0.6859504132231405,0.4649859943977591,10,1.213904520496726,0.02328658662736416
02330,small-vehicle,scale_prior,73,35,163,0,236,108,0.3093220338983051,0.6759259259259259,0.42441860465116277,10,1.115695919841528,0.021016249433159828
02330,small-vehicle,matched,83,38,153,0,236,121,0.3516949152542373,0.6859504132231405,0.4649859943977591,10,1.1151621136814356,0.023210303857922554
02330,small-vehicle,dense_1024,204,115,32,0,236,319,0.864406779661017,0.6394984326018809,0.7351351351351352,24,3.0360076185315847,0.06772635318338871
02330,small-vehicle,dense_both,224,207,12,0,236,431,0.9491525423728814,0.5197215777262181,0.671664167916042,128,16.1000555716455,0.10967970825731754
02368,large-vehicle,prompt,4,56,10,0,14,60,0.2857142857142857,0.06666666666666667,0.10810810810810811,10,1.1920424159616232,0.00780101865530014
02368,large-vehicle,full,12,47,2,0,14,59,0.8571428571428571,0.2033898305084746,0.3287671232876712,10,1.0977083649486303,0.009296970441937447
02368,large-vehicle,scale_prior,11,88,3,0,14,99,0.7857142857142857,0.1111111111111111,0.19469026548672566,10,1.4965343996882439,0.014517545700073242
02368,large-vehicle,matched,11,88,3,0,14,99,0.7857142857142857,0.1111111111111111,0.19469026548672566,10,1.4965343996882439,0.014527549967169762
02368,large-vehicle,dense_1024,13,138,1,0,14,151,0.9285714285714286,0.08609271523178808,0.15757575757575756,24,3.0371723510324955,0.030875379219651222
02368,large-vehicle,dense_both,14,212,0,0,14,226,1.0,0.061946902654867256,0.11666666666666667,115,14.476752975955606,0.050062861293554306
02368,small-vehicle,prompt,125,66,427,3,552,194,0.22644927536231885,0.6544502617801047,0.3364737550471063,10,1.100768554955721,0.03655447997152805
02368,small-vehicle,full,270,146,282,22,552,438,0.4891304347826087,0.6490384615384616,0.5578512396694215,10,1.2029377073049545,0.08818060345947742
02368,small-vehicle,scale_prior,197,130,355,17,552,344,0.35688405797101447,0.6024464831804281,0.4482366325369738,10,1.1985568292438984,0.06996082328259945
02368,small-vehicle,matched,197,131,355,17,552,345,0.35688405797101447,0.600609756097561,0.44772727272727275,10,1.2978614829480648,0.07027529180049896
02368,small-vehicle,dense_1024,429,252,123,42,552,723,0.7771739130434783,0.6299559471365639,0.6958637469586375,24,3.0371723510324955,0.17232106253504753
02368,small-vehicle,dense_both,535,463,17,75,552,1073,0.9692028985507246,0.5360721442885772,0.6903225806451613,115,14.476752975955606,0.29927244782447815
02394,large-vehicle,prompt,0,14,1,0,1,14,0.0,0.0,0.0,10,1.3420379757881165,0.0016334261745214462
02394,large-vehicle,full,0,21,1,0,1,21,0.0,0.0,0.0,10,1.2213593926280737,0.002466721460223198
02394,large-vehicle,scale_prior,0,18,1,0,1,18,0.0,0.0,0.0,10,1.2115433029830456,0.0020333323627710342
02394,large-vehicle,matched,0,19,1,0,1,19,0.0,0.0,0.0,10,1.2249210570007563,0.0019758548587560654
02394,large-vehicle,dense_1024,1,21,0,0,1,22,1.0,0.045454545454545456,0.08695652173913043,24,3.029331861063838,0.0029547587037086487
02394,large-vehicle,dense_both,0,37,1,0,1,37,0.0,0.0,0.0,115,14.586961882188916,0.005553167313337326
02394,small-vehicle,prompt,69,159,178,0,247,228,0.2793522267206478,0.3026315789473684,0.2905263157894737,10,1.244582338258624,0.03622218035161495
02394,small-vehicle,full,97,131,150,0,247,228,0.39271255060728744,0.42543859649122806,0.40842105263157896,10,1.313114708289504,0.03822552040219307
02394,small-vehicle,scale_prior,104,112,143,0,247,216,0.42105263157894735,0.48148148148148145,0.44924406047516197,10,1.1039316840469837,0.03239487670361996
02394,small-vehicle,matched,105,128,142,0,247,233,0.4251012145748988,0.45064377682403434,0.4375,10,1.2028860673308372,0.037032175809144974
02394,small-vehicle,dense_1024,184,171,63,0,247,355,0.7449392712550608,0.5183098591549296,0.6112956810631229,24,3.029331861063838,0.0640091635286808
02394,small-vehicle,dense_both,233,539,14,0,247,772,0.9433198380566802,0.3018134715025907,0.4573110893032385,115,14.586961882188916,0.16112042404711246
02394,storage-tank,prompt,0,0,2,0,2,0,0.0,0.0,0.0,10,1.3406813591718674,4.2479485273361206e-05
02394,storage-tank,full,0,0,2,0,2,0,0.0,0.0,0.0,10,1.3288887776434422,2.6123598217964172e-05
02394,storage-tank,scale_prior,0,0,2,0,2,0,0.0,0.0,0.0,10,1.12584956176579,2.292543649673462e-05
02394,storage-tank,matched,0,0,2,0,2,0,0.0,0.0,0.0,10,1.2269850485026836,2.176128327846527e-05
02394,storage-tank,dense_1024,0,3,2,0,2,3,0.0,0.0,0.0,24,3.029331861063838,0.00048145465552806854
02394,storage-tank,dense_both,1,7,1,0,2,8,0.5,0.125,0.2,115,14.586961882188916,0.0014028437435626984
02394,swimming-pool,prompt,62,30,179,0,241,92,0.2572614107883817,0.6739130434782609,0.37237237237237236,10,1.1001806780695915,0.015357842668890953
02394,swimming-pool,full,168,38,73,0,241,206,0.6970954356846473,0.8155339805825242,0.7516778523489933,10,1.1983224675059319,0.03692912869155407
02394,swimming-pool,scale_prior,125,31,116,0,241,156,0.5186721991701245,0.8012820512820513,0.6297229219143576,10,1.1933775953948498,0.03065928816795349
02394,swimming-pool,matched,148,35,93,0,241,183,0.6141078838174274,0.8087431693989071,0.6981132075471698,10,1.1948886327445507,0.03298140875995159
02394,swimming-pool,dense_1024,201,42,40,0,241,243,0.8340248962655602,0.8271604938271605,0.8305785123966942,24,3.029331861063838,0.04731788858771324
02394,swimming-pool,dense_both,203,115,38,0,241,318,0.8423236514522822,0.6383647798742138,0.7262969588550984,115,14.586961882188916,0.08030985295772552
02402,airplane,prompt,54,30,7,2,61,86,0.8852459016393442,0.6428571428571429,0.7448275862068966,10,1.1927904319018126,0.02100948989391327
02402,airplane,full,54,40,7,2,61,96,0.8852459016393442,0.574468085106383,0.6967741935483871,10,1.1914221569895744,0.02229878306388855
02402,airplane,scale_prior,56,35,5,2,61,93,0.9180327868852459,0.6153846153846154,0.7368421052631579,10,1.121878581121564,0.018006132915616035
02402,airplane,matched,54,29,7,2,61,85,0.8852459016393442,0.6506024096385542,0.75,10,1.1976939085870981,0.02000296860933304
02402,airplane,dense_1024,56,35,5,2,61,93,0.9180327868852459,0.6153846153846154,0.7368421052631579,24,3.0783146116882563,0.020172007381916046
02402,airplane,dense_both,57,46,4,2,61,105,0.9344262295081968,0.5533980582524272,0.6951219512195121,115,15.204879466444254,0.02945585921406746
02402,ship,prompt,125,48,188,0,313,173,0.3993610223642173,0.7225433526011561,0.51440329218107,10,1.240649925544858,0.03747878409922123
02402,ship,full,124,62,189,0,313,186,0.3961661341853035,0.6666666666666666,0.4969939879759519,10,1.3341000117361546,0.05416799895465374
02402,ship,scale_prior,69,58,244,0,313,127,0.22044728434504793,0.5433070866141733,0.31363636363636366,10,1.244242463260889,0.028397569432854652
02402,ship,matched,123,52,190,0,313,175,0.3929712460063898,0.7028571428571428,0.5040983606557377,10,1.2420826088637114,0.0420694500207901
02402,ship,dense_1024,38,88,275,0,313,126,0.12140575079872204,0.30158730158730157,0.17312072892938496,24,3.0783146116882563,0.03840813226997852
02402,ship,dense_both,132,106,181,0,313,238,0.4217252396166134,0.5546218487394958,0.4791288566243194,115,15.204879466444254,0.07152237929403782
02402,storage-tank,prompt,0,0,18,0,18,0,0.0,0.0,0.0,10,1.2474878244102001,9.091943502426147e-05
02402,storage-tank,full,0,0,18,0,18,0,0.0,0.0,0.0,10,1.3441458493471146,6.12698495388031e-05
02402,storage-tank,scale_prior,0,0,18,0,18,0,0.0,0.0,0.0,10,1.3424305506050587,5.822815001010895e-05
02402,storage-tank,matched,0,0,18,0,18,0,0.0,0.0,0.0,10,1.2416365221142769,5.577690899372101e-05
02402,storage-tank,dense_1024,5,14,13,0,18,19,0.2777777777777778,0.2631578947368421,0.2702702702702703,24,3.0783146116882563,0.003234976902604103
02402,storage-tank,dense_both,5,19,13,0,18,24,0.2777777777777778,0.20833333333333334,0.23809523809523808,115,15.204879466444254,0.0048856716603040695
02413,airplane,prompt,36,0,38,1,74,37,0.4864864864864865,1.0,0.6545454545454545,10,1.3021854367107153,0.008026733994483948
02413,airplane,full,47,2,27,1,74,50,0.6351351351351351,0.9591836734693877,0.7642276422764228,10,1.2925496101379395,0.009958876296877861
02413,airplane,scale_prior,29,4,45,0,74,33,0.3918918918918919,0.8787878787878788,0.5420560747663551,10,1.3558246027678251,0.007372308522462845
02413,airplane,matched,29,4,45,0,74,33,0.3918918918918919,0.8787878787878788,0.5420560747663551,10,1.3558246027678251,0.007360806688666344
02413,airplane,dense_1024,72,7,2,1,74,80,0.972972972972973,0.9113924050632911,0.9411764705882353,24,3.1063362564891577,0.016848037019371986
02413,airplane,dense_both,73,7,1,1,74,81,0.9864864864864865,0.9125,0.948051948051948,115,15.103801162913442,0.024635089561343193
02413,large-vehicle,prompt,0,2,6,0,6,2,0.0,0.0,0.0,10,1.1370535418391228,0.0002925153821706772
02413,large-vehicle,full,0,1,6,0,6,1,0.0,0.0,0.0,10,1.4198910295963287,0.00016295164823532104
02413,large-vehicle,scale_prior,3,16,3,0,6,19,0.5,0.15789473684210525,0.24,10,1.5346314944326878,0.0031126122921705246
02413,large-vehicle,matched,3,16,3,0,6,19,0.5,0.15789473684210525,0.24,10,1.5346314944326878,0.003110131248831749
02413,large-vehicle,dense_1024,3,36,3,0,6,39,0.5,0.07692307692307693,0.13333333333333333,24,3.1063362564891577,0.007680526003241539
02413,large-vehicle,dense_both,3,54,3,0,6,57,0.5,0.05263157894736842,0.09523809523809523,115,15.103801162913442,0.010162187740206718
02413,storage-tank,prompt,3,1,0,1,3,5,1.0,0.75,0.8571428571428571,10,1.358756523579359,0.001678764820098877
02413,storage-tank,full,3,1,0,1,3,5,1.0,0.75,0.8571428571428571,10,1.354780150577426,0.0016718767583370209
02413,storage-tank,scale_prior,3,1,0,1,3,5,1.0,0.75,0.8571428571428571,10,1.3583465479314327,0.0016777925193309784
02413,storage-tank,matched,3,1,0,1,3,5,1.0,0.75,0.8571428571428571,10,1.3583465479314327,0.0016694962978363037
02413,storage-tank,dense_1024,3,1,0,1,3,5,1.0,0.75,0.8571428571428571,24,3.1063362564891577,0.0013557542115449905
02413,storage-tank,dense_both,3,1,0,1,3,5,1.0,0.75,0.8571428571428571,115,15.103801162913442,0.0016802754253149033
02420,airplane,prompt,5,0,0,0,5,5,1.0,1.0,1.0,10,1.2436338402330875,0.001302795484662056
02420,airplane,full,5,0,0,0,5,5,1.0,1.0,1.0,10,1.2444466333836317,0.0012362226843833923
02420,airplane,scale_prior,5,0,0,0,5,5,1.0,1.0,1.0,10,1.2431669477373362,0.0011558104306459427
02420,airplane,matched,5,0,0,0,5,5,1.0,1.0,1.0,10,1.2436338402330875,0.001183362677693367
02420,airplane,dense_1024,5,1,0,0,5,6,1.0,0.8333333333333334,0.9090909090909091,24,3.2198240719735622,0.001483311876654625
02420,airplane,dense_both,5,5,0,0,5,10,1.0,0.5,0.6666666666666666,115,15.279687931761146,0.0023654233664274216
02420,small-vehicle,prompt,15,52,76,0,91,67,0.16483516483516483,0.22388059701492538,0.189873417721519,10,1.250303316861391,0.00929037295281887
02420,small-vehicle,full,0,32,91,0,91,32,0.0,0.0,0.0,10,1.3552477285265923,0.0052285026758909225
02420,small-vehicle,scale_prior,0,40,91,0,91,40,0.0,0.0,0.0,10,1.354340860620141,0.006580652669072151
02420,small-vehicle,matched,0,40,91,0,91,40,0.0,0.0,0.0,10,1.354340860620141,0.0065772756934165955
02420,small-vehicle,dense_1024,0,73,91,0,91,73,0.0,0.0,0.0,24,3.2198240719735622,0.015959782525897026
02420,small-vehicle,dense_both,86,193,5,0,91,279,0.945054945054945,0.30824372759856633,0.4648648648648649,115,15.279687931761146,0.05668255500495434
02424,airplane,prompt,6,2,0,1,6,9,1.0,0.75,0.8571428571428571,10,1.4153586756438017,0.0017988812178373337
02424,airplane,full,6,0,0,1,6,7,1.0,1.0,1.0,10,1.4150227271020412,0.0014414414763450623
02424,airplane,scale_prior,3,0,3,1,6,4,0.5,1.0,0.6666666666666666,10,1.210275772958994,0.0007091592997312546
02424,airplane,matched,6,2,0,1,6,9,1.0,0.75,0.8571428571428571,10,1.419415483251214,0.001662304624915123
02424,airplane,dense_1024,6,0,0,1,6,7,1.0,1.0,1.0,24,3.035127514973283,0.0014182254672050476
02424,airplane,dense_both,6,2,0,2,6,10,1.0,0.75,0.8571428571428571,115,14.543849684298038,0.002592768520116806
02424,large-vehicle,prompt,0,8,3,0,3,8,0.0,0.0,0.0,10,1.3398969918489456,0.0010428465902805328
02424,large-vehicle,full,0,20,3,0,3,20,0.0,0.0,0.0,10,1.339645367115736,0.00227956660091877
02424,large-vehicle,scale_prior,0,20,3,0,3,20,0.0,0.0,0.0,10,1.2391129583120346,0.002272544428706169
02424,large-vehicle,matched,0,20,3,0,3,20,0.0,0.0,0.0,10,1.239659819751978,0.002247817814350128
02424,large-vehicle,dense_1024,3,29,0,1,3,33,1.0,0.09375,0.17142857142857143,24,3.035127514973283,0.005147866904735565
02424,large-vehicle,dense_both,3,39,0,1,3,43,1.0,0.07142857142857142,0.13333333333333333,115,14.543849684298038,0.007328378036618233
02424,small-vehicle,prompt,254,68,424,0,678,322,0.3746312684365782,0.7888198757763976,0.508,10,1.145369179546833,0.07308064214885235
02424,small-vehicle,full,251,75,427,0,678,326,0.3702064896755162,0.7699386503067485,0.5,10,1.4420619402080774,0.0801413431763649
02424,small-vehicle,scale_prior,251,66,427,0,678,317,0.3702064896755162,0.7917981072555205,0.5045226130653266,10,1.1389228757470846,0.07329954393208027
02424,small-vehicle,matched,251,75,427,0,678,326,0.3702064896755162,0.7699386503067485,0.5,10,1.339223949238658,0.0810194592922926
02424,small-vehicle,dense_1024,3,65,675,1,678,69,0.004424778761061947,0.04411764705882353,0.00804289544235925,24,3.035127514973283,0.020936012268066406
02424,small-vehicle,dense_both,552,272,126,44,678,868,0.8141592920353983,0.6699029126213593,0.7350199733688415,115,14.543849684298038,0.2223793026059866
02424,swimming-pool,prompt,0,1,1,0,1,1,0.0,0.0,0.0,10,1.2453451808542013,0.00020925141870975494
02424,swimming-pool,full,1,5,0,0,1,6,1.0,0.16666666666666666,0.2857142857142857,10,1.2235135715454817,0.0011517815291881561
02424,swimming-pool,scale_prior,1,5,0,0,1,6,1.0,0.16666666666666666,0.2857142857142857,10,1.1150920875370502,0.0010326970368623734
02424,swimming-pool,matched,1,5,0,0,1,6,1.0,0.16666666666666666,0.2857142857142857,10,1.1144327595829964,0.0010654926300048828
02424,swimming-pool,dense_1024,1,5,0,0,1,6,1.0,0.16666666666666666,0.2857142857142857,24,3.035127514973283,0.001263696700334549
02424,swimming-pool,dense_both,1,6,0,0,1,7,1.0,0.14285714285714285,0.25,115,14.543849684298038,0.002057047560811043
02438,airplane,prompt,15,0,2,0,17,15,0.8823529411764706,1.0,0.9375,10,1.4376419484615326,0.0026663150638341904
02438,airplane,full,17,0,0,0,17,17,1.0,1.0,1.0,10,1.348797146230936,0.0028322823345661163
02438,airplane,scale_prior,17,0,0,0,17,17,1.0,1.0,1.0,10,1.2402954045683146,0.002830544486641884
02438,airplane,matched,15,0,2,0,17,15,0.8823529411764706,1.0,0.9375,10,1.3359583113342524,0.002214008942246437
02438,airplane,dense_1024,17,0,0,0,17,17,1.0,1.0,1.0,24,3.2051535435020924,0.0028131473809480667
02438,airplane,dense_both,17,2,0,0,17,19,1.0,0.8947368421052632,0.9444444444444444,115,15.114357504993677,0.004468891769647598
02438,large-vehicle,prompt,1,3,4,0,5,4,0.2,0.25,0.2222222222222222,10,1.2317083962261677,0.0005211103707551956
02438,large-vehicle,full,0,4,5,0,5,4,0.0,0.0,0.0,10,1.3327583651989698,0.00042244791984558105
02438,large-vehicle,scale_prior,0,4,5,0,5,4,0.0,0.0,0.0,10,1.3378779217600822,0.0004149731248617172
02438,large-vehicle,matched,1,4,4,0,5,5,0.2,0.2,0.2,10,1.3350004591047764,0.0005828794091939926
02438,large-vehicle,dense_1024,4,13,1,0,5,17,0.8,0.23529411764705882,0.36363636363636365,24,3.2051535435020924,0.0024569574743509293
02438,large-vehicle,dense_both,5,18,0,0,5,23,1.0,0.21739130434782608,0.35714285714285715,115,15.114357504993677,0.0038224048912525177
02438,ship,prompt,1,7,1,0,2,8,0.5,0.125,0.2,10,1.1322653628885746,0.0009117498993873596
02438,ship,full,1,6,1,0,2,7,0.5,0.14285714285714285,0.2222222222222222,10,1.2397626414895058,0.0007854234427213669
02438,ship,scale_prior,1,3,1,0,2,4,0.5,0.25,0.3333333333333333,10,1.3467139098793268,0.000510161742568016
02438,ship,matched,1,3,1,0,2,4,0.5,0.25,0.3333333333333333,10,1.2456901725381613,0.000508798286318779
02438,ship,dense_1024,1,5,1,0,2,6,0.5,0.16666666666666666,0.25,24,3.2051535435020924,0.0007263477891683578
02438,ship,dense_both,2,19,0,0,2,21,1.0,0.09523809523809523,0.17391304347826086,115,15.114357504993677,0.003025529906153679
02438,small-vehicle,prompt,3,16,87,0,90,19,0.03333333333333333,0.15789473684210525,0.05504587155963303,10,1.3404763843864202,0.0024967212229967117
02438,small-vehicle,full,9,43,81,0,90,52,0.1,0.17307692307692307,0.1267605633802817,10,1.340355148538947,0.008439425379037857
02438,small-vehicle,scale_prior,9,48,81,0,90,57,0.1,0.15789473684210525,0.12244897959183673,10,1.4455745033919811,0.00916127860546112
02438,small-vehicle,matched,9,48,81,0,90,57,0.1,0.15789473684210525,0.12244897959183673,10,1.3418519720435143,0.009114235639572144
02438,small-vehicle,dense_1024,18,72,72,0,90,90,0.2,0.2,0.2,24,3.2051535435020924,0.017320211976766586
02438,small-vehicle,dense_both,81,194,9,0,90,275,0.9,0.29454545454545455,0.4438356164383562,115,15.114357504993677,0.06273230351507664
02438,swimming-pool,prompt,2,1,0,0,2,3,1.0,0.6666666666666666,0.8,10,1.2278821729123592,0.0007677413523197174
02438,swimming-pool,full,2,1,0,0,2,3,1.0,0.6666666666666666,0.8,10,1.3336739428341389,0.0007349308580160141
02438,swimming-pool,scale_prior,2,0,0,0,2,2,1.0,1.0,1.0,10,1.3371868282556534,0.00048319995403289795
02438,swimming-pool,matched,2,1,0,0,2,3,1.0,0.6666666666666666,0.8,10,1.2341064009815454,0.0007172543555498123
02438,swimming-pool,dense_1024,2,0,0,0,2,2,1.0,1.0,1.0,24,3.2051535435020924,0.00041250698268413544
02438,swimming-pool,dense_both,2,2,0,0,2,4,1.0,0.5,0.6666666666666666,115,15.114357504993677,0.0009100921452045441
02443,airplane,prompt,12,2,18,0,30,14,0.4,0.8571428571428571,0.5454545454545454,10,1.4185292907059193,0.0026733819395303726
02443,airplane,full,21,1,9,0,30,22,0.7,0.9545454545454546,0.8076923076923077,10,1.4752209465950727,0.003781283274292946
02443,airplane,scale_prior,25,2,5,0,30,27,0.8333333333333334,0.9259259259259259,0.8771929824561403,10,1.376633794978261,0.005038777366280556
02443,airplane,matched,19,2,11,0,30,21,0.6333333333333333,0.9047619047619048,0.7450980392156863,10,1.3789743594825268,0.004009922966361046
02443,airplane,dense_1024,25,4,5,0,30,29,0.8333333333333334,0.8620689655172413,0.847457627118644,24,3.1378571316599846,0.005583187565207481
02443,airplane,dense_both,29,7,1,0,30,36,0.9666666666666667,0.8055555555555556,0.8787878787878788,115,14.932075889781117,0.008967259898781776
02443,large-vehicle,prompt,0,2,2,0,2,2,0.0,0.0,0.0,10,1.323343463242054,0.00029817037284374237
02443,large-vehicle,full,0,3,2,0,2,3,0.0,0.0,0.0,10,1.1162328273057938,0.0003695804625749588
02443,large-vehicle,scale_prior,0,5,2,0,2,5,0.0,0.0,0.0,10,1.2771073710173368,0.0006524883210659027
02443,large-vehicle,matched,0,8,2,0,2,8,0.0,0.0,0.0,10,1.277855422347784,0.0010697636753320694
02443,large-vehicle,dense_1024,1,28,1,0,2,29,0.5,0.034482758620689655,0.06451612903225806,24,3.1378571316599846,0.003295931965112686
02443,large-vehicle,dense_both,1,69,1,0,2,70,0.5,0.014285714285714285,0.027777777777777776,115,14.932075889781117,0.010543270036578178
02443,small-vehicle,prompt,46,9,128,0,174,55,0.26436781609195403,0.8363636363636363,0.4017467248908297,10,1.3342166990041733,0.009504066780209541
02443,small-vehicle,full,0,16,174,0,174,16,0.0,0.0,0.0,10,1.1174707170575857,0.003997456282377243
02443,small-vehicle,scale_prior,1,18,173,0,174,19,0.005747126436781609,0.05263157894736842,0.010362694300518135,10,1.17876504547894,0.004368657246232033
02443,small-vehicle,matched,1,18,173,0,174,19,0.005747126436781609,0.05263157894736842,0.010362694300518135,10,1.2785489447414875,0.004391627386212349
02443,small-vehicle,dense_1024,2,59,172,0,174,61,0.011494252873563218,0.03278688524590164,0.01702127659574468,24,3.1378571316599846,0.01297769695520401
02443,small-vehicle,dense_both,125,121,49,0,174,246,0.7183908045977011,0.508130081300813,0.5952380952380952,115,14.932075889781117,0.05379726551473141
02444,airplane,prompt,8,3,3,0,11,11,0.7272727272727273,0.7272727272727273,0.7272727272727273,10,1.427416205406189,0.0021319258958101273
02444,airplane,full,7,3,4,0,11,10,0.6363636363636364,0.7,0.6666666666666666,10,1.1170939709991217,0.0019125491380691528
02444,airplane,scale_prior,8,3,3,0,11,11,0.7272727272727273,0.7272727272727273,0.7272727272727273,10,1.3222680687904358,0.0020527299493551254
02444,airplane,matched,8,3,3,0,11,11,0.7272727272727273,0.7272727272727273,0.7272727272727273,10,1.3222680687904358,0.0020532608032226562
02444,airplane,dense_1024,8,3,3,0,11,11,0.7272727272727273,0.7272727272727273,0.7272727272727273,24,3.040705820545554,0.0020359233021736145
02444,airplane,dense_both,9,2,2,0,11,11,0.8181818181818182,0.8181818181818182,0.8181818181818182,115,14.903803288936615,0.002615872770547867
02444,small-vehicle,prompt,32,123,198,0,230,155,0.1391304347826087,0.2064516129032258,0.16623376623376623,10,1.3256247788667679,0.02525828406214714
02444,small-vehicle,full,0,9,230,0,230,9,0.0,0.0,0.0,10,1.211705595254898,0.0013676658272743225
02444,small-vehicle,scale_prior,0,5,230,0,230,5,0.0,0.0,0.0,10,1.2128356453031301,0.0010111574083566666
02444,small-vehicle,matched,0,11,230,0,230,11,0.0,0.0,0.0,10,1.3207340743392706,0.0016404800117015839
02444,small-vehicle,dense_1024,0,19,230,0,230,19,0.0,0.0,0.0,24,3.040705820545554,0.0035697873681783676
02444,small-vehicle,dense_both,63,259,167,0,230,322,0.27391304347826084,0.1956521739130435,0.22826086956521738,115,14.903803288936615,0.0619567446410656
02444,storage-tank,prompt,0,2,2,0,2,2,0.0,0.0,0.0,10,1.4144154749810696,0.00033430010080337524
02444,storage-tank,full,2,3,0,0,2,5,1.0,0.4,0.5714285714285714,10,1.209986275061965,0.0006466247141361237
02444,storage-tank,scale_prior,0,2,2,0,2,2,0.0,0.0,0.0,10,1.2105080895125866,0.0002442188560962677
02444,storage-tank,matched,0,2,2,0,2,2,0.0,0.0,0.0,10,1.2105080895125866,0.00023447535932064056
02444,storage-tank,dense_1024,2,3,0,0,2,5,1.0,0.4,0.5714285714285714,24,3.040705820545554,0.0005861837416887283
02444,storage-tank,dense_both,2,5,0,0,2,7,1.0,0.2857142857142857,0.4444444444444444,115,14.903803288936615,0.001081632450222969
02455,large-vehicle,prompt,0,32,25,0,25,32,0.0,0.0,0.0,10,1.1296666841953993,0.003976164385676384
02455,large-vehicle,full,4,25,21,0,25,29,0.16,0.13793103448275862,0.14814814814814814,10,1.2464102562516928,0.004295196384191513
02455,large-vehicle,scale_prior,2,20,23,0,25,22,0.08,0.09090909090909091,0.0851063829787234,10,1.3559191040694714,0.0027884412556886673
02455,large-vehicle,matched,2,20,23,0,25,22,0.08,0.09090909090909091,0.0851063829787234,10,1.3467534072697163,0.0028430428355932236
02455,large-vehicle,dense_1024,22,131,3,0,25,153,0.88,0.1437908496732026,0.24719101123595505,24,3.2230272982269526,0.025029119104146957
02455,large-vehicle,dense_both,25,397,0,0,25,422,1.0,0.05924170616113744,0.11185682326621924,115,15.288957396522164,0.07988210394978523
02455,small-vehicle,prompt,35,25,192,0,227,60,0.15418502202643172,0.5833333333333334,0.24390243902439024,10,1.042494861409068,0.010731412097811699
02455,small-vehicle,full,55,31,172,0,227,86,0.2422907488986784,0.6395348837209303,0.3514376996805112,10,1.3526648133993149,0.01750391721725464
02455,small-vehicle,scale_prior,72,37,155,1,227,110,0.31718061674008813,0.6605504587155964,0.42857142857142855,10,1.4517680704593658,0.01912052556872368
02455,small-vehicle,matched,72,37,155,1,227,110,0.31718061674008813,0.6605504587155964,0.42857142857142855,10,1.4517680704593658,0.01911650411784649
02455,small-vehicle,dense_1024,216,63,11,1,227,280,0.9515418502202643,0.7741935483870968,0.8537549407114624,24,3.2230272982269526,0.05576816387474537
02455,small-vehicle,dense_both,225,114,2,1,227,340,0.9911894273127754,0.6637168141592921,0.7950530035335689,115,15.288957396522164,0.08404782600700855
02463,airplane,prompt,30,2,29,0,59,32,0.5084745762711864,0.9375,0.6593406593406593,10,1.413233406841755,0.006353899836540222
02463,airplane,full,36,1,23,0,59,37,0.6101694915254238,0.972972972972973,0.75,10,1.3049090597778559,0.007090233266353607
02463,airplane,scale_prior,26,1,33,0,59,27,0.4406779661016949,0.9629629629629629,0.6046511627906976,10,1.3896692600101233,0.005337966606020927
02463,airplane,matched,26,1,33,0,59,27,0.4406779661016949,0.9629629629629629,0.6046511627906976,10,1.3903699442744255,0.005338704213500023
02463,airplane,dense_1024,53,6,6,0,59,59,0.8983050847457628,0.8983050847457628,0.8983050847457628,24,2.975372638553381,0.014231547713279724
02463,airplane,dense_both,54,9,5,0,59,63,0.9152542372881356,0.8571428571428571,0.8852459016393442,115,14.461885964497924,0.019201429560780525
02463,large-vehicle,prompt,0,1,4,0,4,1,0.0,0.0,0.0,10,1.217163823544979,0.00016864202916622162
02463,large-vehicle,full,1,12,3,0,4,13,0.25,0.07692307692307693,0.11764705882352941,10,1.1822929866611958,0.0014524850994348526
02463,large-vehicle,scale_prior,1,11,3,0,4,12,0.25,0.08333333333333333,0.125,10,1.091548966243863,0.0013352185487747192
02463,large-vehicle,matched,1,12,3,0,4,13,0.25,0.07692307692307693,0.11764705882352941,10,1.0869474094361067,0.001422358676791191
02463,large-vehicle,dense_1024,2,24,2,0,4,26,0.5,0.07692307692307693,0.13333333333333333,24,2.975372638553381,0.0036183763295412064
02463,large-vehicle,dense_both,2,34,2,0,4,36,0.5,0.05555555555555555,0.1,115,14.461885964497924,0.005461979657411575
02463,small-vehicle,prompt,19,11,498,0,517,30,0.0367504835589942,0.6333333333333333,0.06946983546617916,10,1.119088638573885,0.005923958495259285
02463,small-vehicle,full,5,14,512,0,517,19,0.009671179883945842,0.2631578947368421,0.018656716417910446,10,1.186366494745016,0.00419490784406662
02463,small-vehicle,scale_prior,5,19,512,0,517,24,0.009671179883945842,0.20833333333333334,0.018484288354898338,10,1.0991056822240353,0.005906064063310623
02463,small-vehicle,matched,6,26,511,0,517,32,0.01160541586073501,0.1875,0.02185792349726776,10,1.0945147182792425,0.00839150883257389
02463,small-vehicle,dense_1024,21,108,496,0,517,129,0.04061895551257253,0.16279069767441862,0.06501547987616099,24,2.975372638553381,0.03418191149830818
02463,small-vehicle,dense_both,395,312,122,0,517,707,0.7640232108317214,0.5586987270155587,0.6454248366013072,115,14.461885964497924,0.1729249320924282
02463,swimming-pool,prompt,1,10,2,0,3,11,0.3333333333333333,0.09090909090909091,0.14285714285714285,10,1.0964423436671495,0.0015954915434122086
02463,swimming-pool,full,2,11,1,0,3,13,0.6666666666666666,0.15384615384615385,0.25,10,1.0949923377484083,0.0023355986922979355
02463,swimming-pool,scale_prior,2,10,1,0,3,12,0.6666666666666666,0.16666666666666666,0.26666666666666666,10,0.9883987028151751,0.002225104719400406
02463,swimming-pool,matched,2,10,1,0,3,12,0.6666666666666666,0.16666666666666666,0.26666666666666666,10,0.9883987028151751,0.0021645240485668182
02463,swimming-pool,dense_1024,2,12,1,0,3,14,0.6666666666666666,0.14285714285714285,0.23529411764705882,24,2.975372638553381,0.0024285726249217987
02463,swimming-pool,dense_both,0,20,3,0,3,20,0.0,0.0,0.0,115,14.461885964497924,0.0039051715284585953
02474,airplane,prompt,15,3,6,1,21,19,0.7142857142857143,0.8333333333333334,0.7692307692307693,10,1.313722088932991,0.0038822758942842484
02474,airplane,full,20,0,1,1,21,21,0.9523809523809523,1.0,0.975609756097561,10,1.4294322412461042,0.005068439990282059
02474,airplane,scale_prior,20,0,1,1,21,21,0.9523809523809523,1.0,0.975609756097561,10,1.322574008256197,0.005619220435619354
02474,airplane,matched,20,0,1,1,21,21,0.9523809523809523,1.0,0.975609756097561,10,1.322574008256197,0.005644466727972031
02474,airplane,dense_1024,20,0,1,1,21,21,0.9523809523809523,1.0,0.975609756097561,24,3.203643621876836,0.005061803385615349
02474,airplane,dense_both,21,4,0,1,21,26,1.0,0.84,0.9130434782608695,115,15.402266878634691,0.00796770304441452
02474,large-vehicle,prompt,1,2,0,0,1,3,1.0,0.3333333333333333,0.5,10,1.1268152929842472,0.0005476865917444229
02474,large-vehicle,full,1,3,0,0,1,4,1.0,0.25,0.4,10,1.3255390021950006,0.0008948147296905518
02474,large-vehicle,scale_prior,1,3,0,0,1,4,1.0,0.25,0.4,10,1.3358701206743717,0.0008792374283075333
02474,large-vehicle,matched,1,3,0,0,1,4,1.0,0.25,0.4,10,1.3358701206743717,0.0008658301085233688
02474,large-vehicle,dense_1024,1,4,0,0,1,5,1.0,0.2,0.3333333333333333,24,3.203643621876836,0.0011599566787481308
02474,large-vehicle,dense_both,1,11,0,0,1,12,1.0,0.08333333333333333,0.15384615384615385,115,15.402266878634691,0.0025346819311380386
02474,small-vehicle,prompt,1,0,16,0,17,1,0.058823529411764705,1.0,0.1111111111111111,10,1.2357864286750555,0.0003514457494020462
02474,small-vehicle,full,2,1,15,0,17,3,0.11764705882352941,0.6666666666666666,0.2,10,1.2336691208183765,0.0007896795868873596
02474,small-vehicle,scale_prior,15,14,2,0,17,29,0.8823529411764706,0.5172413793103449,0.6521739130434783,10,1.133208241313696,0.0043204165995121
02474,small-vehicle,matched,15,14,2,0,17,29,0.8823529411764706,0.5172413793103449,0.6521739130434783,10,1.133208241313696,0.0043315645307302475
02474,small-vehicle,dense_1024,17,23,0,0,17,40,1.0,0.425,0.5964912280701754,24,3.203643621876836,0.006666507571935654
02474,small-vehicle,dense_both,17,37,0,0,17,54,1.0,0.3148148148148148,0.4788732394366197,115,15.402266878634691,0.010799376294016838
02482,airplane,prompt,1,0,0,0,1,1,1.0,1.0,1.0,10,1.1179688517004251,0.00039939209818840027
02482,airplane,full,1,0,0,0,1,1,1.0,1.0,1.0,10,1.2191521972417831,0.00045589543879032135
02482,airplane,scale_prior,1,0,0,0,1,1,1.0,1.0,1.0,10,1.226257061585784,0.0004132073372602463
02482,airplane,matched,1,0,0,0,1,1,1.0,1.0,1.0,10,1.2242143228650093,0.00046902336180210114
02482,airplane,dense_1024,1,0,0,0,1,1,1.0,1.0,1.0,24,3.0908650904893875,0.00041924603283405304
02482,airplane,dense_both,1,1,0,0,1,2,1.0,0.5,0.6666666666666666,115,14.90829242579639,0.0006907936185598373
02482,helicopter,prompt,2,0,1,0,3,2,0.6666666666666666,1.0,0.8,10,1.121082168072462,0.0005824435502290726
02482,helicopter,full,1,0,2,0,3,1,0.3333333333333333,1.0,0.5,10,1.2288360092788935,0.00040116719901561737
02482,helicopter,scale_prior,1,0,2,0,3,1,0.3333333333333333,1.0,0.5,10,1.230000475421548,0.000354524701833725
02482,helicopter,matched,1,0,2,0,3,1,0.3333333333333333,1.0,0.5,10,1.2313873339444399,0.00029650144279003143
02482,helicopter,dense_1024,1,0,2,0,3,1,0.3333333333333333,1.0,0.5,24,3.0908650904893875,0.00038767606019973755
02482,helicopter,dense_both,2,0,1,0,3,2,0.6666666666666666,1.0,0.8,115,14.90829242579639,0.0008221380412578583
02482,small-vehicle,prompt,7,12,74,0,81,19,0.08641975308641975,0.3684210526315789,0.14,10,1.1185621805489063,0.003317650407552719
02482,small-vehicle,full,1,15,80,0,81,16,0.012345679012345678,0.0625,0.020618556701030927,10,1.1283517554402351,0.0028541255742311478
02482,small-vehicle,scale_prior,1,15,80,0,81,16,0.012345679012345678,0.0625,0.020618556701030927,10,1.2269963789731264,0.002828385680913925
02482,small-vehicle,matched,1,15,80,0,81,16,0.012345679012345678,0.0625,0.020618556701030927,10,1.2269963789731264,0.0028350912034511566
02482,small-vehicle,dense_1024,2,18,79,0,81,20,0.024691358024691357,0.1,0.039603960396039604,24,3.0908650904893875,0.003471795469522476
02482,small-vehicle,dense_both,19,69,62,0,81,88,0.2345679012345679,0.2159090909090909,0.22485207100591717,115,14.90829242579639,0.02033017762005329
02482,storage-tank,prompt,1,1,0,0,1,2,1.0,0.5,0.6666666666666666,10,1.1110920030623674,0.00041081011295318604
02482,storage-tank,full,1,1,0,0,1,2,1.0,0.5,0.6666666666666666,10,1.2160479985177517,0.00031536445021629333
02482,storage-tank,scale_prior,0,1,1,0,1,1,0.0,0.0,0.0,10,1.2182309795171022,0.00016318634152412415
02482,storage-tank,matched,1,1,0,0,1,2,1.0,0.5,0.6666666666666666,10,1.2184124514460564,0.0002720039337873459
02482,storage-tank,dense_1024,0,1,1,0,1,1,0.0,0.0,0.0,24,3.0908650904893875,0.00014334730803966522
02482,storage-tank,dense_both,1,1,0,0,1,2,1.0,0.5,0.6666666666666666,115,14.90829242579639,0.00045161880552768707
02483,large-vehicle,prompt,11,34,36,0,47,45,0.23404255319148937,0.24444444444444444,0.2391304347826087,10,1.4084663949906826,0.0063048843294382095
02483,large-vehicle,full,23,40,24,1,47,64,0.48936170212765956,0.36507936507936506,0.41818181818181815,10,1.208601213991642,0.011901255697011948
02483,large-vehicle,scale_prior,21,41,26,0,47,62,0.44680851063829785,0.3387096774193548,0.3853211009174312,10,1.2077328562736511,0.010952925309538841
02483,large-vehicle,matched,21,41,26,0,47,62,0.44680851063829785,0.3387096774193548,0.3853211009174312,10,1.2077328562736511,0.010701093822717667
02483,large-vehicle,dense_1024,25,82,22,4,47,111,0.5319148936170213,0.2336448598130841,0.3246753246753247,24,2.921389125287533,0.022003062069416046
02483,large-vehicle,dense_both,34,158,13,4,47,196,0.723404255319149,0.17708333333333334,0.28451882845188287,115,14.332706270739436,0.03908233530819416
02483,ship,prompt,6,21,29,13,35,40,0.17142857142857143,0.2222222222222222,0.1935483870967742,10,1.3141555283218622,0.009773675352334976
02483,ship,full,12,29,23,17,35,58,0.34285714285714286,0.2926829268292683,0.3157894736842105,10,1.2111753318458796,0.015012672170996666
02483,ship,scale_prior,14,31,21,17,35,62,0.4,0.3111111111111111,0.35,10,1.2113295029848814,0.015176620334386826
02483,ship,matched,13,29,22,17,35,59,0.37142857142857144,0.30952380952380953,0.33766233766233766,10,1.1072120554745197,0.014632128179073334
02483,ship,dense_1024,17,33,18,14,35,64,0.4857142857142857,0.34,0.4,24,2.921389125287533,0.016171680763363838
02483,ship,dense_both,28,95,7,19,35,142,0.8,0.22764227642276422,0.35443037974683544,115,14.332706270739436,0.038126152008771896
02483,storage-tank,prompt,108,26,10,0,118,134,0.9152542372881356,0.8059701492537313,0.8571428571428571,10,1.3170374389737844,0.026821792125701904
02483,storage-tank,full,112,24,6,0,118,136,0.9491525423728814,0.8235294117647058,0.8818897637795275,10,1.21099984459579,0.031104087829589844
02483,storage-tank,scale_prior,112,32,6,0,118,144,0.9491525423728814,0.7777777777777778,0.8549618320610687,10,1.1039461344480515,0.030469877645373344
02483,storage-tank,matched,112,32,6,0,118,144,0.9491525423728814,0.7777777777777778,0.8549618320610687,10,1.1039461344480515,0.030350472778081894
02483,storage-tank,dense_1024,113,14,5,0,118,127,0.9576271186440678,0.889763779527559,0.9224489795918367,24,2.921389125287533,0.0235357116907835
02483,storage-tank,dense_both,111,54,7,0,118,165,0.940677966101695,0.6727272727272727,0.784452296819788,115,14.332706270739436,0.039632923901081085
02492,swimming-pool,prompt,0,5,1,0,1,5,0.0,0.0,0.0,10,1.341325506567955,0.0006384570151567459
02492,swimming-pool,full,1,4,0,0,1,5,1.0,0.2,0.3333333333333333,10,1.35133533552289,0.0007433276623487473
02492,swimming-pool,scale_prior,1,4,0,0,1,5,1.0,0.2,0.3333333333333333,10,1.253069180995226,0.0006320197135210037
02492,swimming-pool,matched,1,3,0,0,1,4,1.0,0.25,0.4,10,1.351104924455285,0.0005038492381572723
02492,swimming-pool,dense_1024,1,4,0,0,1,5,1.0,0.2,0.3333333333333333,24,3.2311985194683075,0.0007953625172376633
02492,swimming-pool,dense_both,1,8,0,0,1,9,1.0,0.1111111111111111,0.2,115,15.392595393583179,0.0016009509563446045
02504,airplane,prompt,0,1,4,2,4,3,0.0,0.0,0.0,10,1.100676292553544,0.0011607296764850616
02504,airplane,full,2,0,2,1,4,3,0.5,1.0,0.6666666666666666,10,1.3242740873247385,0.0006223060190677643
02504,airplane,scale_prior,2,1,2,2,4,5,0.5,0.6666666666666666,0.5714285714285714,10,1.2352239731699228,0.0010828878730535507
02504,airplane,matched,2,0,2,0,4,2,0.5,1.0,0.6666666666666666,10,1.2358291242271662,0.0004368200898170471
02504,airplane,dense_1024,4,0,0,1,4,5,1.0,1.0,1.0,24,3.186216190457344,0.0008926298469305038
02504,airplane,dense_both,4,1,0,2,4,7,1.0,0.8,0.8888888888888888,115,14.812113834545016,0.0018452983349561691
02504,large-vehicle,prompt,0,5,3,0,3,5,0.0,0.0,0.0,10,1.3135462887585163,0.0007571335881948471
02504,large-vehicle,full,3,34,0,0,3,37,1.0,0.08108108108108109,0.15,10,1.4284533243626356,0.004796100780367851
02504,large-vehicle,scale_prior,0,10,3,0,3,10,0.0,0.0,0.0,10,1.3379637468606234,0.0015104766935110092
02504,large-vehicle,matched,0,10,3,0,3,10,0.0,0.0,0.0,10,1.3379637468606234,0.0014696680009365082
02504,large-vehicle,dense_1024,3,43,0,0,3,46,1.0,0.06521739130434782,0.12244897959183673,24,3.186216190457344,0.007974479347467422
02504,large-vehicle,dense_both,3,50,0,0,3,53,1.0,0.05660377358490566,0.10714285714285714,115,14.812113834545016,0.013330759480595589
02504,small-vehicle,prompt,17,1,179,0,196,18,0.08673469387755102,0.9444444444444444,0.1588785046728972,10,1.2184167094528675,0.0047459956258535385
02504,small-vehicle,full,17,2,179,0,196,19,0.08673469387755102,0.8947368421052632,0.15813953488372093,10,1.3341715391725302,0.005053935572504997
02504,small-vehicle,scale_prior,16,2,180,0,196,18,0.08163265306122448,0.8888888888888888,0.14953271028037382,10,1.4516146630048752,0.004600169137120247
02504,small-vehicle,matched,17,2,179,0,196,19,0.08673469387755102,0.8947368421052632,0.15813953488372093,10,1.3302440252155066,0.004962887614965439
02504,small-vehicle,dense_1024,192,36,4,0,196,228,0.9795918367346939,0.8421052631578947,0.9056603773584906,24,3.186216190457344,0.04782124608755112
02504,small-vehicle,dense_both,195,51,1,0,196,246,0.9948979591836735,0.7926829268292683,0.8823529411764706,115,14.812113834545016,0.07411854341626167
02505,large-vehicle,prompt,31,135,8,0,39,166,0.7948717948717948,0.18674698795180722,0.3024390243902439,10,1.3928836174309254,0.02450035698711872
02505,large-vehicle,full,31,168,8,0,39,199,0.7948717948717948,0.15577889447236182,0.2605042016806723,10,1.2995183356106281,0.03064274974167347
02505,large-vehicle,scale_prior,31,163,8,0,39,194,0.7948717948717948,0.15979381443298968,0.26609442060085836,10,1.195266555994749,0.03282860852777958
02505,large-vehicle,matched,31,163,8,0,39,194,0.7948717948717948,0.15979381443298968,0.26609442060085836,10,1.195266555994749,0.03274105675518513
02505,large-vehicle,dense_1024,32,193,7,0,39,225,0.8205128205128205,0.14222222222222222,0.24242424242424243,24,2.9312878642231226,0.03980443626642227
02505,large-vehicle,dense_both,36,233,3,0,39,269,0.9230769230769231,0.13382899628252787,0.23376623376623376,115,14.412686744704843,0.05767541192471981
02505,small-vehicle,prompt,92,43,291,0,383,135,0.2402088772845953,0.6814814814814815,0.3552123552123552,10,1.2158284410834312,0.021584907546639442
02505,small-vehicle,full,203,105,180,0,383,308,0.5300261096605744,0.6590909090909091,0.5875542691751086,10,1.4135454557836056,0.057165514677762985
02505,small-vehicle,scale_prior,269,135,114,0,383,404,0.7023498694516971,0.6658415841584159,0.6836086404066074,10,1.4094156380742788,0.06943378783762455
02505,small-vehicle,matched,269,135,114,0,383,404,0.7023498694516971,0.6658415841584159,0.6836086404066074,10,1.4094156380742788,0.06938638724386692
02505,small-vehicle,dense_1024,370,196,13,0,383,566,0.9660574412532638,0.6537102473498233,0.779768177028451,24,2.9312878642231226,0.12071788497269154
02505,small-vehicle,dense_both,374,270,9,0,383,644,0.9765013054830287,0.5807453416149069,0.7283349561830574,115,14.412686744704843,0.17658784799277782
02505,swimming-pool,prompt,1,2,1,0,2,3,0.5,0.3333333333333333,0.4,10,1.63044598326087,0.0005358215421438217
02505,swimming-pool,full,1,2,1,0,2,3,0.5,0.3333333333333333,0.4,10,1.0190568175166845,0.0006826985627412796
02505,swimming-pool,scale_prior,1,1,1,0,2,2,0.5,0.5,0.5,10,1.2254262380301952,0.0005623959004878998
02505,swimming-pool,matched,1,1,1,0,2,2,0.5,0.5,0.5,10,1.2254262380301952,0.0005651563405990601
02505,swimming-pool,dense_1024,2,2,0,0,2,4,1.0,0.5,0.6666666666666666,24,2.9312878642231226,0.000937705859541893
02505,swimming-pool,dense_both,2,2,0,0,2,4,1.0,0.5,0.6666666666666666,115,14.412686744704843,0.0011309031397104263
02511,small-vehicle,prompt,0,32,107,2,107,34,0.0,0.0,0.0,10,1.2383083198219538,0.004520818591117859
02511,small-vehicle,full,49,43,58,28,107,120,0.45794392523364486,0.532608695652174,0.49246231155778897,10,1.435863770544529,0.020771333947777748
02511,small-vehicle,scale_prior,49,44,58,27,107,120,0.45794392523364486,0.5268817204301075,0.49,10,1.4404679909348488,0.022362155839800835
02511,small-vehicle,matched,49,44,58,27,107,120,0.45794392523364486,0.5268817204301075,0.49,10,1.4404679909348488,0.022359216585755348
02511,small-vehicle,dense_1024,57,113,50,29,107,199,0.5327102803738317,0.3352941176470588,0.41155234657039713,24,3.20527988858521,0.040063442662358284
02511,small-vehicle,dense_both,71,166,36,35,107,272,0.6635514018691588,0.29957805907172996,0.4127906976744186,108,14.192404130473733,0.05825597047805786
02512,large-vehicle,prompt,0,108,9,6,9,114,0.0,0.0,0.0,10,1.3346960991621017,0.01390889286994934
02512,large-vehicle,full,1,86,8,23,9,110,0.1111111111111111,0.011494252873563218,0.020833333333333332,10,1.4404786694794893,0.014652671292424202
02512,large-vehicle,scale_prior,1,53,8,22,9,76,0.1111111111111111,0.018518518518518517,0.031746031746031744,10,1.2367862071841955,0.010929472744464874
02512,large-vehicle,matched,1,74,8,22,9,97,0.1111111111111111,0.013333333333333334,0.023809523809523808,10,1.239250535145402,0.012907950207591057
02512,large-vehicle,dense_1024,3,70,6,30,9,103,0.3333333333333333,0.0410958904109589,0.07317073170731707,24,3.0694106966257095,0.01618589460849762
02512,large-vehicle,dense_both,4,230,5,70,9,304,0.4444444444444444,0.017094017094017096,0.03292181069958848,108,13.83262294717133,0.05154240131378174
02512,small-vehicle,prompt,9,24,66,53,75,86,0.12,0.2727272727272727,0.16666666666666666,10,1.3369454257190228,0.013869980350136757
02512,small-vehicle,full,4,16,71,56,75,76,0.05333333333333334,0.2,0.08421052631578947,10,1.3389448467642069,0.014304855838418007
02512,small-vehicle,scale_prior,3,20,72,38,75,61,0.04,0.13043478260869565,0.061224489795918366,10,1.3365562856197357,0.010640451684594154
02512,small-vehicle,matched,3,20,72,38,75,61,0.04,0.13043478260869565,0.061224489795918366,10,1.3365562856197357,0.010596493259072304
02512,small-vehicle,dense_1024,12,41,63,74,75,127,0.16,0.22641509433962265,0.1875,24,3.0694106966257095,0.024042241275310516
02512,small-vehicle,dense_both,67,126,8,246,75,439,0.8933333333333333,0.3471502590673575,0.5,108,13.83262294717133,0.09284438751637936
02512,storage-tank,prompt,11,19,1,2,12,32,0.9166666666666666,0.36666666666666664,0.5238095238095238,10,1.1179664824157953,0.005744101479649544
02512,storage-tank,full,12,21,0,2,12,35,1.0,0.36363636363636365,0.5333333333333333,10,1.115991324186325,0.0072881560772657394
02512,storage-tank,scale_prior,12,21,0,2,12,35,1.0,0.36363636363636365,0.5333333333333333,10,1.2131741754710674,0.007172390818595886
02512,storage-tank,matched,12,21,0,2,12,35,1.0,0.36363636363636365,0.5333333333333333,10,1.211723443120718,0.0077277421951293945
02512,storage-tank,dense_1024,12,21,0,2,12,35,1.0,0.36363636363636365,0.5333333333333333,24,3.0694106966257095,0.006904294714331627
02512,storage-tank,dense_both,12,23,0,2,12,37,1.0,0.34285714285714286,0.5106382978723404,108,13.83262294717133,0.007808426395058632
02513,large-vehicle,prompt,0,52,3,0,3,52,0.0,0.0,0.0,10,1.2849411629140377,0.009470896795392036
02513,large-vehicle,full,1,62,2,0,3,63,0.3333333333333333,0.015873015873015872,0.030303030303030304,10,1.283248532563448,0.019869066774845123
02513,large-vehicle,scale_prior,1,61,2,0,3,62,0.3333333333333333,0.016129032258064516,0.03076923076923077,10,1.2815639972686768,0.0195013415068388
02513,large-vehicle,matched,1,61,2,0,3,62,0.3333333333333333,0.016129032258064516,0.03076923076923077,10,1.2815639972686768,0.019518161192536354
02513,large-vehicle,dense_1024,1,58,2,0,3,59,0.3333333333333333,0.01694915254237288,0.03225806451612903,9,1.0884457863867283,0.01700207032263279
02513,large-vehicle,dense_both,1,62,2,0,3,63,0.3333333333333333,0.015873015873015872,0.030303030303030304,34,4.0505093187093735,0.024625971913337708
02513,small-vehicle,prompt,0,5,4,0,4,5,0.0,0.0,0.0,10,1.0765679702162743,0.0007265079766511917
02513,small-vehicle,full,4,11,0,0,4,15,1.0,0.26666666666666666,0.42105263157894735,10,1.2826358377933502,0.0026525333523750305
02513,small-vehicle,scale_prior,4,11,0,0,4,15,1.0,0.26666666666666666,0.42105263157894735,10,1.1826841421425343,0.002615043893456459
02513,small-vehicle,matched,4,11,0,0,4,15,1.0,0.26666666666666666,0.42105263157894735,10,1.1826841421425343,0.002606727182865143
02513,small-vehicle,dense_1024,4,16,0,0,4,20,1.0,0.2,0.3333333333333333,9,1.0884457863867283,0.0032390765845775604
02513,small-vehicle,dense_both,4,23,0,0,4,27,1.0,0.14814814814814814,0.25806451612903225,34,4.0505093187093735,0.004792073741555214
